date,open,high,low,close,volume,amount
2026-07-01 09:35:00+08:00,4.364,4.371,4.342,4.365,820823.04,357797248.0
2026-07-01 09:40:00+08:00,4.363,4.367,4.337,4.34,581900.0,253378848.0
2026-07-01 09:45:00+08:00,4.338,4.365,4.322,4.363,440640.0,191491360.0
2026-07-01 09:50:00+08:00,4.363,4.375,4.353,4.361,345431.0,150814960.0
2026-07-01 09:55:00+08:00,4.362,4.372,4.346,4.356,313957.0,136850704.0
2026-07-01 10:00:00+08:00,4.356,4.356,4.327,4.335,395496.0,171760464.0
2026-07-01 10:05:00+08:00,4.334,4.361,4.332,4.344,357735.0,155504864.0
2026-07-01 10:10:00+08:00,4.344,4.344,4.321,4.329,396393.0,171686048.0
2026-07-01 10:15:00+08:00,4.327,4.342,4.311,4.313,311747.0,134937600.0
2026-07-01 10:20:00+08:00,4.314,4.345,4.312,4.345,370022.0,160053952.0
2026-07-01 10:25:00+08:00,4.345,4.356,4.337,4.354,208741.0,90722248.0
2026-07-01 10:30:00+08:00,4.353,4.353,4.332,4.35,186112.0,80816280.0
2026-07-01 10:35:00+08:00,4.352,4.355,4.34,4.34,269394.0,117097672.0
2026-07-01 10:40:00+08:00,4.343,4.345,4.328,4.341,398824.0,173016768.0
2026-07-01 10:45:00+08:00,4.339,4.344,4.325,4.344,253891.0,110016920.0
2026-07-01 10:50:00+08:00,4.345,4.361,4.333,4.361,222850.0,96882072.0
2026-07-01 10:55:00+08:00,4.364,4.377,4.357,4.363,198132.0,86577792.0
2026-07-01 11:00:00+08:00,4.363,4.378,4.36,4.361,125452.0,54857492.0
2026-07-01 11:05:00+08:00,4.36,4.373,4.352,4.354,178458.0,77818880.0
2026-07-01 11:10:00+08:00,4.353,4.362,4.348,4.36,207564.0,90444040.0
2026-07-01 11:15:00+08:00,4.358,4.358,4.346,4.354,161048.0,70083040.0
2026-07-01 11:20:00+08:00,4.354,4.359,4.343,4.344,130390.0,56751840.0
2026-07-01 11:25:00+08:00,4.342,4.342,4.327,4.34,192612.0,83461184.0
2026-07-01 11:30:00+08:00,4.339,4.344,4.336,4.339,141330.0,61330204.0
2026-07-01 13:05:00+08:00,4.34,4.343,4.325,4.325,224362.0,97245360.0
2026-07-01 13:10:00+08:00,4.324,4.332,4.314,4.314,232809.0,100642568.0
2026-07-01 13:15:00+08:00,4.314,4.322,4.308,4.308,261918.0,113041936.0
2026-07-01 13:20:00+08:00,4.308,4.332,4.304,4.331,285393.0,123127464.0
2026-07-01 13:25:00+08:00,4.331,4.341,4.329,4.332,222778.0,96569704.0
2026-07-01 13:30:00+08:00,4.33,4.33,4.312,4.313,119074.0,51430992.0
2026-07-01 13:35:00+08:00,4.312,4.325,4.31,4.314,203852.0,87978120.0
2026-07-01 13:40:00+08:00,4.313,4.319,4.305,4.306,287380.0,123882656.0
2026-07-01 13:45:00+08:00,4.306,4.306,4.284,4.285,218339.0,93810248.0
2026-07-01 13:50:00+08:00,4.286,4.295,4.28,4.281,249998.0,107187568.0
2026-07-01 13:55:00+08:00,4.279,4.28,4.262,4.264,297920.0,127182016.0
2026-07-01 14:00:00+08:00,4.265,4.284,4.262,4.282,406122.0,173576432.0
2026-07-01 14:05:00+08:00,4.279,4.294,4.275,4.292,274095.0,117383464.0
2026-07-01 14:10:00+08:00,4.291,4.298,4.283,4.283,115536.0,49589904.0
2026-07-01 14:15:00+08:00,4.281,4.29,4.277,4.278,118811.0,50887004.0
2026-07-01 14:20:00+08:00,4.277,4.278,4.26,4.262,155894.0,66550528.0
2026-07-01 14:25:00+08:00,4.262,4.278,4.259,4.261,192958.0,82361720.0
2026-07-01 14:30:00+08:00,4.26,4.263,4.252,4.26,195299.0,83153928.0
2026-07-01 14:35:00+08:00,4.261,4.268,4.248,4.248,226719.0,96512432.0
2026-07-01 14:40:00+08:00,4.247,4.249,4.234,4.241,332728.0,141138544.0
2026-07-01 14:45:00+08:00,4.241,4.262,4.241,4.262,169080.0,71918144.0
2026-07-01 14:50:00+08:00,4.26,4.268,4.259,4.266,252885.0,107807968.0
2026-07-01 14:55:00+08:00,4.266,4.283,4.264,4.282,284368.0,121401968.0
2026-07-01 15:00:00+08:00,4.282,4.282,4.272,4.274,154890.0,66232820.0
2026-07-02 09:35:00+08:00,4.207,4.207,4.101,4.118,2337363.04,966188288.0
2026-07-02 09:40:00+08:00,4.119,4.138,4.113,4.136,1125919.04,464561216.0
2026-07-02 09:45:00+08:00,4.137,4.141,4.103,4.103,1008378.0,415290528.0
2026-07-02 09:50:00+08:00,4.102,4.133,4.088,4.116,705783.04,289901920.0
2026-07-02 09:55:00+08:00,4.119,4.15,4.119,4.15,608975.0,251647088.0
2026-07-02 10:00:00+08:00,4.149,4.157,4.133,4.138,391789.0,162417472.0
2026-07-02 10:05:00+08:00,4.138,4.17,4.138,4.168,376079.0,156236608.0
2026-07-02 10:10:00+08:00,4.168,4.172,4.15,4.168,365186.0,152022256.0
2026-07-02 10:15:00+08:00,4.169,4.17,4.15,4.164,306139.0,127364776.0
2026-07-02 10:20:00+08:00,4.165,4.167,4.141,4.148,254113.0,105551424.0
2026-07-02 10:25:00+08:00,4.145,4.16,4.142,4.157,235390.0,97718584.0
2026-07-02 10:30:00+08:00,4.156,4.163,4.15,4.156,307044.0,127641080.0
2026-07-02 10:35:00+08:00,4.156,4.172,4.154,4.172,204201.0,84982848.0
2026-07-02 10:40:00+08:00,4.173,4.185,4.17,4.181,178388.0,74524232.0
2026-07-02 10:45:00+08:00,4.182,4.182,4.169,4.171,132704.0,55408312.0
2026-07-02 10:50:00+08:00,4.169,4.176,4.165,4.165,206531.0,86108856.0
2026-07-02 10:55:00+08:00,4.165,4.166,4.144,4.149,200790.0,83432656.0
2026-07-02 11:00:00+08:00,4.147,4.15,4.134,4.134,126915.0,52578720.0
2026-07-02 11:05:00+08:00,4.133,4.138,4.125,4.132,207263.0,85636760.0
2026-07-02 11:10:00+08:00,4.13,4.145,4.125,4.143,169793.0,70156152.0
2026-07-02 11:15:00+08:00,4.144,4.157,4.136,4.157,123966.0,51419728.0
2026-07-02 11:20:00+08:00,4.155,4.166,4.145,4.145,127724.0,53099556.0
2026-07-02 11:25:00+08:00,4.148,4.149,4.131,4.136,141124.0,58409360.0
2026-07-02 11:30:00+08:00,4.133,4.135,4.125,4.129,143105.0,59090336.0
2026-07-02 13:05:00+08:00,4.135,4.135,4.118,4.131,234600.0,96810248.0
2026-07-02 13:10:00+08:00,4.133,4.135,4.12,4.121,240674.0,99351624.0
2026-07-02 13:15:00+08:00,4.121,4.122,4.111,4.115,367961.0,151432944.0
2026-07-02 13:20:00+08:00,4.115,4.115,4.093,4.095,292610.0,120083712.0
2026-07-02 13:25:00+08:00,4.095,4.1,4.087,4.09,503420.0,205997408.0
2026-07-02 13:30:00+08:00,4.09,4.098,4.081,4.083,469501.0,191944544.0
2026-07-02 13:35:00+08:00,4.083,4.084,4.069,4.07,361079.0,147273280.0
2026-07-02 13:40:00+08:00,4.071,4.074,4.063,4.072,304930.0,124084144.0
2026-07-02 13:45:00+08:00,4.072,4.075,4.061,4.062,442521.0,179993168.0
2026-07-02 13:50:00+08:00,4.062,4.066,4.048,4.057,552556.0,224159312.0
2026-07-02 13:55:00+08:00,4.058,4.066,4.053,4.065,458358.0,186095760.0
2026-07-02 14:00:00+08:00,4.065,4.078,4.059,4.062,393133.0,159947648.0
2026-07-02 14:05:00+08:00,4.062,4.07,4.052,4.054,347730.0,141345632.0
2026-07-02 14:10:00+08:00,4.052,4.081,4.051,4.081,290385.0,118018232.0
2026-07-02 14:15:00+08:00,4.079,4.089,4.07,4.072,253320.0,103328448.0
2026-07-02 14:20:00+08:00,4.072,4.073,4.058,4.058,141474.0,57520304.0
2026-07-02 14:25:00+08:00,4.058,4.063,4.054,4.054,280892.0,113974104.0
2026-07-02 14:30:00+08:00,4.054,4.059,4.045,4.048,292987.0,118694976.0
2026-07-02 14:35:00+08:00,4.049,4.059,4.043,4.044,341621.0,138420336.0
2026-07-02 14:40:00+08:00,4.045,4.052,4.039,4.04,255542.0,103373360.0
2026-07-02 14:45:00+08:00,4.039,4.039,4.026,4.033,363970.0,146794608.0
2026-07-02 14:50:00+08:00,4.032,4.034,4.024,4.024,575572.0,231864416.0
2026-07-02 14:55:00+08:00,4.024,4.028,4.016,4.028,675370.0,271528832.0
2026-07-02 15:00:00+08:00,4.028,4.036,4.028,4.036,339984.0,137099056.0
2026-07-03 09:35:00+08:00,4.002,4.049,4.0,4.011,1344847.04,541070336.0
2026-07-03 09:40:00+08:00,4.018,4.064,4.016,4.061,669349.0,270541440.0
2026-07-03 09:45:00+08:00,4.061,4.072,4.05,4.052,714088.96,289996704.0
2026-07-03 09:50:00+08:00,4.05,4.056,4.026,4.027,605130.0,244755584.0
2026-07-03 09:55:00+08:00,4.027,4.041,4.015,4.041,537846.0,216679616.0
2026-07-03 10:00:00+08:00,4.041,4.05,4.029,4.05,337256.0,136343248.0
2026-07-03 10:05:00+08:00,4.051,4.069,4.046,4.059,483180.0,196076096.0
2026-07-03 10:10:00+08:00,4.058,4.083,4.058,4.077,454839.0,185220832.0
2026-07-03 10:15:00+08:00,4.077,4.077,4.05,4.05,432631.0,175820288.0
2026-07-03 10:20:00+08:00,4.05,4.073,4.048,4.054,370737.0,150580576.0
2026-07-03 10:25:00+08:00,4.053,4.066,4.042,4.06,193789.0,78583712.0
2026-07-03 10:30:00+08:00,4.061,4.07,4.061,4.067,198664.0,80794352.0
2026-07-03 10:35:00+08:00,4.067,4.084,4.064,4.082,310961.0,126623536.0
2026-07-03 10:40:00+08:00,4.082,4.087,4.074,4.083,193253.0,78880016.0
2026-07-03 10:45:00+08:00,4.083,4.093,4.077,4.092,258617.0,105689840.0
2026-07-03 10:50:00+08:00,4.092,4.114,4.092,4.113,388100.0,159269728.0
2026-07-03 10:55:00+08:00,4.113,4.128,4.103,4.115,446423.0,183699056.0
2026-07-03 11:00:00+08:00,4.116,4.122,4.111,4.114,189535.0,78027480.0
2026-07-03 11:05:00+08:00,4.117,4.122,4.107,4.113,248501.0,102284272.0
2026-07-03 11:10:00+08:00,4.112,4.118,4.106,4.111,252961.0,104044336.0
2026-07-03 11:15:00+08:00,4.111,4.111,4.092,4.103,266546.0,109286592.0
2026-07-03 11:20:00+08:00,4.102,4.109,4.094,4.095,200805.0,82386064.0
2026-07-03 11:25:00+08:00,4.093,4.093,4.081,4.081,231796.0,94767448.0
2026-07-03 11:30:00+08:00,4.081,4.096,4.081,4.093,153815.0,62888660.0
2026-07-03 13:05:00+08:00,4.101,4.13,4.101,4.126,431842.0,177956400.0
2026-07-03 13:10:00+08:00,4.124,4.127,4.11,4.11,201493.0,83048920.0
2026-07-03 13:15:00+08:00,4.11,4.115,4.096,4.098,187146.0,76831984.0
2026-07-03 13:20:00+08:00,4.098,4.11,4.091,4.093,179881.0,73763776.0
2026-07-03 13:25:00+08:00,4.092,4.092,4.076,4.082,222064.0,90683328.0
2026-07-03 13:30:00+08:00,4.082,4.088,4.074,4.079,158035.0,64492880.0
2026-07-03 13:35:00+08:00,4.079,4.097,4.077,4.094,217140.0,88764608.0
2026-07-03 13:40:00+08:00,4.094,4.097,4.084,4.085,107407.0,43927464.0
2026-07-03 13:45:00+08:00,4.085,4.098,4.085,4.095,110861.0,45361620.0
2026-07-03 13:50:00+08:00,4.095,4.096,4.078,4.084,255737.0,104484176.0
2026-07-03 13:55:00+08:00,4.084,4.095,4.082,4.09,157132.0,64268220.0
2026-07-03 14:00:00+08:00,4.09,4.094,4.087,4.089,90933.0,37192300.0
2026-07-03 14:05:00+08:00,4.088,4.092,4.083,4.089,68805.0,28127274.0
2026-07-03 14:10:00+08:00,4.09,4.098,4.082,4.085,82722.0,33838688.0
2026-07-03 14:15:00+08:00,4.082,4.083,4.067,4.067,169619.0,69092160.0
2026-07-03 14:20:00+08:00,4.067,4.076,4.066,4.071,103425.0,42096316.0
2026-07-03 14:25:00+08:00,4.074,4.074,4.057,4.059,228043.0,92679968.0
2026-07-03 14:30:00+08:00,4.059,4.06,4.051,4.055,168732.0,68416560.0
2026-07-03 14:35:00+08:00,4.054,4.06,4.033,4.033,232551.0,94072544.0
2026-07-03 14:40:00+08:00,4.032,4.05,4.032,4.05,209168.0,84537048.0
2026-07-03 14:45:00+08:00,4.049,4.051,4.045,4.051,147486.0,59695448.0
2026-07-03 14:50:00+08:00,4.05,4.057,4.042,4.042,175944.0,71255136.0
2026-07-03 14:55:00+08:00,4.043,4.045,4.035,4.037,203164.0,82053296.0
2026-07-03 15:00:00+08:00,4.037,4.038,4.036,4.037,159185.0,64264440.0
2026-07-06 09:35:00+08:00,4.051,4.068,4.014,4.015,1163736.96,470077632.0
2026-07-06 09:40:00+08:00,4.014,4.028,4.0,4.023,686524.96,275752800.0
2026-07-06 09:45:00+08:00,4.024,4.045,4.01,4.043,625758.0,251861776.0
2026-07-06 09:50:00+08:00,4.046,4.077,4.043,4.07,504173.0,204705296.0
2026-07-06 09:55:00+08:00,4.071,4.076,4.054,4.074,405827.0,164995840.0
2026-07-06 10:00:00+08:00,4.074,4.074,4.041,4.042,364277.0,147754336.0
2026-07-06 10:05:00+08:00,4.042,4.042,4.018,4.027,239002.0,96281168.0
2026-07-06 10:10:00+08:00,4.024,4.038,4.02,4.037,211745.0,85285744.0
2026-07-06 10:15:00+08:00,4.037,4.039,4.011,4.011,199458.0,80245496.0
2026-07-06 10:20:00+08:00,4.012,4.016,3.991,3.992,329016.0,131689184.0
2026-07-06 10:25:00+08:00,3.992,3.996,3.972,3.977,316244.0,126014376.0
2026-07-06 10:30:00+08:00,3.976,3.985,3.96,3.962,293698.0,116680912.0
2026-07-06 10:35:00+08:00,3.961,3.967,3.939,3.94,350379.0,138557744.0
2026-07-06 10:40:00+08:00,3.94,3.968,3.937,3.96,339619.0,134196544.0
2026-07-06 10:45:00+08:00,3.963,3.963,3.934,3.934,415914.0,164142320.0
2026-07-06 10:50:00+08:00,3.934,3.941,3.919,3.924,315600.0,124089680.0
2026-07-06 10:55:00+08:00,3.923,3.94,3.921,3.933,434963.0,170893152.0
2026-07-06 11:00:00+08:00,3.93,3.955,3.918,3.952,547847.0,215622656.0
2026-07-06 11:05:00+08:00,3.951,3.966,3.947,3.962,243003.0,96079928.0
2026-07-06 11:10:00+08:00,3.962,3.979,3.96,3.979,215145.0,85423336.0
2026-07-06 11:15:00+08:00,3.981,3.995,3.979,3.993,298307.0,118994224.0
2026-07-06 11:20:00+08:00,3.993,3.995,3.977,3.991,124126.0,49491320.0
2026-07-06 11:25:00+08:00,3.992,4.004,3.992,4.004,99113.0,39643372.0
2026-07-06 11:30:00+08:00,4.003,4.016,3.992,4.01,179843.0,71956672.0
2026-07-06 13:05:00+08:00,4.015,4.023,4.002,4.017,376058.0,150869232.0
2026-07-06 13:10:00+08:00,4.016,4.02,3.994,3.994,135360.0,54264772.0
2026-07-06 13:15:00+08:00,3.994,4.01,3.988,3.99,169401.0,67704992.0
2026-07-06 13:20:00+08:00,3.991,4.001,3.982,3.982,163993.0,65487768.0
2026-07-06 13:25:00+08:00,3.982,3.992,3.978,3.985,101519.0,40435996.0
2026-07-06 13:30:00+08:00,3.985,4.006,3.985,3.994,87088.0,34814840.0
2026-07-06 13:35:00+08:00,3.992,3.992,3.975,3.978,94199.0,37499960.0
2026-07-06 13:40:00+08:00,3.979,3.992,3.977,3.992,69801.0,27799222.0
2026-07-06 13:45:00+08:00,3.992,4.008,3.992,4.008,77726.0,31100932.0
2026-07-06 13:50:00+08:00,4.01,4.01,3.994,4.003,85697.0,34308888.0
2026-07-06 13:55:00+08:00,4.006,4.009,4.001,4.003,39864.0,15960040.0
2026-07-06 14:00:00+08:00,4.003,4.011,4.0,4.0,89482.0,35821888.0
2026-07-06 14:05:00+08:00,4.0,4.001,3.987,3.988,81555.0,32572886.0
2026-07-06 14:10:00+08:00,3.993,3.998,3.979,3.98,88996.0,35485864.0
2026-07-06 14:15:00+08:00,3.98,3.991,3.976,3.979,213611.0,85091480.0
2026-07-06 14:20:00+08:00,3.978,3.978,3.97,3.975,104090.0,41366960.0
2026-07-06 14:25:00+08:00,3.974,3.979,3.965,3.968,132824.0,52762192.0
2026-07-06 14:30:00+08:00,3.968,3.971,3.961,3.969,126001.0,49984540.0
2026-07-06 14:35:00+08:00,3.969,3.98,3.965,3.969,193950.0,77051688.0
2026-07-06 14:40:00+08:00,3.968,3.976,3.958,3.959,187058.0,74200120.0
2026-07-06 14:45:00+08:00,3.958,3.961,3.953,3.954,205579.0,81342168.0
2026-07-06 14:50:00+08:00,3.956,3.963,3.956,3.961,249604.0,98830408.0
2026-07-06 14:55:00+08:00,3.962,3.964,3.96,3.961,275578.0,109189888.0
2026-07-06 15:00:00+08:00,3.961,3.97,3.961,3.97,169783.0,67300144.0
2026-07-07 09:35:00+08:00,3.93,3.966,3.93,3.95,979982.0,386826304.0
2026-07-07 09:40:00+08:00,3.948,3.977,3.939,3.976,660274.0,261349712.0
2026-07-07 09:45:00+08:00,3.979,3.99,3.975,3.981,602248.0,239800176.0
2026-07-07 09:50:00+08:00,3.982,3.991,3.967,3.968,318351.0,126745776.0
2026-07-07 09:55:00+08:00,3.968,3.975,3.958,3.969,372388.0,147634224.0
2026-07-07 10:00:00+08:00,3.97,3.97,3.951,3.961,261455.0,103542120.0
2026-07-07 10:05:00+08:00,3.961,3.97,3.952,3.961,438807.0,173744320.0
2026-07-07 10:10:00+08:00,3.962,3.972,3.949,3.954,357737.0,141560560.0
2026-07-07 10:15:00+08:00,3.952,3.961,3.938,3.952,262436.0,103645048.0
2026-07-07 10:20:00+08:00,3.95,3.956,3.943,3.949,248986.0,98329056.0
2026-07-07 10:25:00+08:00,3.944,3.95,3.933,3.933,278448.0,109782248.0
2026-07-07 10:30:00+08:00,3.933,3.94,3.923,3.934,345810.0,135887456.0
2026-07-07 10:35:00+08:00,3.931,3.943,3.925,3.943,188202.0,74027568.0
2026-07-07 10:40:00+08:00,3.943,3.955,3.943,3.954,164336.0,64891240.0
2026-07-07 10:45:00+08:00,3.954,3.96,3.947,3.957,131967.0,52171304.0
2026-07-07 10:50:00+08:00,3.957,3.957,3.936,3.945,129381.0,51014136.0
2026-07-07 10:55:00+08:00,3.945,3.95,3.934,3.947,133519.0,52629696.0
2026-07-07 11:00:00+08:00,3.948,3.95,3.936,3.936,142407.0,56160900.0
2026-07-07 11:05:00+08:00,3.937,3.946,3.933,3.944,193519.0,76207816.0
2026-07-07 11:10:00+08:00,3.945,3.95,3.936,3.945,122562.0,48304880.0
2026-07-07 11:15:00+08:00,3.949,3.95,3.932,3.936,199526.0,78599120.0
2026-07-07 11:20:00+08:00,3.936,3.937,3.926,3.932,179674.0,70628832.0
2026-07-07 11:25:00+08:00,3.934,3.934,3.924,3.925,172159.0,67625472.0
2026-07-07 11:30:00+08:00,3.924,3.937,3.92,3.935,194436.0,76377928.0
2026-07-07 13:05:00+08:00,3.931,3.931,3.9,3.905,544729.0,213197920.0
2026-07-07 13:10:00+08:00,3.906,3.909,3.883,3.886,442417.0,172271056.0
2026-07-07 13:15:00+08:00,3.886,3.897,3.875,3.878,439581.0,170840992.0
2026-07-07 13:20:00+08:00,3.878,3.892,3.872,3.884,379032.0,147188944.0
2026-07-07 13:25:00+08:00,3.885,3.892,3.876,3.892,270013.0,104845128.0
2026-07-07 13:30:00+08:00,3.892,3.923,3.892,3.923,245895.0,96133632.0
2026-07-07 13:35:00+08:00,3.923,3.94,3.923,3.934,326351.0,128336944.0
2026-07-07 13:40:00+08:00,3.933,3.945,3.926,3.935,211181.0,83083064.0
2026-07-07 13:45:00+08:00,3.932,3.947,3.932,3.947,182549.0,71922304.0
2026-07-07 13:50:00+08:00,3.947,3.955,3.938,3.942,232280.0,91724504.0
2026-07-07 13:55:00+08:00,3.942,3.951,3.933,3.944,205310.0,80923240.0
2026-07-07 14:00:00+08:00,3.947,3.948,3.931,3.931,135888.0,53547280.0
2026-07-07 14:05:00+08:00,3.93,3.937,3.922,3.923,243045.0,95529320.0
2026-07-07 14:10:00+08:00,3.922,3.922,3.911,3.912,132564.0,51924984.0
2026-07-07 14:15:00+08:00,3.912,3.916,3.904,3.909,205337.0,80283888.0
2026-07-07 14:20:00+08:00,3.908,3.919,3.903,3.912,238351.0,93237920.0
2026-07-07 14:25:00+08:00,3.913,3.913,3.903,3.905,187367.0,73204112.0
2026-07-07 14:30:00+08:00,3.905,3.916,3.903,3.916,232440.0,90847984.0
2026-07-07 14:35:00+08:00,3.914,3.924,3.909,3.916,257666.0,100937112.0
2026-07-07 14:40:00+08:00,3.915,3.936,3.915,3.935,172881.0,67872960.0
2026-07-07 14:45:00+08:00,3.936,3.936,3.926,3.926,266621.0,104811416.0
2026-07-07 14:50:00+08:00,3.925,3.931,3.919,3.931,385702.0,151369696.0
2026-07-07 14:55:00+08:00,3.93,3.932,3.923,3.923,223397.0,87728704.0
2026-07-07 15:00:00+08:00,3.924,3.932,3.924,3.932,173397.0,68105488.0
2026-07-08 09:35:00+08:00,3.948,3.959,3.922,3.928,1037183.04,409167232.0
2026-07-08 09:40:00+08:00,3.929,3.929,3.908,3.915,731146.0,286658176.0
2026-07-08 09:45:00+08:00,3.915,3.922,3.892,3.899,801898.0,313126208.0
2026-07-08 09:50:00+08:00,3.899,3.927,3.891,3.905,672792.96,263025136.0
2026-07-08 09:55:00+08:00,3.905,3.907,3.874,3.898,940418.0,365594336.0
2026-07-08 10:00:00+08:00,3.897,3.899,3.862,3.873,674323.04,261226144.0
2026-07-08 10:05:00+08:00,3.873,3.873,3.843,3.844,861514.0,332020096.0
2026-07-08 10:10:00+08:00,3.843,3.876,3.842,3.876,458056.0,176823760.0
2026-07-08 10:15:00+08:00,3.874,3.875,3.854,3.864,417084.0,161132384.0
2026-07-08 10:20:00+08:00,3.865,3.903,3.865,3.903,471708.0,183261872.0
2026-07-08 10:25:00+08:00,3.904,3.909,3.891,3.892,310685.0,121169424.0
2026-07-08 10:30:00+08:00,3.892,3.925,3.886,3.925,247181.0,96531632.0
2026-07-08 10:35:00+08:00,3.925,3.937,3.917,3.933,393627.0,154623152.0
2026-07-08 10:40:00+08:00,3.934,3.938,3.928,3.938,288084.0,113351760.0
2026-07-08 10:45:00+08:00,3.938,3.942,3.929,3.939,225752.0,88859072.0
2026-07-08 10:50:00+08:00,3.939,3.942,3.918,3.921,238535.0,93795536.0
2026-07-08 10:55:00+08:00,3.921,3.933,3.913,3.919,186153.0,72987920.0
2026-07-08 11:00:00+08:00,3.918,3.921,3.907,3.911,243058.0,95132120.0
2026-07-08 11:05:00+08:00,3.911,3.925,3.91,3.919,155048.0,60732640.0
2026-07-08 11:10:00+08:00,3.922,3.934,3.91,3.934,196068.0,76880024.0
2026-07-08 11:15:00+08:00,3.933,3.953,3.933,3.95,308652.0,121827568.0
2026-07-08 11:20:00+08:00,3.951,3.955,3.943,3.954,180870.0,71433696.0
2026-07-08 11:25:00+08:00,3.953,3.968,3.952,3.968,362734.0,143627760.0
2026-07-08 11:30:00+08:00,3.968,3.98,3.961,3.962,407150.0,161760032.0
2026-07-08 13:05:00+08:00,3.937,3.941,3.904,3.936,675935.04,265552880.0
2026-07-08 13:10:00+08:00,3.938,3.948,3.927,3.933,308841.0,121605824.0
2026-07-08 13:15:00+08:00,3.933,3.936,3.924,3.932,196896.0,77416256.0
2026-07-08 13:20:00+08:00,3.931,3.933,3.922,3.929,223778.0,87929104.0
2026-07-08 13:25:00+08:00,3.931,3.932,3.921,3.925,172773.0,67851112.0
2026-07-08 13:30:00+08:00,3.926,3.926,3.913,3.914,154696.0,60605880.0
2026-07-08 13:35:00+08:00,3.916,3.916,3.9,3.909,256716.0,100277536.0
2026-07-08 13:40:00+08:00,3.91,3.913,3.901,3.907,265737.0,103810368.0
2026-07-08 13:45:00+08:00,3.907,3.907,3.897,3.899,257035.0,100310328.0
2026-07-08 13:50:00+08:00,3.901,3.904,3.89,3.892,115543.0,45011216.0
2026-07-08 13:55:00+08:00,3.893,3.916,3.893,3.915,216105.0,84447136.0
2026-07-08 14:00:00+08:00,3.915,3.922,3.911,3.915,241427.0,94576944.0
2026-07-08 14:05:00+08:00,3.915,3.915,3.903,3.907,177011.0,69216888.0
2026-07-08 14:10:00+08:00,3.908,3.912,3.9,3.9,93718.0,36611488.0
2026-07-08 14:15:00+08:00,3.901,3.901,3.89,3.896,193128.0,75202544.0
2026-07-08 14:20:00+08:00,3.896,3.904,3.893,3.904,212652.0,82881672.0
2026-07-08 14:25:00+08:00,3.903,3.906,3.896,3.9,183303.0,71500648.0
2026-07-08 14:30:00+08:00,3.899,3.9,3.886,3.892,188154.0,73221544.0
2026-07-08 14:35:00+08:00,3.894,3.898,3.882,3.886,203751.0,79248712.0
2026-07-08 14:40:00+08:00,3.885,3.894,3.884,3.884,169200.0,65799368.0
2026-07-08 14:45:00+08:00,3.882,3.883,3.874,3.879,164167.0,63667980.0
2026-07-08 14:50:00+08:00,3.879,3.882,3.866,3.869,327536.0,126872224.0
2026-07-08 14:55:00+08:00,3.87,3.874,3.865,3.865,454164.0,175782192.0
2026-07-08 15:00:00+08:00,3.865,3.867,3.861,3.867,232292.0,89771600.0
2026-07-09 09:35:00+08:00,3.904,3.922,3.893,3.905,1240330.0,485176256.0
2026-07-09 09:40:00+08:00,3.906,3.933,3.902,3.927,766568.0,300552704.0
2026-07-09 09:45:00+08:00,3.927,3.93,3.91,3.912,406575.0,159409264.0
2026-07-09 09:50:00+08:00,3.912,3.913,3.883,3.885,600733.0,234434528.0
2026-07-09 09:55:00+08:00,3.884,3.902,3.878,3.895,676896.0,263328320.0
2026-07-09 10:00:00+08:00,3.893,3.893,3.872,3.874,594260.0,230492896.0
2026-07-09 10:05:00+08:00,3.874,3.882,3.862,3.875,647303.0,250680784.0
2026-07-09 10:10:00+08:00,3.874,3.89,3.866,3.886,445545.0,172702112.0
2026-07-09 10:15:00+08:00,3.888,3.897,3.884,3.889,357835.0,139231616.0
2026-07-09 10:20:00+08:00,3.885,3.895,3.882,3.894,336080.0,130627952.0
2026-07-09 10:25:00+08:00,3.893,3.901,3.88,3.885,289181.0,112501936.0
2026-07-09 10:30:00+08:00,3.884,3.89,3.871,3.875,126663.0,49134772.0
2026-07-09 10:35:00+08:00,3.874,3.878,3.865,3.866,259876.0,100598272.0
2026-07-09 10:40:00+08:00,3.867,3.867,3.853,3.862,455777.0,175895632.0
2026-07-09 10:45:00+08:00,3.86,3.872,3.855,3.862,357518.0,138096656.0
2026-07-09 10:50:00+08:00,3.861,3.861,3.845,3.845,432233.0,166503104.0
2026-07-09 10:55:00+08:00,3.845,3.858,3.84,3.858,385798.0,148419584.0
2026-07-09 11:00:00+08:00,3.858,3.859,3.847,3.848,260435.0,100314944.0
2026-07-09 11:05:00+08:00,3.849,3.856,3.841,3.848,354817.0,136555664.0
2026-07-09 11:10:00+08:00,3.847,3.859,3.835,3.859,412348.0,158546144.0
2026-07-09 11:15:00+08:00,3.859,3.86,3.834,3.84,349473.0,134333088.0
2026-07-09 11:20:00+08:00,3.839,3.845,3.831,3.835,275694.0,105768784.0
2026-07-09 11:25:00+08:00,3.836,3.861,3.833,3.86,271186.0,104331272.0
2026-07-09 11:30:00+08:00,3.86,3.876,3.86,3.866,186470.0,72109216.0
2026-07-09 13:05:00+08:00,3.868,3.889,3.868,3.881,379089.0,147095472.0
2026-07-09 13:10:00+08:00,3.882,3.909,3.878,3.909,365573.0,142503648.0
2026-07-09 13:15:00+08:00,3.908,3.922,3.908,3.918,537561.0,210510016.0
2026-07-09 13:20:00+08:00,3.918,3.919,3.902,3.906,409309.0,160137088.0
2026-07-09 13:25:00+08:00,3.907,3.912,3.902,3.912,314021.0,122718776.0
2026-07-09 13:30:00+08:00,3.912,3.933,3.91,3.926,539982.0,211952160.0
2026-07-09 13:35:00+08:00,3.926,3.926,3.908,3.92,246379.0,96597144.0
2026-07-09 13:40:00+08:00,3.924,3.944,3.922,3.943,399826.0,157204640.0
2026-07-09 13:45:00+08:00,3.943,3.962,3.943,3.961,522731.0,206637264.0
2026-07-09 13:50:00+08:00,3.962,3.98,3.962,3.979,385013.0,152943072.0
2026-07-09 13:55:00+08:00,3.979,3.996,3.979,3.988,500105.0,199497168.0
2026-07-09 14:00:00+08:00,3.989,4.008,3.987,4.007,606056.0,242200752.0
2026-07-09 14:05:00+08:00,4.008,4.012,3.995,4.004,405879.0,162479520.0
2026-07-09 14:10:00+08:00,4.005,4.018,4.0,4.016,453352.0,181689920.0
2026-07-09 14:15:00+08:00,4.016,4.024,4.013,4.024,230347.0,92585872.0
2026-07-09 14:20:00+08:00,4.025,4.029,4.001,4.001,309539.0,124317720.0
2026-07-09 14:25:00+08:00,4.004,4.013,4.0,4.01,301795.0,120907712.0
2026-07-09 14:30:00+08:00,4.011,4.021,4.01,4.021,178807.0,71758608.0
2026-07-09 14:35:00+08:00,4.022,4.025,4.017,4.025,171778.0,69062304.0
2026-07-09 14:40:00+08:00,4.023,4.03,4.022,4.029,200591.0,80769848.0
2026-07-09 14:45:00+08:00,4.029,4.046,4.027,4.046,301436.0,121625648.0
2026-07-09 14:50:00+08:00,4.043,4.048,4.042,4.042,428422.0,173260944.0
2026-07-09 14:55:00+08:00,4.041,4.041,4.03,4.037,568179.0,229181872.0
2026-07-09 15:00:00+08:00,4.038,4.04,4.036,4.04,246681.0,99606344.0
2026-07-10 09:35:00+08:00,4.046,4.064,4.041,4.045,1567177.92,634815808.0
2026-07-10 09:40:00+08:00,4.043,4.062,4.03,4.06,965487.04,390772704.0
2026-07-10 09:45:00+08:00,4.062,4.088,4.052,4.063,1061511.04,431575296.0
2026-07-10 09:50:00+08:00,4.063,4.069,4.043,4.061,724706.0,294076864.0
2026-07-10 09:55:00+08:00,4.062,4.077,4.06,4.071,471216.0,191847216.0
2026-07-10 10:00:00+08:00,4.071,4.071,4.034,4.035,720135.04,292055936.0
2026-07-10 10:05:00+08:00,4.038,4.047,4.02,4.022,775028.0,312606272.0
2026-07-10 10:10:00+08:00,4.022,4.042,4.022,4.036,429756.0,173268672.0
2026-07-10 10:15:00+08:00,4.036,4.038,4.016,4.031,374788.0,150823696.0
2026-07-10 10:20:00+08:00,4.032,4.043,4.03,4.04,433569.0,175046176.0
2026-07-10 10:25:00+08:00,4.04,4.04,4.026,4.03,275589.0,111106096.0
2026-07-10 10:30:00+08:00,4.029,4.046,4.025,4.033,297840.0,120169856.0
2026-07-10 10:35:00+08:00,4.032,4.038,4.002,4.012,447610.0,179975840.0
2026-07-10 10:40:00+08:00,4.013,4.015,3.999,4.013,479296.0,191980464.0
2026-07-10 10:45:00+08:00,4.012,4.017,4.006,4.008,327998.0,131628984.0
2026-07-10 10:50:00+08:00,4.009,4.009,3.995,4.006,432228.0,172860656.0
2026-07-10 10:55:00+08:00,4.005,4.016,4.004,4.008,285718.0,114541848.0
2026-07-10 11:00:00+08:00,4.009,4.026,4.0,4.023,230904.0,92757288.0
2026-07-10 11:05:00+08:00,4.023,4.023,4.004,4.005,119211.0,47815708.0
2026-07-10 11:10:00+08:00,4.007,4.015,4.001,4.014,164437.0,65906208.0
2026-07-10 11:15:00+08:00,4.014,4.021,4.006,4.007,205725.0,82577792.0
2026-07-10 11:20:00+08:00,4.009,4.019,4.008,4.011,115903.0,46498944.0
2026-07-10 11:25:00+08:00,4.009,4.014,4.001,4.002,161596.0,64768700.0
2026-07-10 11:30:00+08:00,4.001,4.008,3.993,4.006,210038.0,83976880.0
2026-07-10 13:05:00+08:00,4.009,4.012,3.986,3.987,393444.0,157238064.0
2026-07-10 13:10:00+08:00,3.987,3.999,3.982,3.997,224411.0,89547648.0
2026-07-10 13:15:00+08:00,3.998,4.011,3.997,4.003,160547.0,64329396.0
2026-07-10 13:20:00+08:00,4.002,4.011,3.999,4.009,105109.0,42110176.0
2026-07-10 13:25:00+08:00,4.01,4.012,4.0,4.004,183205.0,73391232.0
2026-07-10 13:30:00+08:00,4.003,4.006,3.998,4.003,113613.0,45470768.0
2026-07-10 13:35:00+08:00,4.003,4.005,3.987,3.988,139202.0,55636836.0
2026-07-10 13:40:00+08:00,3.988,3.991,3.974,3.974,347109.0,138160896.0
2026-07-10 13:45:00+08:00,3.972,3.979,3.961,3.963,494041.0,196112208.0
2026-07-10 13:50:00+08:00,3.962,3.965,3.949,3.956,451307.0,178557616.0
2026-07-10 13:55:00+08:00,3.957,3.968,3.954,3.962,341119.0,135134848.0
2026-07-10 14:00:00+08:00,3.961,3.961,3.937,3.937,317460.0,125388336.0
2026-07-10 14:05:00+08:00,3.936,3.939,3.927,3.939,518317.0,203898016.0
2026-07-10 14:10:00+08:00,3.939,3.939,3.91,3.914,432719.0,169676976.0
2026-07-10 14:15:00+08:00,3.914,3.927,3.909,3.916,408206.0,159896928.0
2026-07-10 14:20:00+08:00,3.917,3.935,3.916,3.935,318666.0,125050312.0
2026-07-10 14:25:00+08:00,3.934,3.934,3.913,3.918,177140.0,69463584.0
2026-07-10 14:30:00+08:00,3.918,3.918,3.901,3.901,344712.0,134796656.0
2026-07-10 14:35:00+08:00,3.901,3.905,3.888,3.898,337127.0,131371168.0
2026-07-10 14:40:00+08:00,3.899,3.899,3.885,3.889,301544.0,117337744.0
2026-07-10 14:45:00+08:00,3.888,3.888,3.875,3.877,355046.0,137757152.0
2026-07-10 14:50:00+08:00,3.877,3.892,3.87,3.87,506888.0,196725104.0
2026-07-10 14:55:00+08:00,3.871,3.874,3.862,3.864,463673.0,179423232.0
2026-07-10 15:00:00+08:00,3.863,3.865,3.86,3.862,336242.0,129860816.0
2026-07-13 09:35:00+08:00,3.81,3.876,3.81,3.871,1063779.04,409534624.0
2026-07-13 09:40:00+08:00,3.87,3.871,3.841,3.843,787695.04,303543104.0
2026-07-13 09:45:00+08:00,3.839,3.859,3.829,3.859,712362.0,273777888.0
2026-07-13 09:50:00+08:00,3.86,3.862,3.821,3.824,503953.0,193678304.0
2026-07-13 09:55:00+08:00,3.822,3.833,3.812,3.815,548497.0,209483776.0
2026-07-13 10:00:00+08:00,3.814,3.816,3.795,3.795,604956.0,230235712.0
2026-07-13 10:05:00+08:00,3.795,3.816,3.782,3.813,488970.0,185564880.0
2026-07-13 10:10:00+08:00,3.811,3.818,3.793,3.811,466136.0,177493600.0
2026-07-13 10:15:00+08:00,3.809,3.835,3.807,3.834,364805.0,139528272.0
2026-07-13 10:20:00+08:00,3.834,3.836,3.813,3.818,424780.0,162638944.0
2026-07-13 10:25:00+08:00,3.815,3.834,3.812,3.834,426747.0,163169520.0
2026-07-13 10:30:00+08:00,3.835,3.845,3.82,3.84,233499.0,89564528.0
2026-07-13 10:35:00+08:00,3.84,3.851,3.828,3.833,364037.0,139847680.0
2026-07-13 10:40:00+08:00,3.834,3.842,3.813,3.813,263635.0,100842768.0
2026-07-13 10:45:00+08:00,3.813,3.819,3.804,3.804,369108.0,140681840.0
2026-07-13 10:50:00+08:00,3.804,3.815,3.802,3.805,259560.0,98832480.0
2026-07-13 10:55:00+08:00,3.804,3.815,3.8,3.811,249236.0,94865040.0
2026-07-13 11:00:00+08:00,3.811,3.813,3.799,3.8,290692.0,110626512.0
2026-07-13 11:05:00+08:00,3.8,3.804,3.785,3.786,260262.0,98733680.0
2026-07-13 11:10:00+08:00,3.785,3.786,3.775,3.777,474595.0,179403360.0
2026-07-13 11:15:00+08:00,3.778,3.779,3.763,3.769,563921.0,212534880.0
2026-07-13 11:20:00+08:00,3.77,3.787,3.77,3.778,441660.0,166869888.0
2026-07-13 11:25:00+08:00,3.776,3.784,3.77,3.777,359668.0,135790144.0
2026-07-13 11:30:00+08:00,3.776,3.779,3.768,3.769,267631.0,100993824.0
2026-07-13 13:05:00+08:00,3.767,3.771,3.746,3.77,557710.0,209631184.0
2026-07-13 13:10:00+08:00,3.769,3.777,3.756,3.767,288661.0,108780216.0
2026-07-13 13:15:00+08:00,3.767,3.775,3.757,3.76,235194.0,88592520.0
2026-07-13 13:20:00+08:00,3.76,3.762,3.743,3.751,320613.0,120285072.0
2026-07-13 13:25:00+08:00,3.752,3.752,3.73,3.733,350898.0,131242352.0
2026-07-13 13:30:00+08:00,3.733,3.745,3.731,3.741,509944.0,190659408.0
2026-07-13 13:35:00+08:00,3.744,3.787,3.744,3.786,443416.0,166788752.0
2026-07-13 13:40:00+08:00,3.787,3.8,3.774,3.79,435215.0,164851744.0
2026-07-13 13:45:00+08:00,3.79,3.799,3.777,3.783,285857.0,108197936.0
2026-07-13 13:50:00+08:00,3.783,3.784,3.761,3.766,273182.0,102953008.0
2026-07-13 13:55:00+08:00,3.767,3.793,3.767,3.78,321773.0,121631904.0
2026-07-13 14:00:00+08:00,3.779,3.783,3.764,3.774,304849.0,115000976.0
2026-07-13 14:05:00+08:00,3.77,3.775,3.765,3.771,167012.0,62961784.0
2026-07-13 14:10:00+08:00,3.77,3.771,3.747,3.75,234532.0,88048760.0
2026-07-13 14:15:00+08:00,3.749,3.756,3.74,3.742,309513.0,115935640.0
2026-07-13 14:20:00+08:00,3.742,3.751,3.74,3.742,363915.0,136277120.0
2026-07-13 14:25:00+08:00,3.741,3.744,3.73,3.733,297442.0,111136944.0
2026-07-13 14:30:00+08:00,3.731,3.74,3.73,3.736,412984.0,154186064.0
2026-07-13 14:35:00+08:00,3.737,3.737,3.712,3.725,449022.0,167222128.0
2026-07-13 14:40:00+08:00,3.725,3.747,3.723,3.732,444392.0,165959760.0
2026-07-13 14:45:00+08:00,3.732,3.74,3.718,3.735,407306.0,151859296.0
2026-07-13 14:50:00+08:00,3.737,3.761,3.737,3.755,331829.0,124522800.0
2026-07-13 14:55:00+08:00,3.754,3.754,3.737,3.738,283352.0,105986264.0
2026-07-13 15:00:00+08:00,3.738,3.751,3.737,3.751,223560.0,83705032.0
2026-07-14 09:35:00+08:00,3.739,3.778,3.725,3.727,1195119.04,448850848.0
2026-07-14 09:40:00+08:00,3.729,3.762,3.727,3.727,1032819.04,386672576.0
2026-07-14 09:45:00+08:00,3.727,3.742,3.714,3.739,1061223.04,395513088.0
2026-07-14 09:50:00+08:00,3.74,3.742,3.719,3.738,918916.96,342530592.0
2026-07-14 09:55:00+08:00,3.739,3.782,3.735,3.777,774375.04,290904960.0
2026-07-14 10:00:00+08:00,3.777,3.78,3.76,3.765,637439.0,240309040.0
2026-07-14 10:05:00+08:00,3.764,3.778,3.759,3.777,411825.0,155191456.0
2026-07-14 10:10:00+08:00,3.777,3.778,3.764,3.764,342216.0,128999208.0
2026-07-14 10:15:00+08:00,3.762,3.785,3.759,3.783,486648.0,183586912.0
2026-07-14 10:20:00+08:00,3.784,3.805,3.777,3.803,633239.0,240090752.0
2026-07-14 10:25:00+08:00,3.804,3.816,3.791,3.794,644280.0,245089232.0
2026-07-14 10:30:00+08:00,3.794,3.794,3.773,3.786,364685.0,137995248.0
2026-07-14 10:35:00+08:00,3.785,3.8,3.775,3.775,294727.0,111683328.0
2026-07-14 10:40:00+08:00,3.775,3.775,3.761,3.77,355747.0,134040448.0
2026-07-14 10:45:00+08:00,3.77,3.778,3.761,3.764,314840.0,118698248.0
2026-07-14 10:50:00+08:00,3.765,3.768,3.738,3.741,343244.0,128785312.0
2026-07-14 10:55:00+08:00,3.741,3.755,3.737,3.747,388175.0,145435632.0
2026-07-14 11:00:00+08:00,3.746,3.753,3.73,3.734,335738.0,125576960.0
2026-07-14 11:05:00+08:00,3.734,3.747,3.731,3.732,417858.0,156162848.0
2026-07-14 11:10:00+08:00,3.732,3.738,3.717,3.721,410075.0,152755168.0
2026-07-14 11:15:00+08:00,3.722,3.722,3.702,3.716,523987.0,194445520.0
2026-07-14 11:20:00+08:00,3.716,3.726,3.707,3.712,493089.0,183225520.0
2026-07-14 11:25:00+08:00,3.71,3.712,3.693,3.7,558670.0,206773328.0
2026-07-14 11:30:00+08:00,3.7,3.735,3.699,3.733,340375.0,126542544.0
2026-07-14 13:05:00+08:00,3.79,3.823,3.762,3.82,1111648.96,422170560.0
2026-07-14 13:10:00+08:00,3.822,3.847,3.817,3.845,790178.0,302523648.0
2026-07-14 13:15:00+08:00,3.845,3.858,3.834,3.843,769784.0,296176256.0
2026-07-14 13:20:00+08:00,3.843,3.849,3.816,3.82,529853.0,203072992.0
2026-07-14 13:25:00+08:00,3.823,3.846,3.823,3.844,376317.0,144457312.0
2026-07-14 13:30:00+08:00,3.845,3.854,3.837,3.853,575338.0,221349216.0
2026-07-14 13:35:00+08:00,3.853,3.874,3.852,3.858,536205.0,207278880.0
2026-07-14 13:40:00+08:00,3.86,3.866,3.851,3.859,453774.0,175091312.0
2026-07-14 13:45:00+08:00,3.858,3.858,3.835,3.851,517149.0,198866928.0
2026-07-14 13:50:00+08:00,3.848,3.855,3.827,3.836,322708.0,123883104.0
2026-07-14 13:55:00+08:00,3.833,3.835,3.811,3.826,389351.0,148795472.0
2026-07-14 14:00:00+08:00,3.824,3.84,3.823,3.827,274388.0,105060256.0
2026-07-14 14:05:00+08:00,3.827,3.839,3.826,3.838,251587.0,96441824.0
2026-07-14 14:10:00+08:00,3.836,3.848,3.833,3.838,227847.0,87508176.0
2026-07-14 14:15:00+08:00,3.836,3.851,3.836,3.851,165192.0,63481592.0
2026-07-14 14:20:00+08:00,3.849,3.85,3.837,3.837,391156.0,150312928.0
2026-07-14 14:25:00+08:00,3.836,3.837,3.826,3.833,299060.0,114578296.0
2026-07-14 14:30:00+08:00,3.834,3.841,3.83,3.839,110977.0,42583616.0
2026-07-14 14:35:00+08:00,3.839,3.86,3.838,3.858,250843.0,96632280.0
2026-07-14 14:40:00+08:00,3.858,3.866,3.856,3.865,253389.0,97815744.0
2026-07-14 14:45:00+08:00,3.866,3.867,3.856,3.86,352264.0,136085856.0
2026-07-14 14:50:00+08:00,3.861,3.869,3.859,3.868,299981.0,115895392.0
2026-07-14 14:55:00+08:00,3.868,3.868,3.863,3.866,284934.0,110138192.0
2026-07-14 15:00:00+08:00,3.865,3.867,3.865,3.867,329543.0,127406208.0
2026-07-15 09:35:00+08:00,3.885,3.901,3.868,3.87,1945820.96,756037824.0
2026-07-15 09:40:00+08:00,3.872,3.873,3.854,3.86,886188.96,342424960.0
2026-07-15 09:45:00+08:00,3.86,3.878,3.826,3.876,952660.0,366946496.0
2026-07-15 09:50:00+08:00,3.873,3.901,3.871,3.892,1026111.04,399112800.0
2026-07-15 09:55:00+08:00,3.894,3.899,3.872,3.879,920758.0,357476480.0
2026-07-15 10:00:00+08:00,3.877,3.892,3.869,3.886,808011.04,313822112.0
2026-07-15 10:05:00+08:00,3.884,3.904,3.882,3.894,745843.04,290467040.0
2026-07-15 10:10:00+08:00,3.892,3.894,3.872,3.873,292901.0,113781200.0
2026-07-15 10:15:00+08:00,3.873,3.879,3.862,3.877,302401.0,117059024.0
2026-07-15 10:20:00+08:00,3.877,3.895,3.876,3.886,329899.0,128232568.0
2026-07-15 10:25:00+08:00,3.886,3.912,3.884,3.91,589600.0,229918576.0
2026-07-15 10:30:00+08:00,3.91,3.916,3.897,3.913,337387.0,131965008.0
2026-07-15 10:35:00+08:00,3.913,3.925,3.896,3.906,479995.0,187749408.0
2026-07-15 10:40:00+08:00,3.906,3.907,3.889,3.891,374708.0,146019696.0
2026-07-15 10:45:00+08:00,3.891,3.899,3.881,3.888,258315.0,100474816.0
2026-07-15 10:50:00+08:00,3.886,3.898,3.877,3.879,355498.0,138146704.0
2026-07-15 10:55:00+08:00,3.879,3.879,3.865,3.867,283023.0,109575784.0
2026-07-15 11:00:00+08:00,3.867,3.875,3.864,3.865,251578.0,97329328.0
2026-07-15 11:05:00+08:00,3.864,3.864,3.857,3.861,401067.0,154840896.0
2026-07-15 11:10:00+08:00,3.859,3.871,3.852,3.869,226150.0,87285184.0
2026-07-15 11:15:00+08:00,3.868,3.877,3.86,3.876,223012.0,86264152.0
2026-07-15 11:20:00+08:00,3.877,3.877,3.848,3.85,272479.0,105084624.0
2026-07-15 11:25:00+08:00,3.849,3.851,3.841,3.844,213555.0,82099776.0
2026-07-15 11:30:00+08:00,3.845,3.861,3.84,3.86,252840.0,97344456.0
2026-07-15 13:05:00+08:00,3.87,3.87,3.841,3.841,325195.0,125352024.0
2026-07-15 13:10:00+08:00,3.841,3.846,3.828,3.837,280969.0,107835448.0
2026-07-15 13:15:00+08:00,3.836,3.84,3.822,3.831,320118.0,122600096.0
2026-07-15 13:20:00+08:00,3.83,3.862,3.83,3.861,306216.0,117736288.0
2026-07-15 13:25:00+08:00,3.86,3.864,3.843,3.86,183962.0,70932192.0
2026-07-15 13:30:00+08:00,3.86,3.882,3.86,3.874,193059.0,74757240.0
2026-07-15 13:35:00+08:00,3.874,3.882,3.86,3.86,255912.0,99111992.0
2026-07-15 13:40:00+08:00,3.862,3.872,3.855,3.865,165924.0,64088408.0
2026-07-15 13:45:00+08:00,3.869,3.882,3.866,3.875,143352.0,55560620.0
2026-07-15 13:50:00+08:00,3.876,3.876,3.85,3.851,153323.0,59215200.0
2026-07-15 13:55:00+08:00,3.853,3.862,3.851,3.858,127623.0,49205556.0
2026-07-15 14:00:00+08:00,3.855,3.856,3.842,3.845,122229.0,47042160.0
2026-07-15 14:05:00+08:00,3.846,3.848,3.837,3.843,153534.0,58978728.0
2026-07-15 14:10:00+08:00,3.843,3.843,3.836,3.836,148858.0,57154880.0
2026-07-15 14:15:00+08:00,3.836,3.844,3.83,3.84,199316.0,76478032.0
2026-07-15 14:20:00+08:00,3.839,3.848,3.832,3.833,170738.0,65587500.0
2026-07-15 14:25:00+08:00,3.833,3.836,3.826,3.831,174052.0,66660772.0
2026-07-15 14:30:00+08:00,3.832,3.841,3.83,3.831,181231.0,69511648.0
2026-07-15 14:35:00+08:00,3.831,3.832,3.813,3.815,311495.0,119048216.0
2026-07-15 14:40:00+08:00,3.816,3.826,3.812,3.818,226974.0,86659976.0
2026-07-15 14:45:00+08:00,3.818,3.834,3.816,3.833,180021.0,68782832.0
2026-07-15 14:50:00+08:00,3.833,3.838,3.82,3.822,313540.0,119954016.0
2026-07-15 14:55:00+08:00,3.823,3.833,3.822,3.824,272303.0,104221272.0
2026-07-15 15:00:00+08:00,3.824,3.828,3.824,3.828,139972.0,53562012.0
2026-07-16 09:35:00+08:00,3.769,3.769,3.695,3.698,2707650.88,1009862144.0
2026-07-16 09:40:00+08:00,3.7,3.748,3.7,3.74,1655044.0,616324672.0
2026-07-16 09:45:00+08:00,3.741,3.761,3.739,3.759,805371.04,301813920.0
2026-07-16 09:50:00+08:00,3.755,3.784,3.755,3.78,697242.0,263044416.0
2026-07-16 09:55:00+08:00,3.78,3.781,3.761,3.772,601504.0,226782304.0
2026-07-16 10:00:00+08:00,3.774,3.807,3.774,3.796,435603.0,165239360.0
2026-07-16 10:05:00+08:00,3.797,3.797,3.777,3.777,214401.0,81189768.0
2026-07-16 10:10:00+08:00,3.779,3.809,3.777,3.808,327627.0,124180192.0
2026-07-16 10:15:00+08:00,3.808,3.81,3.793,3.799,243345.0,92489152.0
2026-07-16 10:20:00+08:00,3.8,3.816,3.8,3.806,301728.0,114920112.0
2026-07-16 10:25:00+08:00,3.802,3.81,3.785,3.792,338917.0,128814416.0
2026-07-16 10:30:00+08:00,3.792,3.8,3.782,3.795,322793.0,122368848.0
2026-07-16 10:35:00+08:00,3.793,3.794,3.778,3.787,331431.0,125475680.0
2026-07-16 10:40:00+08:00,3.787,3.789,3.775,3.775,124848.0,47222536.0
2026-07-16 10:45:00+08:00,3.775,3.801,3.771,3.8,352247.0,133350328.0
2026-07-16 10:50:00+08:00,3.803,3.806,3.792,3.801,256741.0,97535608.0
2026-07-16 10:55:00+08:00,3.802,3.808,3.792,3.794,170199.0,64675456.0
2026-07-16 11:00:00+08:00,3.792,3.801,3.786,3.792,244341.0,92719008.0
2026-07-16 11:05:00+08:00,3.792,3.797,3.778,3.78,426866.0,161753120.0
2026-07-16 11:10:00+08:00,3.777,3.79,3.775,3.778,453558.0,171466416.0
2026-07-16 11:15:00+08:00,3.781,3.784,3.763,3.763,373764.0,141067632.0
2026-07-16 11:20:00+08:00,3.763,3.768,3.747,3.748,250019.0,93981040.0
2026-07-16 11:25:00+08:00,3.748,3.752,3.736,3.737,228976.0,85727568.0
2026-07-16 11:30:00+08:00,3.74,3.763,3.74,3.762,359562.0,134820912.0
2026-07-16 13:05:00+08:00,3.762,3.768,3.75,3.768,321959.0,120966992.0
2026-07-16 13:10:00+08:00,3.768,3.771,3.751,3.751,381467.0,143397472.0
2026-07-16 13:15:00+08:00,3.75,3.764,3.745,3.763,219258.0,82250496.0
2026-07-16 13:20:00+08:00,3.764,3.779,3.757,3.776,275855.0,103928760.0
2026-07-16 13:25:00+08:00,3.775,3.784,3.756,3.756,211861.0,79854872.0
2026-07-16 13:30:00+08:00,3.756,3.757,3.745,3.745,198365.0,74377104.0
2026-07-16 13:35:00+08:00,3.744,3.748,3.736,3.744,291451.0,109019560.0
2026-07-16 13:40:00+08:00,3.744,3.744,3.728,3.737,227457.0,84904856.0
2026-07-16 13:45:00+08:00,3.737,3.742,3.731,3.739,311984.0,116549128.0
2026-07-16 13:50:00+08:00,3.738,3.739,3.724,3.725,231500.0,86363472.0
2026-07-16 13:55:00+08:00,3.725,3.742,3.725,3.727,492491.0,183865312.0
2026-07-16 14:00:00+08:00,3.728,3.729,3.723,3.726,200779.0,74808912.0
2026-07-16 14:05:00+08:00,3.727,3.735,3.723,3.728,277340.0,103409152.0
2026-07-16 14:10:00+08:00,3.73,3.746,3.728,3.728,446575.0,166857040.0
2026-07-16 14:15:00+08:00,3.729,3.732,3.717,3.718,279051.0,103873656.0
2026-07-16 14:20:00+08:00,3.718,3.718,3.711,3.712,303158.0,112606232.0
2026-07-16 14:25:00+08:00,3.712,3.72,3.708,3.713,468597.0,173970352.0
2026-07-16 14:30:00+08:00,3.713,3.717,3.707,3.709,359458.0,133430624.0
2026-07-16 14:35:00+08:00,3.709,3.713,3.7,3.701,361961.0,134091616.0
2026-07-16 14:40:00+08:00,3.701,3.703,3.688,3.696,690056.96,255046304.0
2026-07-16 14:45:00+08:00,3.696,3.705,3.69,3.694,511295.0,189028544.0
2026-07-16 14:50:00+08:00,3.693,3.695,3.681,3.682,532231.0,196303568.0
2026-07-16 14:55:00+08:00,3.682,3.704,3.68,3.701,653475.0,241094528.0
2026-07-16 15:00:00+08:00,3.701,3.723,3.701,3.723,277155.0,102890640.0
2026-07-17 09:35:00+08:00,3.679,3.679,3.555,3.565,3584518.08,1296439936.0
2026-07-17 09:40:00+08:00,3.565,3.615,3.561,3.607,2616494.08,937882048.0
2026-07-17 09:45:00+08:00,3.605,3.615,3.593,3.593,1531617.92,552173120.0
2026-07-17 09:50:00+08:00,3.59,3.607,3.572,3.604,1208564.0,432952704.0
2026-07-17 09:55:00+08:00,3.6,3.621,3.59,3.614,956198.0,345112768.0
2026-07-17 10:00:00+08:00,3.611,3.623,3.605,3.609,667685.0,241282176.0
2026-07-17 10:05:00+08:00,3.608,3.616,3.589,3.614,842736.96,303649984.0
2026-07-17 10:10:00+08:00,3.613,3.613,3.582,3.584,484458.0,174184272.0
2026-07-17 10:15:00+08:00,3.583,3.588,3.571,3.583,654928.0,234443568.0
2026-07-17 10:20:00+08:00,3.581,3.593,3.573,3.579,583591.0,209008816.0
2026-07-17 10:25:00+08:00,3.578,3.578,3.565,3.576,574084.0,204960832.0
2026-07-17 10:30:00+08:00,3.575,3.576,3.555,3.558,713419.04,253977920.0
2026-07-17 10:35:00+08:00,3.558,3.56,3.55,3.556,508677.0,180845376.0
2026-07-17 10:40:00+08:00,3.556,3.557,3.539,3.553,904092.0,320903872.0
2026-07-17 10:45:00+08:00,3.552,3.558,3.529,3.529,650032.0,230227648.0
2026-07-17 10:50:00+08:00,3.528,3.54,3.511,3.517,706275.04,248906240.0
2026-07-17 10:55:00+08:00,3.517,3.526,3.512,3.517,654479.0,230220720.0
2026-07-17 11:00:00+08:00,3.516,3.555,3.516,3.549,859942.0,304502080.0
2026-07-17 11:05:00+08:00,3.55,3.58,3.548,3.578,843412.96,301280064.0
2026-07-17 11:10:00+08:00,3.578,3.581,3.558,3.558,627304.0,224117952.0
2026-07-17 11:15:00+08:00,3.558,3.559,3.542,3.555,580438.0,206045328.0
2026-07-17 11:20:00+08:00,3.555,3.563,3.536,3.538,585751.0,207884304.0
2026-07-17 11:25:00+08:00,3.539,3.546,3.533,3.539,193692.0,68566240.0
2026-07-17 11:30:00+08:00,3.539,3.55,3.538,3.544,358580.0,127108272.0
2026-07-17 13:05:00+08:00,3.544,3.544,3.514,3.517,720454.0,253873664.0
2026-07-17 13:10:00+08:00,3.518,3.52,3.5,3.514,1073339.04,376318912.0
2026-07-17 13:15:00+08:00,3.513,3.52,3.493,3.497,862691.04,302210464.0
2026-07-17 13:20:00+08:00,3.497,3.499,3.482,3.483,725784.0,253395280.0
2026-07-17 13:25:00+08:00,3.482,3.486,3.473,3.476,809344.96,281538976.0
2026-07-17 13:30:00+08:00,3.475,3.506,3.471,3.495,779398.0,271805600.0
2026-07-17 13:35:00+08:00,3.492,3.496,3.461,3.462,775460.0,269544256.0
2026-07-17 13:40:00+08:00,3.461,3.462,3.435,3.435,1081116.0,372657792.0
2026-07-17 13:45:00+08:00,3.436,3.444,3.411,3.414,1380664.0,474030880.0
2026-07-17 13:50:00+08:00,3.415,3.459,3.408,3.459,1269562.0,435480512.0
2026-07-17 13:55:00+08:00,3.46,3.465,3.439,3.453,879376.96,303472128.0
2026-07-17 14:00:00+08:00,3.451,3.502,3.444,3.499,1056552.96,367678080.0
2026-07-17 14:05:00+08:00,3.5,3.545,3.5,3.525,1108706.0,390737024.0
2026-07-17 14:10:00+08:00,3.525,3.544,3.509,3.538,940636.96,331438336.0
2026-07-17 14:15:00+08:00,3.538,3.572,3.536,3.565,1039500.96,369851104.0
2026-07-17 14:20:00+08:00,3.567,3.568,3.53,3.53,932587.04,330642720.0
2026-07-17 14:25:00+08:00,3.531,3.552,3.525,3.539,621819.0,220133072.0
2026-07-17 14:30:00+08:00,3.539,3.556,3.531,3.534,947663.04,336090848.0
2026-07-17 14:35:00+08:00,3.535,3.541,3.526,3.538,685790.0,242248432.0
2026-07-17 14:40:00+08:00,3.536,3.539,3.501,3.503,662856.0,233298016.0
2026-07-17 14:45:00+08:00,3.504,3.506,3.487,3.493,803480.96,280871808.0
2026-07-17 14:50:00+08:00,3.491,3.491,3.473,3.473,742516.96,258523904.0
2026-07-17 14:55:00+08:00,3.476,3.476,3.45,3.451,950464.96,329163040.0
2026-07-17 15:00:00+08:00,3.451,3.463,3.451,3.463,882252.0,305288160.0
2026-07-20 09:35:00+08:00,3.512,3.558,3.512,3.556,3217877.12,1135456128.0
2026-07-20 09:40:00+08:00,3.555,3.572,3.552,3.557,2040880.96,726380928.0
2026-07-20 09:45:00+08:00,3.557,3.567,3.531,3.544,1388572.96,492950688.0
2026-07-20 09:50:00+08:00,3.544,3.544,3.514,3.514,1272230.0,449141376.0
2026-07-20 09:55:00+08:00,3.514,3.514,3.48,3.483,1921511.04,672363712.0
2026-07-20 10:00:00+08:00,3.487,3.529,3.486,3.525,981474.0,344740448.0
2026-07-20 10:05:00+08:00,3.523,3.552,3.515,3.547,646717.0,228630304.0
2026-07-20 10:10:00+08:00,3.546,3.546,3.513,3.519,519373.0,183194544.0
2026-07-20 10:15:00+08:00,3.518,3.518,3.494,3.496,729648.96,255581408.0
2026-07-20 10:20:00+08:00,3.494,3.494,3.472,3.49,654786.0,228112432.0
2026-07-20 10:25:00+08:00,3.492,3.493,3.463,3.473,568794.0,197680784.0
2026-07-20 10:30:00+08:00,3.474,3.484,3.455,3.456,454397.0,157698208.0
2026-07-20 10:35:00+08:00,3.454,3.468,3.445,3.448,583624.0,201582320.0
2026-07-20 10:40:00+08:00,3.446,3.473,3.437,3.468,744780.96,257166160.0
2026-07-20 10:45:00+08:00,3.467,3.487,3.465,3.487,384900.0,133789192.0
2026-07-20 10:50:00+08:00,3.487,3.508,3.487,3.508,503239.0,176168656.0
2026-07-20 10:55:00+08:00,3.506,3.508,3.488,3.49,351726.0,123106496.0
2026-07-20 11:00:00+08:00,3.49,3.524,3.49,3.523,304507.0,106922216.0
2026-07-20 11:05:00+08:00,3.523,3.542,3.523,3.542,457356.0,161541760.0
2026-07-20 11:10:00+08:00,3.542,3.543,3.52,3.526,338235.0,119337200.0
2026-07-20 11:15:00+08:00,3.527,3.534,3.519,3.522,282014.0,99438312.0
2026-07-20 11:20:00+08:00,3.522,3.525,3.497,3.499,198981.0,69916496.0
2026-07-20 11:25:00+08:00,3.499,3.502,3.488,3.494,251561.0,87909008.0
2026-07-20 11:30:00+08:00,3.496,3.503,3.486,3.493,201515.0,70338832.0
2026-07-20 13:05:00+08:00,3.498,3.5,3.471,3.486,353003.0,123004440.0
2026-07-20 13:10:00+08:00,3.485,3.486,3.473,3.482,242227.0,84298896.0
2026-07-20 13:15:00+08:00,3.484,3.486,3.468,3.469,194867.0,67698672.0
2026-07-20 13:20:00+08:00,3.469,3.473,3.454,3.465,323262.0,111952720.0
2026-07-20 13:25:00+08:00,3.465,3.465,3.45,3.455,252676.0,87348168.0
2026-07-20 13:30:00+08:00,3.455,3.458,3.443,3.443,448563.0,154750224.0
2026-07-20 13:35:00+08:00,3.443,3.451,3.429,3.431,575607.0,197911040.0
2026-07-20 13:40:00+08:00,3.434,3.442,3.416,3.417,492273.0,168734624.0
2026-07-20 13:45:00+08:00,3.416,3.438,3.411,3.412,559760.0,191612352.0
2026-07-20 13:50:00+08:00,3.412,3.436,3.397,3.425,797430.0,272451552.0
2026-07-20 13:55:00+08:00,3.426,3.439,3.4,3.404,670533.0,229208816.0
2026-07-20 14:00:00+08:00,3.404,3.413,3.398,3.411,1042308.0,354744384.0
2026-07-20 14:05:00+08:00,3.411,3.455,3.406,3.454,2666808.0,915403136.0
2026-07-20 14:10:00+08:00,3.454,3.459,3.416,3.416,1355776.0,467036576.0
2026-07-20 14:15:00+08:00,3.417,3.43,3.409,3.415,661807.0,226287712.0
2026-07-20 14:20:00+08:00,3.413,3.42,3.404,3.412,491043.0,167439472.0
2026-07-20 14:25:00+08:00,3.414,3.419,3.385,3.385,784384.0,266788768.0
2026-07-20 14:30:00+08:00,3.385,3.414,3.384,3.394,1763974.08,600679488.0
2026-07-20 14:35:00+08:00,3.392,3.395,3.358,3.373,1426647.04,481223424.0
2026-07-20 14:40:00+08:00,3.373,3.383,3.367,3.378,5216033.92,1761241088.0
2026-07-20 14:45:00+08:00,3.379,3.444,3.379,3.433,6297153.28,2151248128.0
2026-07-20 14:50:00+08:00,3.433,3.452,3.433,3.452,4417996.16,1521231232.0
2026-07-20 14:55:00+08:00,3.452,3.479,3.452,3.468,5624408.96,1952328960.0
2026-07-20 15:00:00+08:00,3.468,3.477,3.464,3.477,642153.0,222864672.0
2026-07-21 09:35:00+08:00,3.488,3.508,3.471,3.497,2794745.92,975550272.0
2026-07-21 09:40:00+08:00,3.499,3.53,3.491,3.518,1712144.96,601378112.0
2026-07-21 09:45:00+08:00,3.518,3.525,3.505,3.506,1066526.0,374919936.0
2026-07-21 09:50:00+08:00,3.506,3.515,3.491,3.492,719139.04,251802544.0
2026-07-21 09:55:00+08:00,3.492,3.492,3.465,3.469,1219804.0,424140288.0
2026-07-21 10:00:00+08:00,3.469,3.477,3.444,3.455,1131812.0,391574016.0
2026-07-21 10:05:00+08:00,3.454,3.456,3.42,3.425,1346736.0,462560320.0
2026-07-21 10:10:00+08:00,3.423,3.442,3.4,3.403,1611767.04,551665792.0
2026-07-21 10:15:00+08:00,3.402,3.432,3.393,3.432,1441751.04,491723776.0
2026-07-21 10:20:00+08:00,3.434,3.443,3.413,3.42,763690.0,262131520.0
2026-07-21 10:25:00+08:00,3.42,3.477,3.419,3.475,827760.96,286148736.0
2026-07-21 10:30:00+08:00,3.477,3.488,3.465,3.482,722080.0,251208480.0
2026-07-21 10:35:00+08:00,3.484,3.508,3.484,3.499,738528.96,258442592.0
2026-07-21 10:40:00+08:00,3.498,3.525,3.497,3.525,789702.0,277593440.0
2026-07-21 10:45:00+08:00,3.526,3.526,3.495,3.5,686838.0,240887776.0
2026-07-21 10:50:00+08:00,3.5,3.55,3.5,3.548,946847.04,334835360.0
2026-07-21 10:55:00+08:00,3.549,3.557,3.533,3.556,1242612.0,440914816.0
2026-07-21 11:00:00+08:00,3.557,3.575,3.556,3.568,1370255.04,488870720.0
2026-07-21 11:05:00+08:00,3.568,3.604,3.567,3.602,1195906.0,428690048.0
2026-07-21 11:10:00+08:00,3.602,3.63,3.6,3.616,1169888.96,422856544.0
2026-07-21 11:15:00+08:00,3.614,3.616,3.588,3.594,1325716.0,477593312.0
2026-07-21 11:20:00+08:00,3.594,3.617,3.592,3.598,864635.04,311690976.0
2026-07-21 11:25:00+08:00,3.598,3.619,3.589,3.619,619649.0,223375808.0
2026-07-21 11:30:00+08:00,3.618,3.647,3.618,3.644,944688.96,342800480.0
2026-07-21 13:05:00+08:00,3.645,3.676,3.645,3.666,2041380.0,747659200.0
2026-07-21 13:10:00+08:00,3.67,3.672,3.645,3.653,974434.0,356286048.0
2026-07-21 13:15:00+08:00,3.655,3.662,3.64,3.64,713278.0,260682688.0
2026-07-21 13:20:00+08:00,3.641,3.641,3.623,3.625,579680.0,210396448.0
2026-07-21 13:25:00+08:00,3.623,3.628,3.61,3.625,605093.0,218932560.0
2026-07-21 13:30:00+08:00,3.624,3.641,3.621,3.639,348890.0,126752272.0
2026-07-21 13:35:00+08:00,3.64,3.651,3.625,3.625,354530.0,128994320.0
2026-07-21 13:40:00+08:00,3.625,3.644,3.625,3.644,345631.0,125679664.0
2026-07-21 13:45:00+08:00,3.645,3.651,3.64,3.648,375968.0,137096352.0
2026-07-21 13:50:00+08:00,3.649,3.659,3.644,3.659,681256.0,248875232.0
2026-07-21 13:55:00+08:00,3.66,3.672,3.656,3.672,662601.0,242788448.0
2026-07-21 14:00:00+08:00,3.672,3.678,3.653,3.657,738120.0,270478240.0
2026-07-21 14:05:00+08:00,3.655,3.679,3.655,3.677,603110.0,221319184.0
2026-07-21 14:10:00+08:00,3.678,3.686,3.674,3.683,767851.04,282540416.0
2026-07-21 14:15:00+08:00,3.683,3.687,3.671,3.685,558066.0,205320192.0
2026-07-21 14:20:00+08:00,3.685,3.696,3.684,3.692,710080.96,261921440.0
2026-07-21 14:25:00+08:00,3.691,3.691,3.683,3.689,684532.0,252441728.0
2026-07-21 14:30:00+08:00,3.689,3.691,3.672,3.68,510574.0,187901808.0
2026-07-21 14:35:00+08:00,3.679,3.692,3.679,3.692,594687.0,219288640.0
2026-07-21 14:40:00+08:00,3.692,3.696,3.691,3.696,432940.0,159927808.0
2026-07-21 14:45:00+08:00,3.696,3.708,3.695,3.707,477322.0,176608864.0
2026-07-21 14:50:00+08:00,3.707,3.709,3.696,3.702,648128.0,239870480.0
2026-07-21 14:55:00+08:00,3.701,3.708,3.701,3.707,673270.0,249396880.0
2026-07-21 15:00:00+08:00,3.708,3.713,3.707,3.709,434647.0,161209712.0
2026-07-22 09:35:00+08:00,3.65,3.708,3.647,3.707,2851167.04,1049822720.0
2026-07-22 09:40:00+08:00,3.705,3.716,3.686,3.689,1643184.0,608922496.0
2026-07-22 09:45:00+08:00,3.689,3.695,3.67,3.694,1499774.08,552461312.0
2026-07-22 09:50:00+08:00,3.695,3.706,3.69,3.691,767362.0,283932768.0
2026-07-22 09:55:00+08:00,3.692,3.703,3.664,3.664,877494.0,322951872.0
2026-07-22 10:00:00+08:00,3.666,3.697,3.661,3.697,834108.96,306606688.0
2026-07-22 10:05:00+08:00,3.698,3.698,3.677,3.687,643931.0,237538992.0
2026-07-22 10:10:00+08:00,3.685,3.693,3.676,3.686,510084.0,187933344.0
2026-07-22 10:15:00+08:00,3.686,3.693,3.681,3.681,331358.0,122191656.0
2026-07-22 10:20:00+08:00,3.683,3.7,3.683,3.697,478392.0,176706768.0
2026-07-22 10:25:00+08:00,3.699,3.706,3.686,3.693,446998.0,165269296.0
2026-07-22 10:30:00+08:00,3.695,3.701,3.69,3.7,312680.0,115554824.0
2026-07-22 10:35:00+08:00,3.7,3.7,3.676,3.678,459706.0,169388720.0
2026-07-22 10:40:00+08:00,3.677,3.682,3.663,3.67,464539.0,170464384.0
2026-07-22 10:45:00+08:00,3.671,3.674,3.654,3.667,731234.0,267841120.0
2026-07-22 10:50:00+08:00,3.666,3.675,3.659,3.675,730776.96,267962112.0
2026-07-22 10:55:00+08:00,3.674,3.694,3.672,3.692,324208.0,119382864.0
2026-07-22 11:00:00+08:00,3.691,3.691,3.675,3.679,156890.0,57788832.0
2026-07-22 11:05:00+08:00,3.679,3.679,3.662,3.663,197185.0,72326168.0
2026-07-22 11:10:00+08:00,3.664,3.67,3.655,3.67,234052.0,85698352.0
2026-07-22 11:15:00+08:00,3.669,3.683,3.668,3.677,296576.0,109009664.0
2026-07-22 11:20:00+08:00,3.679,3.687,3.673,3.681,284440.0,104678224.0
2026-07-22 11:25:00+08:00,3.683,3.695,3.68,3.69,222039.0,81897064.0
2026-07-22 11:30:00+08:00,3.69,3.705,3.69,3.701,401706.0,148606992.0
2026-07-22 13:05:00+08:00,3.698,3.698,3.667,3.667,487757.0,179537152.0
2026-07-22 13:10:00+08:00,3.668,3.68,3.664,3.666,308149.0,113104304.0
2026-07-22 13:15:00+08:00,3.666,3.667,3.656,3.664,292809.0,107183104.0
2026-07-22 13:20:00+08:00,3.661,3.661,3.641,3.655,519415.0,189634848.0
2026-07-22 13:25:00+08:00,3.652,3.652,3.636,3.639,405391.0,147675408.0
2026-07-22 13:30:00+08:00,3.642,3.643,3.627,3.63,437356.0,158949376.0
2026-07-22 13:35:00+08:00,3.628,3.637,3.618,3.637,476239.0,172730240.0
2026-07-22 13:40:00+08:00,3.636,3.647,3.627,3.63,365955.0,133069424.0
2026-07-22 13:45:00+08:00,3.63,3.641,3.627,3.64,307727.0,111822640.0
2026-07-22 13:50:00+08:00,3.643,3.648,3.632,3.635,327465.0,119155560.0
2026-07-22 13:55:00+08:00,3.633,3.638,3.621,3.622,294259.0,106840400.0
2026-07-22 14:00:00+08:00,3.622,3.622,3.607,3.611,425187.0,153621392.0
2026-07-22 14:05:00+08:00,3.613,3.62,3.6,3.602,443097.0,159882176.0
2026-07-22 14:10:00+08:00,3.601,3.601,3.588,3.589,580924.0,208831872.0
2026-07-22 14:15:00+08:00,3.587,3.589,3.575,3.587,824964.0,295500800.0
2026-07-22 14:20:00+08:00,3.586,3.607,3.582,3.6,634039.0,227989856.0
2026-07-22 14:25:00+08:00,3.6,3.622,3.6,3.616,434582.0,156903136.0
2026-07-22 14:30:00+08:00,3.615,3.616,3.593,3.594,349483.0,125859312.0
2026-07-22 14:35:00+08:00,3.593,3.61,3.59,3.602,455685.0,164010416.0
2026-07-22 14:40:00+08:00,3.602,3.602,3.587,3.592,357335.0,128358520.0
2026-07-22 14:45:00+08:00,3.593,3.6,3.589,3.591,298968.0,107485360.0
2026-07-22 14:50:00+08:00,3.591,3.593,3.585,3.585,407150.0,146099072.0
2026-07-22 14:55:00+08:00,3.584,3.595,3.584,3.59,436971.0,156832496.0
2026-07-22 15:00:00+08:00,3.589,3.589,3.584,3.586,346944.0,124414784.0
2026-07-23 09:35:00+08:00,3.597,3.629,3.593,3.616,1655592.0,597398272.0
2026-07-23 09:40:00+08:00,3.618,3.636,3.607,3.607,1239778.0,448806080.0
2026-07-23 09:45:00+08:00,3.604,3.616,3.584,3.615,891655.04,321202368.0
2026-07-23 09:50:00+08:00,3.616,3.621,3.605,3.618,608783.0,219975632.0
2026-07-23 09:55:00+08:00,3.62,3.645,3.61,3.642,798251.04,289758464.0
2026-07-23 10:00:00+08:00,3.637,3.644,3.615,3.615,654712.0,237703888.0
2026-07-23 10:05:00+08:00,3.618,3.618,3.592,3.603,585699.0,211027968.0
2026-07-23 10:10:00+08:00,3.602,3.613,3.595,3.604,523754.0,188779360.0
2026-07-23 10:15:00+08:00,3.605,3.615,3.601,3.601,293418.0,105845464.0
2026-07-23 10:20:00+08:00,3.601,3.607,3.589,3.597,365133.0,131373520.0
2026-07-23 10:25:00+08:00,3.598,3.611,3.589,3.592,329779.0,118752080.0
2026-07-23 10:30:00+08:00,3.59,3.591,3.575,3.586,431261.0,154484384.0
2026-07-23 10:35:00+08:00,3.585,3.6,3.584,3.586,351006.0,126152584.0
2026-07-23 10:40:00+08:00,3.585,3.6,3.584,3.587,219959.0,79042568.0
2026-07-23 10:45:00+08:00,3.588,3.603,3.588,3.592,242996.0,87414432.0
2026-07-23 10:50:00+08:00,3.588,3.596,3.581,3.583,228417.0,81942000.0
2026-07-23 10:55:00+08:00,3.583,3.598,3.582,3.585,206131.0,74006344.0
2026-07-23 11:00:00+08:00,3.585,3.59,3.578,3.586,218058.0,78149304.0
2026-07-23 11:05:00+08:00,3.585,3.591,3.569,3.573,276702.0,99012704.0
2026-07-23 11:10:00+08:00,3.571,3.573,3.559,3.564,316400.0,112807024.0
2026-07-23 11:15:00+08:00,3.564,3.595,3.56,3.592,321962.0,115056528.0
2026-07-23 11:20:00+08:00,3.593,3.595,3.58,3.584,222583.0,79877408.0
2026-07-23 11:25:00+08:00,3.584,3.589,3.57,3.573,184519.0,66095792.0
2026-07-23 11:30:00+08:00,3.573,3.579,3.564,3.578,178312.0,63641152.0
2026-07-23 13:05:00+08:00,3.585,3.6,3.583,3.583,521708.0,187381760.0
2026-07-23 13:10:00+08:00,3.585,3.612,3.58,3.611,487552.0,175323104.0
2026-07-23 13:15:00+08:00,3.61,3.61,3.588,3.59,367346.0,132242056.0
2026-07-23 13:20:00+08:00,3.59,3.594,3.578,3.581,288103.0,103342456.0
2026-07-23 13:25:00+08:00,3.581,3.596,3.581,3.588,181453.0,65107628.0
2026-07-23 13:30:00+08:00,3.588,3.609,3.588,3.602,310474.0,111783616.0
2026-07-23 13:35:00+08:00,3.599,3.618,3.596,3.616,657506.0,237319200.0
2026-07-23 13:40:00+08:00,3.617,3.621,3.608,3.613,336708.0,121754968.0
2026-07-23 13:45:00+08:00,3.613,3.617,3.598,3.603,372088.0,134271632.0
2026-07-23 13:50:00+08:00,3.603,3.607,3.595,3.597,177856.0,64040616.0
2026-07-23 13:55:00+08:00,3.596,3.6,3.59,3.59,160571.0,57731768.0
2026-07-23 14:00:00+08:00,3.59,3.597,3.588,3.591,205654.0,73888928.0
2026-07-23 14:05:00+08:00,3.59,3.593,3.584,3.589,157078.0,56364376.0
2026-07-23 14:10:00+08:00,3.589,3.594,3.587,3.587,112028.0,40214016.0
2026-07-23 14:15:00+08:00,3.59,3.592,3.58,3.581,177092.0,63474896.0
2026-07-23 14:20:00+08:00,3.583,3.589,3.579,3.583,126497.0,45330320.0
2026-07-23 14:25:00+08:00,3.582,3.583,3.578,3.578,124113.0,44431048.0
2026-07-23 14:30:00+08:00,3.578,3.586,3.574,3.586,149847.0,53615932.0
2026-07-23 14:35:00+08:00,3.588,3.595,3.582,3.586,273293.0,98065104.0
2026-07-23 14:40:00+08:00,3.586,3.599,3.586,3.599,180348.0,64779496.0
2026-07-23 14:45:00+08:00,3.599,3.603,3.593,3.599,256102.0,92130808.0
2026-07-23 14:50:00+08:00,3.599,3.599,3.592,3.596,348587.0,125315408.0
2026-07-23 14:55:00+08:00,3.596,3.599,3.596,3.597,212032.0,76273712.0
2026-07-23 15:00:00+08:00,3.597,3.597,3.595,3.597,213868.0,76921760.0
2026-07-24 09:35:00+08:00,3.536,3.558,3.52,3.555,1749587.04,618969216.0
2026-07-24 09:40:00+08:00,3.557,3.566,3.542,3.552,1076120.96,382343200.0
2026-07-24 09:45:00+08:00,3.557,3.581,3.546,3.578,775999.04,276385696.0
2026-07-24 09:50:00+08:00,3.579,3.583,3.558,3.563,749244.0,267295232.0
2026-07-24 09:55:00+08:00,3.564,3.572,3.558,3.572,556453.0,198409792.0
2026-07-24 10:00:00+08:00,3.572,3.576,3.557,3.565,447976.0,159799120.0
2026-07-24 10:05:00+08:00,3.567,3.573,3.556,3.56,427780.0,152456656.0
2026-07-24 10:10:00+08:00,3.559,3.584,3.556,3.577,542145.0,193676992.0
2026-07-24 10:15:00+08:00,3.579,3.583,3.568,3.569,203057.0,72593632.0
2026-07-24 10:20:00+08:00,3.567,3.574,3.555,3.563,225297.0,80263592.0
2026-07-24 10:25:00+08:00,3.561,3.565,3.551,3.562,359962.0,128029712.0
2026-07-24 10:30:00+08:00,3.562,3.576,3.562,3.567,183142.0,65364416.0
2026-07-24 10:35:00+08:00,3.567,3.568,3.549,3.555,266118.0,94619472.0
2026-07-24 10:40:00+08:00,3.554,3.559,3.539,3.539,575772.0,204230480.0
2026-07-24 10:45:00+08:00,3.539,3.546,3.534,3.542,309322.0,109505424.0
2026-07-24 10:50:00+08:00,3.543,3.553,3.539,3.541,308544.0,109375064.0
2026-07-24 10:55:00+08:00,3.542,3.554,3.537,3.551,171987.0,60930680.0
2026-07-24 11:00:00+08:00,3.551,3.555,3.53,3.532,199968.0,70769160.0
2026-07-24 11:05:00+08:00,3.534,3.537,3.526,3.534,312970.0,110455760.0
2026-07-24 11:10:00+08:00,3.53,3.538,3.525,3.526,390145.0,137731424.0
2026-07-24 11:15:00+08:00,3.525,3.529,3.52,3.524,388989.0,137107520.0
2026-07-24 11:20:00+08:00,3.525,3.526,3.517,3.518,331878.0,116836016.0
2026-07-24 11:25:00+08:00,3.518,3.522,3.51,3.514,254629.0,89518424.0
2026-07-24 11:30:00+08:00,3.515,3.535,3.51,3.533,299097.0,105291288.0
2026-07-24 13:05:00+08:00,3.535,3.55,3.535,3.54,554378.0,196371984.0
2026-07-24 13:10:00+08:00,3.54,3.571,3.536,3.561,430845.0,153206976.0
2026-07-24 13:15:00+08:00,3.562,3.575,3.558,3.559,364466.0,130057832.0
2026-07-24 13:20:00+08:00,3.558,3.565,3.547,3.559,272421.0,96887040.0
2026-07-24 13:25:00+08:00,3.559,3.559,3.544,3.544,167268.0,59391808.0
2026-07-24 13:30:00+08:00,3.544,3.565,3.544,3.555,173282.0,61634040.0
2026-07-24 13:35:00+08:00,3.556,3.556,3.542,3.542,189939.0,67358992.0
2026-07-24 13:40:00+08:00,3.541,3.545,3.532,3.532,110768.0,39176692.0
2026-07-24 13:45:00+08:00,3.532,3.538,3.531,3.532,153897.0,54374028.0
2026-07-24 13:50:00+08:00,3.533,3.541,3.531,3.533,250458.0,88576576.0
2026-07-24 13:55:00+08:00,3.533,3.533,3.526,3.526,175920.0,62080276.0
2026-07-24 14:00:00+08:00,3.526,3.53,3.525,3.528,146798.0,51783332.0
2026-07-24 14:05:00+08:00,3.527,3.53,3.522,3.522,193791.0,68340704.0
2026-07-24 14:10:00+08:00,3.521,3.528,3.515,3.527,280705.0,98805040.0
2026-07-24 14:15:00+08:00,3.528,3.535,3.52,3.535,193177.0,68173352.0
2026-07-24 14:20:00+08:00,3.536,3.538,3.527,3.531,192822.0,68111816.0
2026-07-24 14:25:00+08:00,3.532,3.544,3.532,3.533,251938.0,89152472.0
2026-07-24 14:30:00+08:00,3.533,3.542,3.53,3.542,335140.0,118507552.0
2026-07-24 14:35:00+08:00,3.542,3.546,3.523,3.533,303939.0,107386184.0
2026-07-24 14:40:00+08:00,3.533,3.534,3.52,3.524,302102.0,106496288.0
2026-07-24 14:45:00+08:00,3.525,3.525,3.519,3.519,425297.0,149766544.0
2026-07-24 14:50:00+08:00,3.519,3.519,3.512,3.515,509471.0,179015648.0
2026-07-24 14:55:00+08:00,3.516,3.521,3.51,3.511,605409.0,212767200.0
2026-07-24 15:00:00+08:00,3.511,3.511,3.507,3.508,494638.0,173550912.0
2026-07-27 09:35:00+08:00,3.502,3.534,3.501,3.502,1308888.96,460468992.0
2026-07-27 09:40:00+08:00,3.501,3.506,3.47,3.504,1214336.0,423885120.0
2026-07-27 09:45:00+08:00,3.504,3.541,3.504,3.524,920142.0,324499936.0
2026-07-27 09:50:00+08:00,3.521,3.534,3.517,3.524,772944.96,272552320.0
2026-07-27 09:55:00+08:00,3.517,3.559,3.515,3.556,875555.04,310173440.0
2026-07-27 10:00:00+08:00,3.556,3.588,3.556,3.575,1089140.0,389549216.0
2026-07-27 10:05:00+08:00,3.575,3.579,3.561,3.564,784607.04,279982144.0
2026-07-27 10:10:00+08:00,3.565,3.58,3.56,3.576,457575.0,163235520.0
2026-07-27 10:15:00+08:00,3.577,3.577,3.558,3.561,328290.0,117084560.0
2026-07-27 10:20:00+08:00,3.558,3.563,3.55,3.555,261161.0,92873080.0
2026-07-27 10:25:00+08:00,3.553,3.569,3.55,3.554,296291.0,105447488.0
2026-07-27 10:30:00+08:00,3.555,3.573,3.555,3.569,231127.0,82389392.0
2026-07-27 10:35:00+08:00,3.569,3.569,3.552,3.554,288283.0,102652120.0
2026-07-27 10:40:00+08:00,3.553,3.555,3.542,3.548,407924.0,144728032.0
2026-07-27 10:45:00+08:00,3.548,3.555,3.545,3.551,264573.0,93918984.0
2026-07-27 10:50:00+08:00,3.552,3.562,3.549,3.552,291535.0,103730320.0
2026-07-27 10:55:00+08:00,3.552,3.559,3.547,3.555,177255.0,62961020.0
2026-07-27 11:00:00+08:00,3.555,3.56,3.549,3.549,189772.0,67460048.0
2026-07-27 11:05:00+08:00,3.549,3.556,3.547,3.556,134642.0,47830844.0
2026-07-27 11:10:00+08:00,3.556,3.568,3.552,3.56,219523.0,78161464.0
2026-07-27 11:15:00+08:00,3.561,3.571,3.557,3.564,186206.0,66394544.0
2026-07-27 11:20:00+08:00,3.565,3.565,3.552,3.558,88350.0,31432452.0
2026-07-27 11:25:00+08:00,3.557,3.565,3.554,3.562,143858.0,51214932.0
2026-07-27 11:30:00+08:00,3.563,3.565,3.555,3.555,90342.0,32158536.0
2026-07-27 13:05:00+08:00,3.559,3.568,3.55,3.554,404899.0,144101584.0
2026-07-27 13:10:00+08:00,3.555,3.557,3.545,3.548,271037.0,96260360.0
2026-07-27 13:15:00+08:00,3.549,3.549,3.537,3.54,292488.0,103600272.0
2026-07-27 13:20:00+08:00,3.538,3.544,3.533,3.538,197553.0,69901208.0
2026-07-27 13:25:00+08:00,3.538,3.539,3.53,3.532,176428.0,62348560.0
2026-07-27 13:30:00+08:00,3.533,3.533,3.526,3.531,250516.0,88414136.0
2026-07-27 13:35:00+08:00,3.529,3.53,3.512,3.52,265763.0,93552696.0
2026-07-27 13:40:00+08:00,3.518,3.526,3.518,3.521,284239.0,100090728.0
2026-07-27 13:45:00+08:00,3.521,3.532,3.521,3.527,169009.0,59620272.0
2026-07-27 13:50:00+08:00,3.528,3.54,3.52,3.54,171808.0,60610044.0
2026-07-27 13:55:00+08:00,3.54,3.542,3.531,3.534,160421.0,56751128.0
2026-07-27 14:00:00+08:00,3.533,3.54,3.533,3.538,89317.0,31587224.0
2026-07-27 14:05:00+08:00,3.536,3.54,3.531,3.538,181655.0,64220504.0
2026-07-27 14:10:00+08:00,3.54,3.548,3.54,3.547,212611.0,75333416.0
2026-07-27 14:15:00+08:00,3.547,3.549,3.539,3.541,243156.0,86174776.0
2026-07-27 14:20:00+08:00,3.542,3.555,3.538,3.555,272505.0,96644904.0
2026-07-27 14:25:00+08:00,3.554,3.567,3.553,3.561,305634.0,108868760.0
2026-07-27 14:30:00+08:00,3.561,3.57,3.558,3.57,303095.0,107995360.0
2026-07-27 14:35:00+08:00,3.57,3.593,3.57,3.591,727028.0,260386464.0
2026-07-27 14:40:00+08:00,3.592,3.604,3.584,3.601,647272.0,232684944.0
2026-07-27 14:45:00+08:00,3.601,3.612,3.601,3.608,641914.0,231516144.0
2026-07-27 14:50:00+08:00,3.608,3.613,3.604,3.609,517629.0,186777936.0
2026-07-27 14:55:00+08:00,3.611,3.618,3.605,3.617,647251.0,233766736.0
2026-07-27 15:00:00+08:00,3.616,3.617,3.61,3.612,510851.0,184604416.0
2026-07-28 09:35:00+08:00,3.513,3.534,3.494,3.532,2539479.04,892330624.0
2026-07-28 09:40:00+08:00,3.532,3.538,3.506,3.506,1234787.04,435010304.0
2026-07-28 09:45:00+08:00,3.505,3.518,3.501,3.506,1280304.96,448951104.0
2026-07-28 09:50:00+08:00,3.507,3.507,3.486,3.49,1370441.92,479189664.0
2026-07-28 09:55:00+08:00,3.49,3.501,3.475,3.499,1024307.04,357104448.0
2026-07-28 10:00:00+08:00,3.499,3.502,3.478,3.481,813592.0,283694912.0
2026-07-28 10:05:00+08:00,3.48,3.497,3.477,3.481,775132.0,270355264.0
2026-07-28 10:10:00+08:00,3.484,3.487,3.474,3.475,1048744.0,364825824.0
2026-07-28 10:15:00+08:00,3.475,3.477,3.462,3.467,881498.0,305813152.0
2026-07-28 10:20:00+08:00,3.467,3.473,3.46,3.466,586632.0,203323040.0
2026-07-28 10:25:00+08:00,3.465,3.472,3.452,3.454,724520.96,250954368.0
2026-07-28 10:30:00+08:00,3.452,3.455,3.441,3.449,736359.04,253909808.0
2026-07-28 10:35:00+08:00,3.447,3.448,3.437,3.441,675867.04,232668384.0
2026-07-28 10:40:00+08:00,3.44,3.44,3.422,3.429,764904.96,262355248.0
2026-07-28 10:45:00+08:00,3.426,3.427,3.419,3.421,1144626.0,391813312.0
2026-07-28 10:50:00+08:00,3.421,3.425,3.408,3.416,1217443.04,415863712.0
2026-07-28 10:55:00+08:00,3.416,3.437,3.41,3.432,822352.96,281556384.0
2026-07-28 11:00:00+08:00,3.432,3.437,3.415,3.416,547472.0,187470640.0
2026-07-28 11:05:00+08:00,3.416,3.416,3.403,3.405,577104.0,196802384.0
2026-07-28 11:10:00+08:00,3.405,3.408,3.4,3.403,953891.04,324530464.0
2026-07-28 11:15:00+08:00,3.402,3.42,3.396,3.419,1070888.0,364591072.0
2026-07-28 11:20:00+08:00,3.418,3.433,3.41,3.42,504650.0,172737504.0
2026-07-28 11:25:00+08:00,3.419,3.435,3.411,3.429,381740.0,130676752.0
2026-07-28 11:30:00+08:00,3.429,3.44,3.417,3.42,466912.0,160212368.0
2026-07-28 13:05:00+08:00,3.42,3.421,3.404,3.405,892118.0,304239392.0
2026-07-28 13:10:00+08:00,3.404,3.408,3.398,3.408,688180.96,234054112.0
2026-07-28 13:15:00+08:00,3.408,3.422,3.404,3.413,441676.0,150684768.0
2026-07-28 13:20:00+08:00,3.413,3.416,3.398,3.399,423599.0,144245120.0
2026-07-28 13:25:00+08:00,3.398,3.402,3.393,3.394,555419.0,188642944.0
2026-07-28 13:30:00+08:00,3.393,3.395,3.388,3.389,399217.0,135387904.0
2026-07-28 13:35:00+08:00,3.39,3.39,3.378,3.379,789576.0,267279696.0
2026-07-28 13:40:00+08:00,3.379,3.396,3.377,3.395,667984.0,226134880.0
2026-07-28 13:45:00+08:00,3.394,3.413,3.394,3.402,446575.0,151899424.0
2026-07-28 13:50:00+08:00,3.403,3.407,3.38,3.381,324559.0,109933448.0
2026-07-28 13:55:00+08:00,3.38,3.384,3.376,3.377,567307.0,191732544.0
2026-07-28 14:00:00+08:00,3.377,3.386,3.375,3.382,295842.0,99978040.0
2026-07-28 14:05:00+08:00,3.382,3.387,3.38,3.385,267304.0,90442880.0
2026-07-28 14:10:00+08:00,3.384,3.385,3.376,3.376,400635.0,135413360.0
2026-07-28 14:15:00+08:00,3.377,3.379,3.368,3.37,592352.0,199839696.0
2026-07-28 14:20:00+08:00,3.37,3.371,3.36,3.37,925768.0,311416512.0
2026-07-28 14:25:00+08:00,3.369,3.375,3.362,3.366,723414.0,243780272.0
2026-07-28 14:30:00+08:00,3.366,3.367,3.361,3.367,427897.0,143908560.0
2026-07-28 14:35:00+08:00,3.367,3.368,3.352,3.353,936678.0,314567776.0
2026-07-28 14:40:00+08:00,3.353,3.354,3.34,3.352,840223.04,281283808.0
2026-07-28 14:45:00+08:00,3.352,3.359,3.336,3.336,786650.0,263209952.0
2026-07-28 14:50:00+08:00,3.336,3.348,3.335,3.344,1058520.0,353614304.0
2026-07-28 14:55:00+08:00,3.345,3.363,3.345,3.351,1147996.96,385267200.0
2026-07-28 15:00:00+08:00,3.35,3.355,3.349,3.355,594570.0,199327408.0
2026-07-29 09:35:00+08:00,3.346,3.372,3.343,3.359,2343144.0,786666368.0
2026-07-29 09:40:00+08:00,3.356,3.388,3.356,3.379,1713467.04,578565184.0
2026-07-29 09:45:00+08:00,3.377,3.379,3.325,3.331,1381977.92,463200832.0
2026-07-29 09:50:00+08:00,3.332,3.333,3.304,3.305,1603103.04,532254528.0
2026-07-29 09:55:00+08:00,3.305,3.321,3.3,3.31,1325515.04,438586528.0
2026-07-29 10:00:00+08:00,3.306,3.316,3.29,3.3,1226044.96,404863040.0
2026-07-29 10:05:00+08:00,3.297,3.298,3.281,3.286,1343940.0,442206592.0
2026-07-29 10:10:00+08:00,3.286,3.295,3.273,3.293,1783696.0,585263680.0
2026-07-29 10:15:00+08:00,3.292,3.333,3.292,3.319,1336750.0,443591104.0
2026-07-29 10:20:00+08:00,3.32,3.329,3.307,3.309,763920.0,253437024.0
2026-07-29 10:25:00+08:00,3.309,3.331,3.297,3.331,648547.0,214561856.0
2026-07-29 10:30:00+08:00,3.332,3.38,3.332,3.374,1509020.96,507269472.0
2026-07-29 10:35:00+08:00,3.373,3.384,3.361,3.361,1354153.92,456960832.0
2026-07-29 10:40:00+08:00,3.36,3.37,3.351,3.355,802339.04,269705632.0
2026-07-29 10:45:00+08:00,3.359,3.372,3.355,3.357,490971.0,165188256.0
2026-07-29 10:50:00+08:00,3.357,3.358,3.336,3.336,322091.0,107752224.0
2026-07-29 10:55:00+08:00,3.335,3.339,3.328,3.328,381877.0,127361736.0
2026-07-29 11:00:00+08:00,3.329,3.336,3.325,3.333,323858.0,107847328.0
2026-07-29 11:05:00+08:00,3.333,3.345,3.33,3.343,335085.0,111837136.0
2026-07-29 11:10:00+08:00,3.341,3.353,3.322,3.353,581457.0,194192192.0
2026-07-29 11:15:00+08:00,3.355,3.37,3.347,3.347,688356.96,231271648.0
2026-07-29 11:20:00+08:00,3.348,3.355,3.335,3.337,259713.0,86876432.0
2026-07-29 11:25:00+08:00,3.336,3.341,3.33,3.332,305474.0,101874216.0
2026-07-29 11:30:00+08:00,3.332,3.339,3.329,3.336,204846.0,68280936.0
2026-07-29 13:05:00+08:00,3.326,3.364,3.311,3.361,1126459.04,375924800.0
2026-07-29 13:10:00+08:00,3.361,3.382,3.352,3.382,688883.04,231912448.0
2026-07-29 13:15:00+08:00,3.382,3.405,3.377,3.403,1404868.96,476523072.0
2026-07-29 13:20:00+08:00,3.401,3.404,3.373,3.379,759467.04,257191376.0
2026-07-29 13:25:00+08:00,3.378,3.396,3.373,3.386,534414.0,180875344.0
2026-07-29 13:30:00+08:00,3.386,3.401,3.385,3.396,633281.0,214942384.0
2026-07-29 13:35:00+08:00,3.397,3.415,3.383,3.415,703356.0,238981984.0
2026-07-29 13:40:00+08:00,3.415,3.425,3.41,3.424,786292.0,268606336.0
2026-07-29 13:45:00+08:00,3.423,3.435,3.421,3.421,836468.0,286657248.0
2026-07-29 13:50:00+08:00,3.421,3.425,3.399,3.4,756248.0,257919760.0
2026-07-29 13:55:00+08:00,3.399,3.406,3.386,3.389,467813.0,158949072.0
2026-07-29 14:00:00+08:00,3.389,3.398,3.388,3.396,364054.0,123565584.0
2026-07-29 14:05:00+08:00,3.396,3.406,3.387,3.387,338609.0,115039320.0
2026-07-29 14:10:00+08:00,3.386,3.386,3.377,3.38,283345.0,95811520.0
2026-07-29 14:15:00+08:00,3.382,3.393,3.379,3.39,294360.0,99588176.0
2026-07-29 14:20:00+08:00,3.391,3.405,3.388,3.401,246686.0,83799584.0
2026-07-29 14:25:00+08:00,3.4,3.402,3.386,3.389,345471.0,117227408.0
2026-07-29 14:30:00+08:00,3.388,3.401,3.387,3.396,529320.0,179663040.0
2026-07-29 14:35:00+08:00,3.395,3.403,3.392,3.393,380237.0,129143912.0
2026-07-29 14:40:00+08:00,3.392,3.395,3.385,3.385,254287.0,86223424.0
2026-07-29 14:45:00+08:00,3.387,3.398,3.387,3.397,326093.0,110677104.0
2026-07-29 14:50:00+08:00,3.396,3.412,3.396,3.412,948104.96,322788448.0
2026-07-29 14:55:00+08:00,3.412,3.412,3.4,3.402,520496.0,177220800.0
2026-07-29 15:00:00+08:00,3.402,3.404,3.4,3.402,521222.0,177311024.0
2026-07-30 09:35:00+08:00,3.35,3.379,3.35,3.373,2453259.04,825773184.0
2026-07-30 09:40:00+08:00,3.373,3.376,3.345,3.36,1706262.08,573299008.0
2026-07-30 09:45:00+08:00,3.359,3.359,3.333,3.342,1328747.04,444307424.0
2026-07-30 09:50:00+08:00,3.342,3.342,3.303,3.324,1838334.08,610704384.0
2026-07-30 09:55:00+08:00,3.322,3.346,3.321,3.346,1549440.0,517006752.0
2026-07-30 10:00:00+08:00,3.349,3.35,3.321,3.323,1421628.96,473349920.0
2026-07-30 10:05:00+08:00,3.323,3.331,3.312,3.316,1031635.04,342536864.0
2026-07-30 10:10:00+08:00,3.314,3.314,3.289,3.297,1792895.04,591732672.0
2026-07-30 10:15:00+08:00,3.297,3.298,3.27,3.27,1553340.0,510308000.0
2026-07-30 10:20:00+08:00,3.271,3.293,3.271,3.288,1281031.04,420137216.0
2026-07-30 10:25:00+08:00,3.289,3.291,3.267,3.269,1057268.0,346497632.0
2026-07-30 10:30:00+08:00,3.268,3.282,3.263,3.271,872748.96,285393632.0
2026-07-30 10:35:00+08:00,3.271,3.279,3.251,3.251,793384.96,259005904.0
2026-07-30 10:40:00+08:00,3.252,3.255,3.24,3.243,1047712.0,340019872.0
2026-07-30 10:45:00+08:00,3.242,3.256,3.238,3.241,762986.0,247732960.0
2026-07-30 10:50:00+08:00,3.241,3.255,3.24,3.245,684648.96,222257088.0
2026-07-30 10:55:00+08:00,3.245,3.247,3.232,3.233,600686.0,194550144.0
2026-07-30 11:00:00+08:00,3.233,3.233,3.221,3.227,921548.0,297379904.0
2026-07-30 11:05:00+08:00,3.226,3.23,3.216,3.228,982490.0,316598240.0
2026-07-30 11:10:00+08:00,3.229,3.246,3.223,3.224,1664052.0,538837952.0
2026-07-30 11:15:00+08:00,3.224,3.229,3.214,3.214,740440.96,238388800.0
2026-07-30 11:20:00+08:00,3.215,3.221,3.207,3.21,675256.0,217006896.0
2026-07-30 11:25:00+08:00,3.211,3.221,3.201,3.214,1193628.0,383025504.0
2026-07-30 11:30:00+08:00,3.215,3.218,3.2,3.204,1077264.0,345119008.0
2026-07-30 13:05:00+08:00,3.205,3.205,3.182,3.192,2257707.04,720900352.0
2026-07-30 13:10:00+08:00,3.192,3.254,3.192,3.248,2118872.96,683980928.0
2026-07-30 13:15:00+08:00,3.246,3.246,3.224,3.242,1289451.04,417311104.0
2026-07-30 13:20:00+08:00,3.242,3.247,3.22,3.239,1046780.0,338209568.0
2026-07-30 13:25:00+08:00,3.235,3.286,3.233,3.283,1370726.08,447375584.0
2026-07-30 13:30:00+08:00,3.285,3.295,3.275,3.287,1586465.92,521340544.0
2026-07-30 13:35:00+08:00,3.287,3.287,3.259,3.267,1175090.0,383945824.0
2026-07-30 13:40:00+08:00,3.265,3.27,3.242,3.246,559937.0,182075552.0
2026-07-30 13:45:00+08:00,3.247,3.27,3.247,3.267,923199.04,300848640.0
2026-07-30 13:50:00+08:00,3.271,3.296,3.271,3.279,1047674.0,344089536.0
2026-07-30 13:55:00+08:00,3.279,3.29,3.263,3.288,593006.0,194307984.0
2026-07-30 14:00:00+08:00,3.289,3.306,3.281,3.293,780183.04,257091296.0
2026-07-30 14:05:00+08:00,3.291,3.306,3.281,3.306,705324.96,232259408.0
2026-07-30 14:10:00+08:00,3.308,3.318,3.308,3.316,772203.04,255899968.0
2026-07-30 14:15:00+08:00,3.315,3.321,3.301,3.308,776372.0,256842272.0
2026-07-30 14:20:00+08:00,3.307,3.344,3.307,3.344,817096.96,271736704.0
2026-07-30 14:25:00+08:00,3.345,3.356,3.338,3.345,852590.0,285485888.0
2026-07-30 14:30:00+08:00,3.343,3.343,3.318,3.332,572352.0,190567568.0
2026-07-30 14:35:00+08:00,3.332,3.341,3.305,3.318,589026.0,195651456.0
2026-07-30 14:40:00+08:00,3.317,3.317,3.29,3.293,393945.0,129919168.0
2026-07-30 14:45:00+08:00,3.294,3.295,3.283,3.289,483004.0,158911264.0
2026-07-30 14:50:00+08:00,3.288,3.292,3.274,3.275,406634.0,133455904.0
2026-07-30 14:55:00+08:00,3.276,3.29,3.275,3.275,608300.0,199687584.0
2026-07-30 15:00:00+08:00,3.275,3.275,3.27,3.27,708295.04,231735712.0
2026-07-31 09:35:00+08:00,3.437,3.45,3.4,3.424,9922097.28,3408324096.0
2026-07-31 09:40:00+08:00,3.423,3.443,3.406,3.443,3170031.04,1085190656.0
2026-07-31 09:45:00+08:00,3.443,3.457,3.443,3.446,2822931.84,974087168.0
2026-07-31 09:50:00+08:00,3.445,3.477,3.445,3.474,2601024.0,901620480.0
2026-07-31 09:55:00+08:00,3.474,3.485,3.473,3.477,1990807.04,692509952.0
2026-07-31 10:00:00+08:00,3.478,3.486,3.476,3.478,1307864.0,455228800.0
2026-07-31 10:05:00+08:00,3.478,3.48,3.453,3.453,1462158.08,506845280.0
2026-07-31 10:10:00+08:00,3.453,3.465,3.452,3.456,985350.0,340604960.0
2026-07-31 10:15:00+08:00,3.457,3.466,3.446,3.446,1129916.96,390419008.0
2026-07-31 10:20:00+08:00,3.445,3.445,3.428,3.444,1421376.96,488587936.0
2026-07-31 10:25:00+08:00,3.441,3.449,3.425,3.425,763126.0,262292432.0
2026-07-31 10:30:00+08:00,3.427,3.442,3.427,3.432,549297.0,188638960.0
2026-07-31 10:35:00+08:00,3.432,3.433,3.422,3.429,770520.0,264082848.0
2026-07-31 10:40:00+08:00,3.429,3.439,3.413,3.413,696076.0,238411984.0
2026-07-31 10:45:00+08:00,3.414,3.437,3.414,3.433,484690.0,166057200.0
2026-07-31 10:50:00+08:00,3.433,3.44,3.421,3.422,486349.0,166931600.0
2026-07-31 10:55:00+08:00,3.422,3.432,3.418,3.43,277788.0,95106000.0
2026-07-31 11:00:00+08:00,3.43,3.444,3.43,3.43,349292.0,120054256.0
2026-07-31 11:05:00+08:00,3.43,3.431,3.415,3.415,583599.0,199724608.0
2026-07-31 11:10:00+08:00,3.416,3.42,3.408,3.408,409558.0,139838560.0
2026-07-31 11:15:00+08:00,3.407,3.41,3.398,3.4,578361.0,196875360.0
2026-07-31 11:20:00+08:00,3.4,3.422,3.4,3.42,348911.0,119016464.0
2026-07-31 11:25:00+08:00,3.42,3.431,3.41,3.411,384304.0,131613112.0
2026-07-31 11:30:00+08:00,3.412,3.43,3.411,3.429,322830.0,110488296.0
2026-07-31 13:05:00+08:00,3.434,3.448,3.419,3.432,836726.0,287210144.0
2026-07-31 13:10:00+08:00,3.433,3.436,3.42,3.42,341471.0,117135744.0
2026-07-31 13:15:00+08:00,3.421,3.428,3.414,3.428,189661.0,64896240.0
2026-07-31 13:20:00+08:00,3.427,3.444,3.427,3.442,349906.0,120305280.0
2026-07-31 13:25:00+08:00,3.442,3.451,3.438,3.438,416187.0,143442976.0
2026-07-31 13:30:00+08:00,3.435,3.436,3.426,3.429,187579.0,64362816.0
2026-07-31 13:35:00+08:00,3.427,3.428,3.421,3.423,209817.0,71870400.0
2026-07-31 13:40:00+08:00,3.421,3.424,3.417,3.421,176459.0,60333656.0
2026-07-31 13:45:00+08:00,3.42,3.423,3.417,3.418,138111.0,47226620.0
2026-07-31 13:50:00+08:00,3.417,3.419,3.412,3.418,269970.0,92196096.0
2026-07-31 13:55:00+08:00,3.419,3.42,3.41,3.411,166013.0,56675888.0
2026-07-31 14:00:00+08:00,3.413,3.415,3.406,3.413,236236.0,80548936.0
2026-07-31 14:05:00+08:00,3.413,3.417,3.408,3.409,285061.0,97271232.0
2026-07-31 14:10:00+08:00,3.411,3.411,3.402,3.403,232917.0,79349168.0
2026-07-31 14:15:00+08:00,3.402,3.402,3.396,3.4,456713.0,155263840.0
2026-07-31 14:20:00+08:00,3.4,3.4,3.393,3.395,523434.0,177721136.0
2026-07-31 14:25:00+08:00,3.396,3.409,3.394,3.409,498112.0,169301184.0
2026-07-31 14:30:00+08:00,3.41,3.415,3.403,3.414,418616.0,142740880.0
2026-07-31 14:35:00+08:00,3.414,3.414,3.397,3.4,423491.0,144044608.0
2026-07-31 14:40:00+08:00,3.4,3.403,3.396,3.397,490786.0,166833728.0
2026-07-31 14:45:00+08:00,3.397,3.397,3.38,3.381,921894.0,312178464.0
2026-07-31 14:50:00+08:00,3.38,3.38,3.369,3.371,938192.96,316667840.0
2026-07-31 14:55:00+08:00,3.371,3.373,3.368,3.369,733786.0,247302192.0
2026-07-31 15:00:00+08:00,3.369,3.371,3.367,3.368,688015.04,231776384.0
2026-08-03 09:35:00+08:00,3.323,3.362,3.323,3.351,2456681.92,820624640.0
2026-08-03 09:40:00+08:00,3.353,3.364,3.33,3.33,1343369.92,449853760.0
2026-08-03 09:45:00+08:00,3.33,3.335,3.308,3.31,1380377.92,458643392.0
2026-08-03 09:50:00+08:00,3.31,3.335,3.3,3.333,1151920.96,381503424.0
2026-08-03 09:55:00+08:00,3.333,3.341,3.316,3.332,852392.0,283706272.0
2026-08-03 10:00:00+08:00,3.332,3.343,3.326,3.335,689403.04,229896032.0
2026-08-03 10:05:00+08:00,3.338,3.346,3.331,3.338,688570.0,229914016.0
2026-08-03 10:10:00+08:00,3.338,3.346,3.33,3.334,540183.0,180302624.0
2026-08-03 10:15:00+08:00,3.334,3.344,3.331,3.342,641265.0,214023712.0
2026-08-03 10:20:00+08:00,3.343,3.343,3.324,3.327,518692.0,172725152.0
2026-08-03 10:25:00+08:00,3.327,3.343,3.325,3.326,315330.0,105107424.0
2026-08-03 10:30:00+08:00,3.326,3.329,3.314,3.315,297939.0,98991648.0
2026-08-03 10:35:00+08:00,3.314,3.327,3.313,3.327,292218.0,96951088.0
2026-08-03 10:40:00+08:00,3.327,3.343,3.322,3.331,346884.0,115682824.0
2026-08-03 10:45:00+08:00,3.332,3.347,3.326,3.34,272347.0,90917784.0
2026-08-03 10:50:00+08:00,3.335,3.343,3.324,3.327,148019.0,49352064.0
2026-08-03 10:55:00+08:00,3.326,3.337,3.322,3.334,140197.0,46676256.0
2026-08-03 11:00:00+08:00,3.334,3.355,3.327,3.35,382044.0,127842592.0
2026-08-03 11:05:00+08:00,3.351,3.365,3.347,3.347,372129.0,124901376.0
2026-08-03 11:10:00+08:00,3.347,3.347,3.332,3.333,208558.0,69650672.0
2026-08-03 11:15:00+08:00,3.334,3.34,3.33,3.334,140809.0,46954316.0
2026-08-03 11:20:00+08:00,3.333,3.346,3.332,3.346,87751.0,29287262.0
2026-08-03 11:25:00+08:00,3.347,3.355,3.335,3.352,258101.0,86348736.0
2026-08-03 11:30:00+08:00,3.352,3.359,3.344,3.351,182165.0,61063860.0
2026-08-03 13:05:00+08:00,3.351,3.363,3.351,3.355,370435.0,124400448.0
2026-08-03 13:10:00+08:00,3.356,3.358,3.342,3.345,255410.0,85578488.0
2026-08-03 13:15:00+08:00,3.346,3.353,3.34,3.344,136143.0,45554512.0
2026-08-03 13:20:00+08:00,3.344,3.35,3.34,3.34,146793.0,49066060.0
2026-08-03 13:25:00+08:00,3.341,3.344,3.337,3.341,156092.0,52135256.0
2026-08-03 13:30:00+08:00,3.339,3.343,3.335,3.339,124221.0,41471920.0
2026-08-03 13:35:00+08:00,3.339,3.34,3.33,3.334,170884.0,56971296.0
2026-08-03 13:40:00+08:00,3.334,3.339,3.328,3.33,183634.0,61179544.0
2026-08-03 13:45:00+08:00,3.331,3.338,3.329,3.333,142075.0,47349312.0
2026-08-03 13:50:00+08:00,3.333,3.333,3.327,3.327,106806.0,35565328.0
2026-08-03 13:55:00+08:00,3.326,3.332,3.326,3.326,130503.0,43442192.0
2026-08-03 14:00:00+08:00,3.328,3.328,3.32,3.32,182155.0,60539952.0
2026-08-03 14:05:00+08:00,3.32,3.321,3.316,3.317,262998.0,87271560.0
2026-08-03 14:10:00+08:00,3.317,3.32,3.31,3.312,364151.0,120709976.0
2026-08-03 14:15:00+08:00,3.312,3.329,3.312,3.329,187723.0,62328380.0
2026-08-03 14:20:00+08:00,3.329,3.329,3.318,3.319,187872.0,62405628.0
2026-08-03 14:25:00+08:00,3.32,3.337,3.318,3.336,313569.0,104410896.0
2026-08-03 14:30:00+08:00,3.336,3.339,3.329,3.329,271118.0,90377912.0
2026-08-03 14:35:00+08:00,3.328,3.331,3.319,3.323,156771.0,52124708.0
2026-08-03 14:40:00+08:00,3.325,3.326,3.318,3.32,203140.0,67470336.0
2026-08-03 14:45:00+08:00,3.321,3.322,3.318,3.322,262448.0,87142616.0
2026-08-03 14:50:00+08:00,3.322,3.325,3.32,3.324,289310.0,96120272.0
2026-08-03 14:55:00+08:00,3.323,3.326,3.32,3.321,551454.0,183212624.0
2026-08-03 15:00:00+08:00,3.322,3.325,3.321,3.325,281809.0,93656248.0
2026-08-04 09:35:00+08:00,3.375,3.384,3.361,3.372,2009447.04,677885888.0
2026-08-04 09:40:00+08:00,3.371,3.405,3.371,3.403,1829439.04,620626688.0
2026-08-04 09:45:00+08:00,3.404,3.415,3.393,3.412,1209446.0,411766816.0
2026-08-04 09:50:00+08:00,3.413,3.428,3.404,3.425,1269426.0,433979968.0
2026-08-04 09:55:00+08:00,3.425,3.445,3.425,3.444,1167792.0,401350944.0
2026-08-04 10:00:00+08:00,3.444,3.454,3.438,3.438,1155743.04,398260480.0
2026-08-04 10:05:00+08:00,3.438,3.438,3.42,3.426,981212.0,336536320.0
2026-08-04 10:10:00+08:00,3.424,3.443,3.42,3.438,644830.0,221334304.0
2026-08-04 10:15:00+08:00,3.436,3.436,3.421,3.432,671692.0,230196448.0
2026-08-04 10:20:00+08:00,3.431,3.44,3.425,3.44,413813.0,142001120.0
2026-08-04 10:25:00+08:00,3.44,3.444,3.428,3.428,392991.0,135016080.0
2026-08-04 10:30:00+08:00,3.429,3.442,3.427,3.439,372965.0,128164536.0
2026-08-04 10:35:00+08:00,3.44,3.449,3.437,3.44,486874.0,167636048.0
2026-08-04 10:40:00+08:00,3.44,3.452,3.44,3.452,434337.0,149796336.0
2026-08-04 10:45:00+08:00,3.453,3.46,3.443,3.454,506499.0,174923760.0
2026-08-04 10:50:00+08:00,3.454,3.459,3.451,3.452,319499.0,110397104.0
2026-08-04 10:55:00+08:00,3.453,3.453,3.442,3.443,304607.0,104976128.0
2026-08-04 11:00:00+08:00,3.444,3.452,3.44,3.44,276435.0,95239744.0
2026-08-04 11:05:00+08:00,3.439,3.441,3.43,3.435,445741.0,153064256.0
2026-08-04 11:10:00+08:00,3.437,3.453,3.434,3.453,262450.0,90410888.0
2026-08-04 11:15:00+08:00,3.454,3.459,3.451,3.459,295513.0,102128904.0
2026-08-04 11:20:00+08:00,3.459,3.465,3.456,3.463,417515.0,144475168.0
2026-08-04 11:25:00+08:00,3.464,3.468,3.462,3.467,324535.0,112466536.0
2026-08-04 11:30:00+08:00,3.468,3.484,3.467,3.482,533920.0,185497424.0
2026-08-04 13:05:00+08:00,3.483,3.5,3.483,3.499,1063560.96,371432384.0
2026-08-04 13:10:00+08:00,3.499,3.499,3.487,3.487,565823.0,197640480.0
2026-08-04 13:15:00+08:00,3.485,3.489,3.48,3.487,460992.0,160595744.0
2026-08-04 13:20:00+08:00,3.488,3.489,3.474,3.476,279470.0,97309360.0
2026-08-04 13:25:00+08:00,3.476,3.492,3.475,3.489,306636.0,106863120.0
2026-08-04 13:30:00+08:00,3.489,3.503,3.489,3.502,565876.0,197920688.0
2026-08-04 13:35:00+08:00,3.502,3.507,3.5,3.502,431641.0,151219376.0
2026-08-04 13:40:00+08:00,3.502,3.512,3.501,3.508,426321.0,149519520.0
2026-08-04 13:45:00+08:00,3.508,3.514,3.504,3.509,319923.0,112276192.0
2026-08-04 13:50:00+08:00,3.51,3.518,3.51,3.514,381100.0,133957072.0
2026-08-04 13:55:00+08:00,3.514,3.516,3.51,3.513,321371.0,112901944.0
2026-08-04 14:00:00+08:00,3.512,3.519,3.511,3.519,299598.0,105290560.0
2026-08-04 14:05:00+08:00,3.519,3.525,3.518,3.522,357740.0,125969784.0
2026-08-04 14:10:00+08:00,3.522,3.528,3.52,3.527,348689.0,122838512.0
2026-08-04 14:15:00+08:00,3.527,3.533,3.517,3.517,458393.0,161738752.0
2026-08-04 14:20:00+08:00,3.515,3.516,3.504,3.509,644337.0,226233136.0
2026-08-04 14:25:00+08:00,3.51,3.512,3.504,3.511,448463.0,157343072.0
2026-08-04 14:30:00+08:00,3.511,3.517,3.511,3.517,314729.0,110601984.0
2026-08-04 14:35:00+08:00,3.517,3.518,3.499,3.499,528260.0,185254560.0
2026-08-04 14:40:00+08:00,3.5,3.51,3.499,3.505,546703.0,191632128.0
2026-08-04 14:45:00+08:00,3.505,3.505,3.5,3.5,454504.0,159197296.0
2026-08-04 14:50:00+08:00,3.5,3.504,3.5,3.503,685952.96,240229808.0
2026-08-04 14:55:00+08:00,3.504,3.509,3.503,3.508,419229.0,146991328.0
2026-08-04 15:00:00+08:00,3.508,3.514,3.507,3.514,549731.0,193029088.0
2026-08-05 09:35:00+08:00,3.4,3.472,3.4,3.46,4868034.88,1671412480.0
2026-08-05 09:40:00+08:00,3.46,3.488,3.46,3.473,1900608.0,660265600.0
2026-08-05 09:45:00+08:00,3.478,3.499,3.478,3.495,1285466.0,448713728.0
2026-08-05 09:50:00+08:00,3.493,3.525,3.493,3.506,1907188.0,669399680.0
2026-08-05 09:55:00+08:00,3.505,3.522,3.501,3.512,1112716.0,390574656.0
2026-08-05 10:00:00+08:00,3.513,3.52,3.499,3.5,899964.96,315936800.0
2026-08-05 10:05:00+08:00,3.499,3.505,3.492,3.493,929476.96,325063648.0
2026-08-05 10:10:00+08:00,3.493,3.497,3.474,3.482,692607.04,241320128.0
2026-08-05 10:15:00+08:00,3.483,3.483,3.456,3.467,942528.0,326926944.0
2026-08-05 10:20:00+08:00,3.469,3.471,3.449,3.467,603579.0,208773408.0
2026-08-05 10:25:00+08:00,3.467,3.485,3.461,3.48,503731.0,174907552.0
2026-08-05 10:30:00+08:00,3.48,3.484,3.472,3.477,389248.0,135385296.0
2026-08-05 10:35:00+08:00,3.477,3.481,3.463,3.48,494440.0,171672720.0
2026-08-05 10:40:00+08:00,3.478,3.495,3.477,3.487,392509.0,136849376.0
2026-08-05 10:45:00+08:00,3.488,3.501,3.488,3.499,343622.0,120129152.0
2026-08-05 10:50:00+08:00,3.498,3.514,3.498,3.514,355794.0,124733064.0
2026-08-05 10:55:00+08:00,3.512,3.513,3.504,3.512,342715.0,120227152.0
2026-08-05 11:00:00+08:00,3.512,3.517,3.506,3.507,615044.0,215937136.0
2026-08-05 11:05:00+08:00,3.508,3.518,3.508,3.513,227940.0,80119992.0
2026-08-05 11:10:00+08:00,3.514,3.518,3.505,3.517,202805.0,71236016.0
2026-08-05 11:15:00+08:00,3.517,3.531,3.516,3.53,393803.0,138733104.0
2026-08-05 11:20:00+08:00,3.531,3.544,3.531,3.534,533899.0,188876064.0
2026-08-05 11:25:00+08:00,3.533,3.545,3.529,3.544,285566.0,100941040.0
2026-08-05 11:30:00+08:00,3.544,3.549,3.54,3.542,323901.0,114803072.0
2026-08-05 13:05:00+08:00,3.543,3.573,3.543,3.572,726579.04,258745024.0
2026-08-05 13:10:00+08:00,3.573,3.574,3.553,3.559,538435.0,191767552.0
2026-08-05 13:15:00+08:00,3.557,3.58,3.555,3.573,496432.0,177263072.0
2026-08-05 13:20:00+08:00,3.57,3.586,3.566,3.58,353247.0,126417728.0
2026-08-05 13:25:00+08:00,3.583,3.599,3.581,3.597,505301.0,181403504.0
2026-08-05 13:30:00+08:00,3.598,3.607,3.589,3.589,714759.04,257167376.0
2026-08-05 13:35:00+08:00,3.589,3.597,3.588,3.592,336017.0,120698576.0
2026-08-05 13:40:00+08:00,3.591,3.592,3.571,3.58,566819.0,202946080.0
2026-08-05 13:45:00+08:00,3.582,3.594,3.574,3.593,330579.0,118402648.0
2026-08-05 13:50:00+08:00,3.594,3.599,3.586,3.59,332144.0,119330864.0
2026-08-05 13:55:00+08:00,3.589,3.598,3.585,3.589,347887.0,124879248.0
2026-08-05 14:00:00+08:00,3.589,3.59,3.578,3.584,285087.0,102179696.0
2026-08-05 14:05:00+08:00,3.584,3.584,3.566,3.57,537880.0,192250352.0
2026-08-05 14:10:00+08:00,3.569,3.569,3.553,3.565,432354.0,153943760.0
2026-08-05 14:15:00+08:00,3.566,3.568,3.549,3.551,423964.0,150774112.0
2026-08-05 14:20:00+08:00,3.551,3.555,3.535,3.538,441696.0,156473680.0
2026-08-05 14:25:00+08:00,3.539,3.548,3.534,3.548,378038.0,133872152.0
2026-08-05 14:30:00+08:00,3.548,3.557,3.548,3.556,277217.0,98523768.0
2026-08-05 14:35:00+08:00,3.557,3.557,3.549,3.553,247467.0,87920240.0
2026-08-05 14:40:00+08:00,3.554,3.556,3.544,3.545,274526.0,97448632.0
2026-08-05 14:45:00+08:00,3.545,3.549,3.543,3.548,255273.0,90528760.0
2026-08-05 14:50:00+08:00,3.548,3.555,3.547,3.553,245026.0,87038808.0
2026-08-05 14:55:00+08:00,3.554,3.557,3.551,3.557,371869.0,132150824.0
2026-08-05 15:00:00+08:00,3.557,3.56,3.557,3.56,270235.0,96174320.0
2026-08-06 09:35:00+08:00,3.497,3.503,3.465,3.476,2328587.04,812062080.0
2026-08-06 09:40:00+08:00,3.476,3.508,3.476,3.507,1379675.04,481994080.0
2026-08-06 09:45:00+08:00,3.507,3.515,3.493,3.512,1029791.04,361049472.0
2026-08-06 09:50:00+08:00,3.51,3.522,3.508,3.51,740988.96,260458352.0
2026-08-06 09:55:00+08:00,3.512,3.512,3.499,3.508,711919.04,249581088.0
2026-08-06 10:00:00+08:00,3.507,3.53,3.507,3.529,636266.0,224135440.0
2026-08-06 10:05:00+08:00,3.529,3.532,3.519,3.521,480504.0,169390896.0
2026-08-06 10:10:00+08:00,3.52,3.535,3.519,3.535,364213.0,128318712.0
2026-08-06 10:15:00+08:00,3.535,3.539,3.523,3.537,445819.0,157367040.0
2026-08-06 10:20:00+08:00,3.538,3.552,3.531,3.548,505293.0,178974448.0
2026-08-06 10:25:00+08:00,3.55,3.556,3.542,3.552,461798.0,163937104.0
2026-08-06 10:30:00+08:00,3.552,3.576,3.552,3.572,593167.0,211554816.0
2026-08-06 10:35:00+08:00,3.573,3.579,3.564,3.569,524710.0,187524496.0
2026-08-06 10:40:00+08:00,3.568,3.569,3.551,3.555,528560.0,188234784.0
2026-08-06 10:45:00+08:00,3.556,3.587,3.554,3.587,544998.0,194680464.0
2026-08-06 10:50:00+08:00,3.587,3.591,3.573,3.589,481263.0,172360832.0
2026-08-06 10:55:00+08:00,3.589,3.596,3.586,3.587,518745.0,186297072.0
2026-08-06 11:00:00+08:00,3.586,3.586,3.574,3.575,442125.0,158222144.0
2026-08-06 11:05:00+08:00,3.574,3.574,3.561,3.565,342465.0,122191896.0
2026-08-06 11:10:00+08:00,3.569,3.572,3.546,3.546,435607.0,154929632.0
2026-08-06 11:15:00+08:00,3.546,3.557,3.541,3.541,267441.0,94963304.0
2026-08-06 11:20:00+08:00,3.541,3.545,3.529,3.531,378033.0,133776776.0
2026-08-06 11:25:00+08:00,3.53,3.54,3.523,3.523,423875.0,149766368.0
2026-08-06 11:30:00+08:00,3.523,3.535,3.517,3.533,401071.0,141307600.0
2026-08-06 13:05:00+08:00,3.534,3.545,3.527,3.534,422426.0,149465920.0
2026-08-06 13:10:00+08:00,3.535,3.546,3.526,3.526,296787.0,104949728.0
2026-08-06 13:15:00+08:00,3.528,3.528,3.514,3.524,255307.0,89845520.0
2026-08-06 13:20:00+08:00,3.526,3.535,3.518,3.519,158525.0,55921576.0
2026-08-06 13:25:00+08:00,3.522,3.528,3.516,3.519,219957.0,77469904.0
2026-08-06 13:30:00+08:00,3.519,3.521,3.509,3.51,174938.0,61483728.0
2026-08-06 13:35:00+08:00,3.512,3.528,3.512,3.52,216311.0,76136128.0
2026-08-06 13:40:00+08:00,3.52,3.52,3.507,3.508,210547.0,73974552.0
2026-08-06 13:45:00+08:00,3.507,3.522,3.504,3.522,255726.0,89753768.0
2026-08-06 13:50:00+08:00,3.523,3.526,3.51,3.512,310178.0,109076832.0
2026-08-06 13:55:00+08:00,3.512,3.521,3.511,3.517,226650.0,79728936.0
2026-08-06 14:00:00+08:00,3.518,3.518,3.508,3.517,111705.0,39234816.0
2026-08-06 14:05:00+08:00,3.519,3.523,3.506,3.506,128646.0,45191076.0
2026-08-06 14:10:00+08:00,3.507,3.51,3.499,3.5,238994.0,83720552.0
2026-08-06 14:15:00+08:00,3.5,3.511,3.498,3.511,274655.0,96200152.0
2026-08-06 14:20:00+08:00,3.511,3.511,3.502,3.508,134882.0,47298600.0
2026-08-06 14:25:00+08:00,3.509,3.526,3.507,3.521,212534.0,74768520.0
2026-08-06 14:30:00+08:00,3.522,3.529,3.518,3.529,127283.0,44835484.0
2026-08-06 14:35:00+08:00,3.529,3.539,3.527,3.539,270905.0,95672760.0
2026-08-06 14:40:00+08:00,3.54,3.544,3.524,3.524,238519.0,84382008.0
2026-08-06 14:45:00+08:00,3.525,3.533,3.524,3.529,246906.0,87093000.0
2026-08-06 14:50:00+08:00,3.53,3.532,3.526,3.531,150135.0,52972980.0
2026-08-06 14:55:00+08:00,3.531,3.539,3.531,3.539,498104.0,176189824.0
2026-08-06 15:00:00+08:00,3.539,3.54,3.538,3.54,323693.0,114568624.0
2026-08-07 09:35:00+08:00,3.54,3.574,3.54,3.554,1622132.0,577955328.0
2026-08-07 09:40:00+08:00,3.553,3.573,3.553,3.561,828422.0,295263616.0
2026-08-07 09:45:00+08:00,3.566,3.572,3.543,3.544,831108.96,295895744.0
2026-08-07 09:50:00+08:00,3.544,3.556,3.529,3.554,925476.0,327707264.0
2026-08-07 09:55:00+08:00,3.55,3.558,3.542,3.546,651389.0,231230544.0
2026-08-07 10:00:00+08:00,3.545,3.565,3.544,3.559,451154.0,160546944.0
2026-08-07 10:05:00+08:00,3.559,3.575,3.558,3.567,490415.0,174908320.0
2026-08-07 10:10:00+08:00,3.568,3.576,3.567,3.575,573244.0,204779712.0
2026-08-07 10:15:00+08:00,3.575,3.588,3.575,3.585,572793.0,205109616.0
2026-08-07 10:20:00+08:00,3.584,3.599,3.584,3.596,503734.0,181029344.0
2026-08-07 10:25:00+08:00,3.596,3.608,3.592,3.601,651891.0,234700000.0
2026-08-07 10:30:00+08:00,3.6,3.602,3.591,3.597,436797.0,157149264.0
2026-08-07 10:35:00+08:00,3.598,3.611,3.597,3.599,453950.0,163639264.0
2026-08-07 10:40:00+08:00,3.599,3.618,3.599,3.614,419541.0,151499488.0
2026-08-07 10:45:00+08:00,3.612,3.615,3.607,3.608,415449.0,150004496.0
2026-08-07 10:50:00+08:00,3.608,3.609,3.597,3.606,567201.0,204331632.0
2026-08-07 10:55:00+08:00,3.605,3.612,3.595,3.595,280851.0,101297448.0
2026-08-07 11:00:00+08:00,3.595,3.602,3.592,3.594,299144.0,107625648.0
2026-08-07 11:05:00+08:00,3.593,3.599,3.585,3.595,413053.0,148339488.0
2026-08-07 11:10:00+08:00,3.595,3.602,3.591,3.593,127737.0,45932296.0
2026-08-07 11:15:00+08:00,3.592,3.592,3.578,3.589,339891.0,121787968.0
2026-08-07 11:20:00+08:00,3.59,3.593,3.577,3.579,220947.0,79181832.0
2026-08-07 11:25:00+08:00,3.579,3.594,3.577,3.593,280092.0,100360808.0
2026-08-07 11:30:00+08:00,3.594,3.604,3.591,3.598,185104.0,66615656.0
2026-08-07 13:05:00+08:00,3.597,3.616,3.597,3.613,557643.0,201303904.0
2026-08-07 13:10:00+08:00,3.614,3.622,3.61,3.613,519603.0,187903952.0
2026-08-07 13:15:00+08:00,3.61,3.624,3.609,3.61,354920.0,128388760.0
2026-08-07 13:20:00+08:00,3.608,3.62,3.607,3.611,269937.0,97583432.0
2026-08-07 13:25:00+08:00,3.611,3.623,3.609,3.623,266802.0,96508896.0
2026-08-07 13:30:00+08:00,3.624,3.633,3.624,3.631,494045.0,179262816.0
2026-08-07 13:35:00+08:00,3.631,3.636,3.627,3.628,326925.0,118734048.0
2026-08-07 13:40:00+08:00,3.627,3.632,3.622,3.627,248461.0,90118648.0
2026-08-07 13:45:00+08:00,3.626,3.631,3.62,3.626,283514.0,102797344.0
2026-08-07 13:50:00+08:00,3.627,3.629,3.624,3.625,134132.0,48634636.0
2026-08-07 13:55:00+08:00,3.625,3.627,3.609,3.614,257998.0,93326104.0
2026-08-07 14:00:00+08:00,3.613,3.614,3.595,3.596,282020.0,101666888.0
2026-08-07 14:05:00+08:00,3.596,3.597,3.581,3.591,526158.0,188808576.0
2026-08-07 14:10:00+08:00,3.591,3.598,3.587,3.596,373841.0,134352832.0
2026-08-07 14:15:00+08:00,3.596,3.6,3.571,3.571,398011.0,142660160.0
2026-08-07 14:20:00+08:00,3.57,3.578,3.56,3.571,617855.0,220483824.0
2026-08-07 14:25:00+08:00,3.57,3.57,3.56,3.56,423593.0,151001824.0
2026-08-07 14:30:00+08:00,3.56,3.569,3.547,3.569,489923.0,174157104.0
2026-08-07 14:35:00+08:00,3.568,3.585,3.565,3.582,426077.0,152253648.0
2026-08-07 14:40:00+08:00,3.583,3.585,3.571,3.573,374852.0,134110160.0
2026-08-07 14:45:00+08:00,3.574,3.582,3.574,3.579,215502.0,77129408.0
2026-08-07 14:50:00+08:00,3.579,3.582,3.573,3.574,224531.0,80351248.0
2026-08-07 14:55:00+08:00,3.574,3.586,3.573,3.586,327512.0,117289880.0
2026-08-07 15:00:00+08:00,3.586,3.587,3.585,3.586,299604.0,107434392.0
2026-08-10 09:35:00+08:00,3.586,3.601,3.568,3.569,1371350.08,491903520.0
2026-08-10 09:40:00+08:00,3.57,3.572,3.542,3.549,1092882.0,388808064.0
2026-08-10 09:45:00+08:00,3.55,3.562,3.535,3.541,818632.96,290319552.0
2026-08-10 09:50:00+08:00,3.543,3.571,3.537,3.553,816598.0,290584768.0
2026-08-10 09:55:00+08:00,3.552,3.563,3.548,3.556,415395.0,147637728.0
2026-08-10 10:00:00+08:00,3.555,3.558,3.545,3.557,381821.0,135541760.0
2026-08-10 10:05:00+08:00,3.556,3.556,3.538,3.541,454250.0,160955808.0
2026-08-10 10:10:00+08:00,3.54,3.541,3.529,3.531,558305.0,197285200.0
2026-08-10 10:15:00+08:00,3.532,3.54,3.521,3.54,473805.0,167164704.0
2026-08-10 10:20:00+08:00,3.541,3.548,3.531,3.535,363581.0,128700568.0
2026-08-10 10:25:00+08:00,3.533,3.535,3.522,3.529,378628.0,133540816.0
2026-08-10 10:30:00+08:00,3.53,3.535,3.523,3.529,224185.0,79094688.0
2026-08-10 10:35:00+08:00,3.528,3.528,3.521,3.525,266679.0,93968384.0
2026-08-10 10:40:00+08:00,3.525,3.527,3.518,3.527,308687.0,108724040.0
2026-08-10 10:45:00+08:00,3.527,3.53,3.514,3.515,338259.0,119059712.0
2026-08-10 10:50:00+08:00,3.514,3.516,3.507,3.512,353059.0,123961776.0
2026-08-10 10:55:00+08:00,3.512,3.522,3.512,3.514,201633.0,70896768.0
2026-08-10 11:00:00+08:00,3.513,3.522,3.508,3.521,208677.0,73349632.0
2026-08-10 11:05:00+08:00,3.52,3.532,3.519,3.53,264131.0,93108112.0
2026-08-10 11:10:00+08:00,3.531,3.536,3.519,3.519,208174.0,73517936.0
2026-08-10 11:15:00+08:00,3.52,3.529,3.514,3.519,250919.0,88317840.0
2026-08-10 11:20:00+08:00,3.518,3.52,3.51,3.513,148621.0,52226096.0
2026-08-10 11:25:00+08:00,3.513,3.514,3.509,3.51,184934.0,64929032.0
2026-08-10 11:30:00+08:00,3.509,3.511,3.506,3.509,185442.0,65052656.0
2026-08-10 13:05:00+08:00,3.509,3.51,3.5,3.503,375417.0,131585776.0
2026-08-10 13:10:00+08:00,3.504,3.513,3.502,3.508,340246.0,119323232.0
2026-08-10 13:15:00+08:00,3.508,3.508,3.498,3.499,387655.0,135748000.0
2026-08-10 13:20:00+08:00,3.498,3.505,3.495,3.504,302280.0,105790512.0
2026-08-10 13:25:00+08:00,3.504,3.509,3.5,3.502,160833.0,56346156.0
2026-08-10 13:30:00+08:00,3.502,3.506,3.496,3.497,232031.0,81246920.0
2026-08-10 13:35:00+08:00,3.498,3.515,3.497,3.509,266304.0,93367208.0
2026-08-10 13:40:00+08:00,3.51,3.517,3.507,3.514,226171.0,79407808.0
2026-08-10 13:45:00+08:00,3.514,3.523,3.514,3.516,349943.0,123146272.0
2026-08-10 13:50:00+08:00,3.515,3.529,3.512,3.514,279142.0,98253160.0
2026-08-10 13:55:00+08:00,3.512,3.518,3.509,3.513,188171.0,66116168.0
2026-08-10 14:00:00+08:00,3.513,3.514,3.51,3.512,90645.0,31836672.0
2026-08-10 14:05:00+08:00,3.511,3.528,3.511,3.527,308049.0,108358944.0
2026-08-10 14:10:00+08:00,3.527,3.535,3.524,3.53,445895.0,157416960.0
2026-08-10 14:15:00+08:00,3.53,3.545,3.53,3.54,320765.0,113543264.0
2026-08-10 14:20:00+08:00,3.54,3.545,3.534,3.543,224668.0,79519640.0
2026-08-10 14:25:00+08:00,3.543,3.555,3.541,3.55,283501.0,100589696.0
2026-08-10 14:30:00+08:00,3.55,3.553,3.545,3.553,184541.0,65503776.0
2026-08-10 14:35:00+08:00,3.553,3.558,3.542,3.542,242653.0,86156728.0
2026-08-10 14:40:00+08:00,3.542,3.553,3.541,3.552,166800.0,59195704.0
2026-08-10 14:45:00+08:00,3.553,3.559,3.551,3.557,176219.0,62642112.0
2026-08-10 14:50:00+08:00,3.557,3.56,3.554,3.555,237019.0,84312520.0
2026-08-10 14:55:00+08:00,3.556,3.56,3.555,3.56,223884.0,79636184.0
2026-08-10 15:00:00+08:00,3.56,3.56,3.558,3.559,299220.0,106504392.0
2026-08-11 09:35:00+08:00,3.545,3.567,3.545,3.555,1267144.0,451010432.0
2026-08-11 09:40:00+08:00,3.554,3.556,3.538,3.539,786826.0,278952544.0
2026-08-11 09:45:00+08:00,3.537,3.555,3.537,3.544,632718.0,224339648.0
2026-08-11 09:50:00+08:00,3.545,3.565,3.544,3.56,587730.0,209008992.0
2026-08-11 09:55:00+08:00,3.561,3.564,3.547,3.551,466461.0,165945920.0
2026-08-11 10:00:00+08:00,3.552,3.557,3.547,3.55,240236.0,85313624.0
2026-08-11 10:05:00+08:00,3.551,3.551,3.535,3.546,438555.0,155325088.0
2026-08-11 10:10:00+08:00,3.546,3.553,3.539,3.553,225996.0,80114184.0
2026-08-11 10:15:00+08:00,3.553,3.581,3.551,3.577,627901.0,223886528.0
2026-08-11 10:20:00+08:00,3.579,3.587,3.574,3.583,479200.0,171621056.0
2026-08-11 10:25:00+08:00,3.584,3.588,3.58,3.588,503827.0,180579296.0
2026-08-11 10:30:00+08:00,3.588,3.597,3.585,3.594,460165.0,165324112.0
2026-08-11 10:35:00+08:00,3.595,3.6,3.59,3.596,419350.0,150787936.0
2026-08-11 10:40:00+08:00,3.597,3.601,3.591,3.6,372327.0,133952384.0
2026-08-11 10:45:00+08:00,3.6,3.614,3.6,3.61,457214.0,164961920.0
2026-08-11 10:50:00+08:00,3.608,3.615,3.602,3.609,307324.0,110901096.0
2026-08-11 10:55:00+08:00,3.611,3.618,3.607,3.617,301635.0,108973944.0
2026-08-11 11:00:00+08:00,3.617,3.617,3.61,3.614,156992.0,56724324.0
2026-08-11 11:05:00+08:00,3.614,3.62,3.608,3.613,281228.0,101673328.0
2026-08-11 11:10:00+08:00,3.613,3.614,3.601,3.606,249889.0,90143024.0
2026-08-11 11:15:00+08:00,3.607,3.612,3.603,3.605,239507.0,86403624.0
2026-08-11 11:20:00+08:00,3.607,3.608,3.595,3.595,168180.0,60553540.0
2026-08-11 11:25:00+08:00,3.597,3.6,3.591,3.598,121644.0,43733164.0
2026-08-11 11:30:00+08:00,3.598,3.605,3.597,3.602,126558.0,45579892.0
2026-08-11 13:05:00+08:00,3.603,3.609,3.591,3.593,193386.0,69628296.0
2026-08-11 13:10:00+08:00,3.593,3.603,3.593,3.597,211455.0,76088880.0
2026-08-11 13:15:00+08:00,3.598,3.603,3.596,3.598,68808.0,24770472.0
2026-08-11 13:20:00+08:00,3.598,3.607,3.598,3.599,138154.0,49766360.0
2026-08-11 13:25:00+08:00,3.599,3.601,3.593,3.597,144952.0,52139852.0
2026-08-11 13:30:00+08:00,3.597,3.597,3.585,3.586,252072.0,90467200.0
2026-08-11 13:35:00+08:00,3.586,3.596,3.583,3.596,424265.0,152287936.0
2026-08-11 13:40:00+08:00,3.595,3.606,3.594,3.6,456176.0,164216832.0
2026-08-11 13:45:00+08:00,3.599,3.602,3.593,3.594,113019.0,40659544.0
2026-08-11 13:50:00+08:00,3.594,3.598,3.592,3.596,60232.0,21650352.0
2026-08-11 13:55:00+08:00,3.595,3.595,3.592,3.594,109096.0,39211084.0
2026-08-11 14:00:00+08:00,3.594,3.6,3.593,3.594,95228.0,34239504.0
2026-08-11 14:05:00+08:00,3.594,3.594,3.585,3.59,281676.0,101075352.0
2026-08-11 14:10:00+08:00,3.59,3.59,3.584,3.586,141122.0,50614864.0
2026-08-11 14:15:00+08:00,3.586,3.596,3.586,3.586,134585.0,48331208.0
2026-08-11 14:20:00+08:00,3.586,3.587,3.582,3.582,177748.0,63705808.0
2026-08-11 14:25:00+08:00,3.581,3.582,3.576,3.578,263454.0,94277224.0
2026-08-11 14:30:00+08:00,3.578,3.578,3.57,3.576,295388.0,105538232.0
2026-08-11 14:35:00+08:00,3.576,3.578,3.57,3.57,188030.0,67199344.0
2026-08-11 14:40:00+08:00,3.569,3.57,3.562,3.563,204598.0,72959208.0
2026-08-11 14:45:00+08:00,3.562,3.574,3.561,3.573,221615.0,79057920.0
2026-08-11 14:50:00+08:00,3.573,3.575,3.569,3.571,288861.0,103197352.0
2026-08-11 14:55:00+08:00,3.572,3.573,3.564,3.564,347286.0,123905752.0
2026-08-11 15:00:00+08:00,3.566,3.567,3.565,3.565,239002.0,85213632.0
2026-08-12 09:35:00+08:00,3.556,3.589,3.556,3.588,968175.04,345422912.0
2026-08-12 09:40:00+08:00,3.587,3.598,3.583,3.59,787832.96,282772416.0
2026-08-12 09:45:00+08:00,3.59,3.604,3.579,3.603,643560.0,230995056.0
2026-08-12 09:50:00+08:00,3.604,3.607,3.595,3.599,486810.0,175295904.0
2026-08-12 09:55:00+08:00,3.6,3.604,3.591,3.592,302538.0,108848376.0
2026-08-12 10:00:00+08:00,3.592,3.597,3.586,3.595,268637.0,96472288.0
2026-08-12 10:05:00+08:00,3.593,3.593,3.583,3.59,325089.0,116595848.0
2026-08-12 10:10:00+08:00,3.59,3.599,3.587,3.596,153196.0,55063528.0
2026-08-12 10:15:00+08:00,3.596,3.6,3.591,3.593,221249.0,79569248.0
2026-08-12 10:20:00+08:00,3.593,3.604,3.59,3.598,204646.0,73622432.0
2026-08-12 10:25:00+08:00,3.598,3.609,3.596,3.606,403524.0,145413648.0
2026-08-12 10:30:00+08:00,3.607,3.614,3.601,3.601,329452.0,118931296.0
2026-08-12 10:35:00+08:00,3.602,3.61,3.6,3.609,150364.0,54218224.0
2026-08-12 10:40:00+08:00,3.609,3.617,3.606,3.613,221215.0,79895240.0
2026-08-12 10:45:00+08:00,3.613,3.617,3.61,3.617,183050.0,66163916.0
2026-08-12 10:50:00+08:00,3.617,3.622,3.614,3.618,467796.0,169295488.0
2026-08-12 10:55:00+08:00,3.619,3.624,3.612,3.612,168518.0,61010036.0
2026-08-12 11:00:00+08:00,3.613,3.616,3.608,3.61,264039.0,95372816.0
2026-08-12 11:05:00+08:00,3.612,3.628,3.612,3.627,405024.0,146737504.0
2026-08-12 11:10:00+08:00,3.627,3.636,3.626,3.632,489359.0,177723968.0
2026-08-12 11:15:00+08:00,3.633,3.634,3.626,3.627,173209.0,62882496.0
2026-08-12 11:20:00+08:00,3.628,3.632,3.619,3.624,187851.0,68070016.0
2026-08-12 11:25:00+08:00,3.624,3.628,3.618,3.626,293174.0,106212672.0
2026-08-12 11:30:00+08:00,3.626,3.632,3.625,3.627,159325.0,57820368.0
2026-08-12 13:05:00+08:00,3.627,3.643,3.627,3.634,689247.04,250591296.0
2026-08-12 13:10:00+08:00,3.634,3.635,3.626,3.628,183649.0,66669296.0
2026-08-12 13:15:00+08:00,3.628,3.628,3.613,3.614,267507.0,96799600.0
2026-08-12 13:20:00+08:00,3.614,3.621,3.614,3.618,197520.0,71444856.0
2026-08-12 13:25:00+08:00,3.618,3.618,3.606,3.606,338642.0,122301488.0
2026-08-12 13:30:00+08:00,3.606,3.612,3.602,3.602,255501.0,92148160.0
2026-08-12 13:35:00+08:00,3.603,3.611,3.603,3.607,160684.0,57977560.0
2026-08-12 13:40:00+08:00,3.607,3.616,3.606,3.612,120141.0,43403844.0
2026-08-12 13:45:00+08:00,3.612,3.612,3.602,3.603,107243.0,38691036.0
2026-08-12 13:50:00+08:00,3.602,3.613,3.601,3.613,169488.0,61149932.0
2026-08-12 13:55:00+08:00,3.613,3.614,3.607,3.612,157511.0,56865936.0
2026-08-12 14:00:00+08:00,3.611,3.616,3.609,3.61,148727.0,53734064.0
2026-08-12 14:05:00+08:00,3.61,3.61,3.602,3.608,140006.0,50485096.0
2026-08-12 14:10:00+08:00,3.607,3.611,3.605,3.605,70663.0,25489470.0
2026-08-12 14:15:00+08:00,3.605,3.605,3.6,3.603,161897.0,58326968.0
2026-08-12 14:20:00+08:00,3.604,3.609,3.603,3.609,59047.0,21289532.0
2026-08-12 14:25:00+08:00,3.609,3.614,3.604,3.613,226847.0,81867320.0
2026-08-12 14:30:00+08:00,3.612,3.622,3.61,3.622,206574.0,74725272.0
2026-08-12 14:35:00+08:00,3.622,3.623,3.615,3.62,197030.0,71310800.0
2026-08-12 14:40:00+08:00,3.62,3.625,3.618,3.624,138910.0,50305716.0
2026-08-12 14:45:00+08:00,3.624,3.626,3.62,3.625,159912.0,57948488.0
2026-08-12 14:50:00+08:00,3.625,3.626,3.62,3.622,189053.0,68486848.0
2026-08-12 14:55:00+08:00,3.621,3.621,3.617,3.619,214876.0,77758976.0
2026-08-12 15:00:00+08:00,3.619,3.621,3.617,3.621,352166.0,127447216.0
2026-08-13 09:35:00+08:00,3.666,3.682,3.666,3.675,1889038.08,693848320.0
2026-08-13 09:40:00+08:00,3.673,3.678,3.656,3.658,848576.96,311254240.0
2026-08-13 09:45:00+08:00,3.66,3.683,3.655,3.679,806811.04,296366144.0
2026-08-13 09:50:00+08:00,3.679,3.692,3.67,3.67,704740.96,259640208.0
2026-08-13 09:55:00+08:00,3.669,3.681,3.663,3.663,507148.0,186253552.0
2026-08-13 10:00:00+08:00,3.663,3.682,3.661,3.674,684306.0,251340672.0
2026-08-13 10:05:00+08:00,3.674,3.687,3.673,3.682,493202.0,181572416.0
2026-08-13 10:10:00+08:00,3.681,3.693,3.675,3.688,443490.0,163468208.0
2026-08-13 10:15:00+08:00,3.688,3.693,3.686,3.688,308960.0,114015704.0
2026-08-13 10:20:00+08:00,3.687,3.692,3.682,3.689,378547.0,139560096.0
2026-08-13 10:25:00+08:00,3.689,3.7,3.687,3.695,665448.0,245926496.0
2026-08-13 10:30:00+08:00,3.695,3.695,3.686,3.686,456549.0,168529504.0
2026-08-13 10:35:00+08:00,3.686,3.69,3.677,3.682,237502.0,87484168.0
2026-08-13 10:40:00+08:00,3.682,3.683,3.668,3.673,321878.0,118290320.0
2026-08-13 10:45:00+08:00,3.675,3.68,3.669,3.678,385292.0,141604704.0
2026-08-13 10:50:00+08:00,3.675,3.678,3.664,3.67,229946.0,84378944.0
2026-08-13 10:55:00+08:00,3.67,3.674,3.662,3.67,185562.0,68062768.0
2026-08-13 11:00:00+08:00,3.669,3.678,3.669,3.673,108836.0,39989872.0
2026-08-13 11:05:00+08:00,3.673,3.683,3.673,3.678,132617.0,48808076.0
2026-08-13 11:10:00+08:00,3.677,3.684,3.67,3.67,221125.0,81312504.0
2026-08-13 11:15:00+08:00,3.669,3.674,3.666,3.668,128064.0,46987024.0
2026-08-13 11:20:00+08:00,3.667,3.672,3.665,3.67,101114.0,37082560.0
2026-08-13 11:25:00+08:00,3.669,3.677,3.668,3.675,87888.0,32283038.0
2026-08-13 11:30:00+08:00,3.674,3.678,3.671,3.676,74007.0,27195846.0
2026-08-13 13:05:00+08:00,3.676,3.687,3.676,3.681,354644.0,130500536.0
2026-08-13 13:10:00+08:00,3.681,3.689,3.68,3.687,147753.0,54446360.0
2026-08-13 13:15:00+08:00,3.687,3.688,3.68,3.68,218925.0,80631336.0
2026-08-13 13:20:00+08:00,3.68,3.683,3.673,3.679,99630.0,36651844.0
2026-08-13 13:25:00+08:00,3.679,3.685,3.678,3.683,197609.0,72748296.0
2026-08-13 13:30:00+08:00,3.681,3.688,3.678,3.686,300700.0,110729632.0
2026-08-13 13:35:00+08:00,3.687,3.69,3.683,3.683,204698.0,75474088.0
2026-08-13 13:40:00+08:00,3.682,3.683,3.676,3.677,117046.0,43057416.0
2026-08-13 13:45:00+08:00,3.677,3.678,3.671,3.671,116335.0,42741176.0
2026-08-13 13:50:00+08:00,3.672,3.676,3.661,3.661,209880.0,76982944.0
2026-08-13 13:55:00+08:00,3.661,3.667,3.659,3.66,187651.0,68726040.0
2026-08-13 14:00:00+08:00,3.661,3.667,3.653,3.655,183808.0,67268128.0
2026-08-13 14:05:00+08:00,3.655,3.665,3.654,3.663,159275.0,58276400.0
2026-08-13 14:10:00+08:00,3.664,3.67,3.661,3.663,192965.0,70748056.0
2026-08-13 14:15:00+08:00,3.664,3.664,3.657,3.658,98919.0,36207480.0
2026-08-13 14:20:00+08:00,3.66,3.662,3.651,3.651,123477.0,45145536.0
2026-08-13 14:25:00+08:00,3.652,3.652,3.645,3.652,219109.0,79948440.0
2026-08-13 14:30:00+08:00,3.652,3.652,3.644,3.65,146591.0,53458300.0
2026-08-13 14:35:00+08:00,3.651,3.653,3.632,3.633,254112.0,92531752.0
2026-08-13 14:40:00+08:00,3.633,3.634,3.621,3.623,433642.0,157301024.0
2026-08-13 14:45:00+08:00,3.623,3.623,3.611,3.623,414354.0,149903616.0
2026-08-13 14:50:00+08:00,3.621,3.627,3.613,3.615,402065.0,145551088.0
2026-08-13 14:55:00+08:00,3.616,3.619,3.603,3.604,393496.0,142082912.0
2026-08-13 15:00:00+08:00,3.605,3.607,3.604,3.604,290677.0,104786704.0
2026-08-14 09:35:00+08:00,3.627,3.633,3.614,3.626,1160927.04,420571488.0
2026-08-14 09:40:00+08:00,3.627,3.64,3.623,3.637,832974.0,302460096.0
2026-08-14 09:45:00+08:00,3.637,3.644,3.627,3.63,581142.0,211247936.0
2026-08-14 09:50:00+08:00,3.632,3.638,3.628,3.63,444950.0,161619904.0
2026-08-14 09:55:00+08:00,3.63,3.631,3.617,3.617,493829.0,178986784.0
2026-08-14 10:00:00+08:00,3.618,3.627,3.617,3.622,409316.0,148255168.0
2026-08-14 10:05:00+08:00,3.62,3.631,3.618,3.621,301591.0,109317096.0
2026-08-14 10:10:00+08:00,3.62,3.624,3.608,3.612,313555.0,113360304.0
2026-08-14 10:15:00+08:00,3.612,3.62,3.607,3.619,331073.0,119660056.0
2026-08-14 10:20:00+08:00,3.619,3.623,3.614,3.616,226647.0,82015960.0
2026-08-14 10:25:00+08:00,3.615,3.632,3.615,3.619,249486.0,90501040.0
2026-08-14 10:30:00+08:00,3.619,3.63,3.618,3.63,253844.0,92028656.0
2026-08-14 10:35:00+08:00,3.63,3.638,3.627,3.636,417140.0,151606400.0
2026-08-14 10:40:00+08:00,3.635,3.647,3.635,3.643,495562.0,180457168.0
2026-08-14 10:45:00+08:00,3.645,3.65,3.634,3.637,260976.0,95129760.0
2026-08-14 10:50:00+08:00,3.638,3.64,3.63,3.633,151776.0,55166500.0
2026-08-14 10:55:00+08:00,3.633,3.638,3.621,3.624,174855.0,63435508.0
2026-08-14 11:00:00+08:00,3.624,3.628,3.619,3.621,150654.0,54585324.0
2026-08-14 11:05:00+08:00,3.621,3.622,3.612,3.614,124301.0,44969292.0
2026-08-14 11:10:00+08:00,3.613,3.623,3.613,3.614,356470.0,129007160.0
2026-08-14 11:15:00+08:00,3.613,3.617,3.611,3.611,189397.0,68430712.0
2026-08-14 11:20:00+08:00,3.612,3.622,3.61,3.622,181355.0,65545004.0
2026-08-14 11:25:00+08:00,3.622,3.624,3.613,3.616,117738.0,42596728.0
2026-08-14 11:30:00+08:00,3.615,3.628,3.613,3.626,148393.0,53700692.0
2026-08-14 13:05:00+08:00,3.628,3.629,3.612,3.612,169926.0,61551132.0
2026-08-14 13:10:00+08:00,3.612,3.612,3.606,3.612,253453.0,91472080.0
2026-08-14 13:15:00+08:00,3.612,3.615,3.607,3.607,137573.0,49669436.0
2026-08-14 13:20:00+08:00,3.607,3.61,3.597,3.603,322208.0,116066128.0
2026-08-14 13:25:00+08:00,3.603,3.603,3.595,3.601,203548.0,73282024.0
2026-08-14 13:30:00+08:00,3.602,3.614,3.602,3.613,149560.0,53958880.0
2026-08-14 13:35:00+08:00,3.614,3.623,3.613,3.622,177950.0,64383508.0
2026-08-14 13:40:00+08:00,3.62,3.637,3.62,3.629,349451.0,126830544.0
2026-08-14 13:45:00+08:00,3.628,3.629,3.622,3.628,159065.0,57680084.0
2026-08-14 13:50:00+08:00,3.628,3.63,3.618,3.621,184430.0,66825384.0
2026-08-14 13:55:00+08:00,3.622,3.638,3.622,3.631,285539.0,103693544.0
2026-08-14 14:00:00+08:00,3.632,3.642,3.632,3.642,199073.0,72416256.0
2026-08-14 14:05:00+08:00,3.643,3.644,3.63,3.63,135883.0,49421524.0
2026-08-14 14:10:00+08:00,3.63,3.636,3.628,3.634,141513.0,51385856.0
2026-08-14 14:15:00+08:00,3.635,3.644,3.634,3.642,117910.0,42909124.0
2026-08-14 14:20:00+08:00,3.642,3.645,3.639,3.644,246194.0,89679800.0
2026-08-14 14:25:00+08:00,3.645,3.645,3.638,3.643,148568.0,54119864.0
2026-08-14 14:30:00+08:00,3.644,3.648,3.641,3.647,203578.0,74189840.0
2026-08-14 14:35:00+08:00,3.648,3.648,3.636,3.64,144715.0,52701380.0
2026-08-14 14:40:00+08:00,3.64,3.64,3.631,3.634,140667.0,51118440.0
2026-08-14 14:45:00+08:00,3.634,3.638,3.633,3.634,97813.0,35560992.0
2026-08-14 14:50:00+08:00,3.635,3.64,3.634,3.638,190041.0,69122288.0
2026-08-14 14:55:00+08:00,3.638,3.645,3.638,3.645,255064.0,92866648.0
2026-08-14 15:00:00+08:00,3.644,3.645,3.643,3.645,214249.0,78084848.0
2026-08-17 09:35:00+08:00,3.65,3.67,3.648,3.665,762512.0,278936960.0
2026-08-17 09:40:00+08:00,3.665,3.666,3.647,3.65,651885.0,238569328.0
2026-08-17 09:45:00+08:00,3.651,3.664,3.645,3.656,454447.0,166136704.0
2026-08-17 09:50:00+08:00,3.656,3.667,3.656,3.662,494023.0,181012176.0
2026-08-17 09:55:00+08:00,3.663,3.664,3.642,3.647,535991.0,195615040.0
2026-08-17 10:00:00+08:00,3.647,3.647,3.628,3.636,436228.0,158719056.0
2026-08-17 10:05:00+08:00,3.634,3.639,3.623,3.634,433873.0,157518304.0
2026-08-17 10:10:00+08:00,3.635,3.647,3.633,3.643,303284.0,110436776.0
2026-08-17 10:15:00+08:00,3.644,3.652,3.644,3.651,281395.0,102647960.0
2026-08-17 10:20:00+08:00,3.651,3.658,3.645,3.653,242549.0,88597648.0
2026-08-17 10:25:00+08:00,3.653,3.658,3.653,3.654,110196.0,40285900.0
2026-08-17 10:30:00+08:00,3.655,3.655,3.643,3.645,128115.0,46739176.0
2026-08-17 10:35:00+08:00,3.645,3.658,3.644,3.656,248756.0,90883056.0
2026-08-17 10:40:00+08:00,3.657,3.667,3.656,3.667,278070.0,101819688.0
2026-08-17 10:45:00+08:00,3.668,3.669,3.661,3.668,183582.0,67316120.0
2026-08-17 10:50:00+08:00,3.668,3.678,3.666,3.673,326752.0,120000584.0
2026-08-17 10:55:00+08:00,3.672,3.684,3.672,3.681,233550.0,85948104.0
2026-08-17 11:00:00+08:00,3.68,3.688,3.678,3.687,350571.0,129075840.0
2026-08-17 11:05:00+08:00,3.688,3.697,3.686,3.69,319580.0,117994552.0
2026-08-17 11:10:00+08:00,3.69,3.694,3.684,3.692,315435.0,116368504.0
2026-08-17 11:15:00+08:00,3.69,3.691,3.68,3.68,148385.0,54708184.0
2026-08-17 11:20:00+08:00,3.68,3.692,3.68,3.692,118679.0,43759632.0
2026-08-17 11:25:00+08:00,3.692,3.693,3.684,3.693,145346.0,53607796.0
2026-08-17 11:30:00+08:00,3.692,3.695,3.69,3.692,159610.0,58946888.0
2026-08-17 13:05:00+08:00,3.691,3.719,3.691,3.718,648941.0,240324800.0
2026-08-17 13:10:00+08:00,3.716,3.744,3.716,3.742,564304.0,210393648.0
2026-08-17 13:15:00+08:00,3.742,3.742,3.73,3.737,427211.0,159546912.0
2026-08-17 13:20:00+08:00,3.736,3.745,3.733,3.736,302522.0,113140152.0
2026-08-17 13:25:00+08:00,3.738,3.738,3.724,3.729,215638.0,80435000.0
2026-08-17 13:30:00+08:00,3.727,3.729,3.716,3.725,209236.0,77880816.0
2026-08-17 13:35:00+08:00,3.726,3.739,3.723,3.739,269913.0,100677344.0
2026-08-17 13:40:00+08:00,3.739,3.741,3.735,3.736,262446.0,98117904.0
2026-08-17 13:45:00+08:00,3.735,3.738,3.73,3.734,119355.0,44566000.0
2026-08-17 13:50:00+08:00,3.734,3.736,3.724,3.735,134647.0,50220424.0
2026-08-17 13:55:00+08:00,3.736,3.74,3.732,3.74,167582.0,62627132.0
2026-08-17 14:00:00+08:00,3.74,3.741,3.736,3.74,223503.0,83557976.0
2026-08-17 14:05:00+08:00,3.74,3.743,3.737,3.741,221377.0,82805728.0
2026-08-17 14:10:00+08:00,3.743,3.747,3.738,3.743,397098.0,148650272.0
2026-08-17 14:15:00+08:00,3.743,3.747,3.741,3.744,211253.0,79113568.0
2026-08-17 14:20:00+08:00,3.743,3.747,3.741,3.745,143172.0,53606400.0
2026-08-17 14:25:00+08:00,3.745,3.749,3.74,3.742,199427.0,74700880.0
2026-08-17 14:30:00+08:00,3.742,3.744,3.74,3.743,127769.0,47810340.0
2026-08-17 14:35:00+08:00,3.744,3.744,3.733,3.74,186184.0,69581296.0
2026-08-17 14:40:00+08:00,3.739,3.746,3.739,3.745,160220.0,59975400.0
2026-08-17 14:45:00+08:00,3.746,3.75,3.745,3.749,268967.0,100796528.0
2026-08-17 14:50:00+08:00,3.749,3.755,3.749,3.753,399344.0,149797152.0
2026-08-17 14:55:00+08:00,3.754,3.758,3.752,3.756,348312.0,130787440.0
2026-08-17 15:00:00+08:00,3.756,3.758,3.756,3.756,259234.0,97383624.0
2026-08-18 09:35:00+08:00,3.748,3.755,3.738,3.744,842120.0,315504896.0
2026-08-18 09:40:00+08:00,3.744,3.766,3.743,3.765,648440.0,243299456.0
2026-08-18 09:45:00+08:00,3.765,3.767,3.745,3.746,583839.0,219254160.0
2026-08-18 09:50:00+08:00,3.745,3.746,3.727,3.728,655236.0,244867888.0
2026-08-18 09:55:00+08:00,3.729,3.74,3.723,3.732,407295.0,151969024.0
2026-08-18 10:00:00+08:00,3.731,3.736,3.724,3.727,363626.0,135565104.0
2026-08-18 10:05:00+08:00,3.728,3.742,3.726,3.739,458557.0,171322192.0
2026-08-18 10:10:00+08:00,3.738,3.74,3.73,3.737,220010.0,82156984.0
2026-08-18 10:15:00+08:00,3.737,3.737,3.73,3.735,119459.0,44596156.0
2026-08-18 10:20:00+08:00,3.736,3.737,3.724,3.729,196603.0,73307528.0
2026-08-18 10:25:00+08:00,3.729,3.729,3.716,3.716,336746.0,125326040.0
2026-08-18 10:30:00+08:00,3.717,3.725,3.716,3.718,330523.0,122936000.0
2026-08-18 10:35:00+08:00,3.715,3.726,3.715,3.726,213964.0,79579584.0
2026-08-18 10:40:00+08:00,3.726,3.728,3.72,3.72,156902.0,58433808.0
2026-08-18 10:45:00+08:00,3.72,3.723,3.717,3.718,104919.0,39024704.0
2026-08-18 10:50:00+08:00,3.717,3.717,3.705,3.709,240949.0,89377600.0
2026-08-18 10:55:00+08:00,3.708,3.709,3.698,3.699,291190.0,107801792.0
2026-08-18 11:00:00+08:00,3.7,3.7,3.691,3.695,284607.0,105150480.0
2026-08-18 11:05:00+08:00,3.694,3.707,3.694,3.698,272154.0,100747416.0
2026-08-18 11:10:00+08:00,3.696,3.696,3.683,3.684,292679.0,107991304.0
2026-08-18 11:15:00+08:00,3.684,3.699,3.683,3.699,335210.0,123689856.0
2026-08-18 11:20:00+08:00,3.7,3.705,3.693,3.705,246865.0,91336096.0
2026-08-18 11:25:00+08:00,3.705,3.708,3.701,3.707,77596.0,28744800.0
2026-08-18 11:30:00+08:00,3.707,3.717,3.707,3.711,176113.0,65378892.0
2026-08-18 13:05:00+08:00,3.709,3.713,3.697,3.698,331986.0,122956576.0
2026-08-18 13:10:00+08:00,3.698,3.711,3.697,3.702,120196.0,44525592.0
2026-08-18 13:15:00+08:00,3.702,3.702,3.693,3.693,99602.0,36812936.0
2026-08-18 13:20:00+08:00,3.693,3.709,3.691,3.709,190317.0,70372408.0
2026-08-18 13:25:00+08:00,3.709,3.712,3.698,3.7,179933.0,66636540.0
2026-08-18 13:30:00+08:00,3.7,3.702,3.695,3.698,165704.0,61280476.0
2026-08-18 13:35:00+08:00,3.698,3.702,3.691,3.701,233649.0,86317744.0
2026-08-18 13:40:00+08:00,3.703,3.705,3.696,3.701,138497.0,51232356.0
2026-08-18 13:45:00+08:00,3.7,3.709,3.696,3.707,175865.0,65139792.0
2026-08-18 13:50:00+08:00,3.707,3.712,3.702,3.712,101946.0,37774656.0
2026-08-18 13:55:00+08:00,3.712,3.718,3.71,3.713,126151.0,46867312.0
2026-08-18 14:00:00+08:00,3.715,3.721,3.71,3.711,119389.0,44370840.0
2026-08-18 14:05:00+08:00,3.711,3.717,3.708,3.716,165215.0,61333012.0
2026-08-18 14:10:00+08:00,3.716,3.716,3.702,3.704,73672.0,27322684.0
2026-08-18 14:15:00+08:00,3.702,3.709,3.702,3.707,92031.0,34106440.0
2026-08-18 14:20:00+08:00,3.707,3.707,3.702,3.706,88424.0,32753756.0
2026-08-18 14:25:00+08:00,3.706,3.717,3.705,3.716,89592.0,33266330.0
2026-08-18 14:30:00+08:00,3.716,3.725,3.715,3.724,189154.0,70384688.0
2026-08-18 14:35:00+08:00,3.724,3.734,3.721,3.734,250751.0,93480056.0
2026-08-18 14:40:00+08:00,3.735,3.738,3.729,3.733,161074.0,60149256.0
2026-08-18 14:45:00+08:00,3.733,3.733,3.725,3.731,152314.0,56789288.0
2026-08-18 14:50:00+08:00,3.73,3.731,3.723,3.723,183601.0,68419896.0
2026-08-18 14:55:00+08:00,3.724,3.725,3.721,3.725,155408.0,57860680.0
2026-08-18 15:00:00+08:00,3.725,3.725,3.723,3.723,194299.0,72346336.0
2026-08-19 09:35:00+08:00,3.655,3.655,3.605,3.612,3367666.88,1221132416.0
2026-08-19 09:40:00+08:00,3.615,3.63,3.603,3.63,1379094.08,499149056.0
2026-08-19 09:45:00+08:00,3.63,3.64,3.625,3.626,876524.96,318432640.0
2026-08-19 09:50:00+08:00,3.625,3.629,3.615,3.627,583994.0,211501264.0
2026-08-19 09:55:00+08:00,3.624,3.626,3.614,3.617,725764.96,262708448.0
2026-08-19 10:00:00+08:00,3.616,3.622,3.61,3.611,338102.0,122219728.0
2026-08-19 10:05:00+08:00,3.611,3.623,3.611,3.613,367861.0,133023824.0
2026-08-19 10:10:00+08:00,3.612,3.614,3.6,3.605,718858.0,259139680.0
2026-08-19 10:15:00+08:00,3.604,3.604,3.582,3.584,728944.0,261904176.0
2026-08-19 10:20:00+08:00,3.584,3.585,3.57,3.573,570276.0,204081408.0
2026-08-19 10:25:00+08:00,3.572,3.591,3.572,3.585,678995.04,243337344.0
2026-08-19 10:30:00+08:00,3.583,3.592,3.572,3.572,332076.0,118969472.0
2026-08-19 10:35:00+08:00,3.572,3.575,3.559,3.562,812135.04,289545856.0
2026-08-19 10:40:00+08:00,3.564,3.57,3.551,3.555,733767.04,261098144.0
2026-08-19 10:45:00+08:00,3.555,3.574,3.554,3.555,791820.96,282136672.0
2026-08-19 10:50:00+08:00,3.554,3.58,3.553,3.58,377551.0,134610416.0
2026-08-19 10:55:00+08:00,3.581,3.581,3.565,3.565,381321.0,136329920.0
2026-08-19 11:00:00+08:00,3.569,3.577,3.562,3.563,299399.0,106885960.0
2026-08-19 11:05:00+08:00,3.563,3.571,3.557,3.561,318251.0,113424832.0
2026-08-19 11:10:00+08:00,3.559,3.56,3.554,3.558,379975.0,135131344.0
2026-08-19 11:15:00+08:00,3.557,3.557,3.55,3.553,384445.0,136555856.0
2026-08-19 11:20:00+08:00,3.554,3.559,3.546,3.548,429967.0,152658448.0
2026-08-19 11:25:00+08:00,3.548,3.55,3.54,3.542,302689.0,107255664.0
2026-08-19 11:30:00+08:00,3.543,3.546,3.54,3.542,375321.0,132942704.0
2026-08-19 13:05:00+08:00,3.541,3.541,3.524,3.525,906820.96,320270240.0
2026-08-19 13:10:00+08:00,3.524,3.526,3.513,3.519,674108.0,237254384.0
2026-08-19 13:15:00+08:00,3.519,3.521,3.508,3.51,629670.0,221298112.0
2026-08-19 13:20:00+08:00,3.511,3.511,3.504,3.51,450967.0,158171392.0
2026-08-19 13:25:00+08:00,3.512,3.541,3.512,3.534,1536705.92,542496448.0
2026-08-19 13:30:00+08:00,3.533,3.54,3.521,3.531,439754.0,155251056.0
2026-08-19 13:35:00+08:00,3.531,3.549,3.528,3.54,699179.04,247675088.0
2026-08-19 13:40:00+08:00,3.54,3.546,3.531,3.546,461854.0,163469856.0
2026-08-19 13:45:00+08:00,3.547,3.548,3.531,3.534,310027.0,109724048.0
2026-08-19 13:50:00+08:00,3.533,3.536,3.528,3.529,168175.0,59399284.0
2026-08-19 13:55:00+08:00,3.529,3.533,3.523,3.523,483220.0,170484864.0
2026-08-19 14:00:00+08:00,3.523,3.523,3.516,3.516,204486.0,71954528.0
2026-08-19 14:05:00+08:00,3.517,3.52,3.514,3.517,274256.0,96457096.0
2026-08-19 14:10:00+08:00,3.517,3.525,3.512,3.512,283453.0,99711776.0
2026-08-19 14:15:00+08:00,3.513,3.523,3.512,3.518,369280.0,129860296.0
2026-08-19 14:20:00+08:00,3.516,3.516,3.505,3.51,438728.0,153957200.0
2026-08-19 14:25:00+08:00,3.51,3.513,3.501,3.502,436886.0,153183216.0
2026-08-19 14:30:00+08:00,3.502,3.507,3.499,3.5,610676.0,213816448.0
2026-08-19 14:35:00+08:00,3.5,3.5,3.49,3.494,554775.0,193879952.0
2026-08-19 14:40:00+08:00,3.495,3.496,3.482,3.486,525587.0,183316752.0
2026-08-19 14:45:00+08:00,3.489,3.491,3.473,3.478,826335.04,287655680.0
2026-08-19 14:50:00+08:00,3.478,3.504,3.478,3.504,915427.04,319720864.0
2026-08-19 14:55:00+08:00,3.504,3.51,3.495,3.495,755180.96,264560768.0
2026-08-19 15:00:00+08:00,3.494,3.498,3.494,3.498,608514.0,212777776.0
2026-08-20 09:35:00+08:00,3.527,3.537,3.507,3.516,1784393.92,628567360.0
2026-08-20 09:40:00+08:00,3.517,3.525,3.5,3.521,847372.96,297824640.0
2026-08-20 09:45:00+08:00,3.522,3.542,3.52,3.536,995300.96,351679904.0
2026-08-20 09:50:00+08:00,3.535,3.546,3.527,3.527,700314.0,247888944.0
2026-08-20 09:55:00+08:00,3.529,3.538,3.529,3.533,486770.0,172002640.0
2026-08-20 10:00:00+08:00,3.532,3.542,3.53,3.541,482411.0,170575168.0
2026-08-20 10:05:00+08:00,3.541,3.55,3.539,3.539,667684.0,236746608.0
2026-08-20 10:10:00+08:00,3.54,3.547,3.535,3.546,649192.0,229905744.0
2026-08-20 10:15:00+08:00,3.546,3.548,3.525,3.529,327118.0,115674280.0
2026-08-20 10:20:00+08:00,3.529,3.531,3.511,3.514,473102.0,166586032.0
2026-08-20 10:25:00+08:00,3.514,3.52,3.507,3.514,335639.0,117864552.0
2026-08-20 10:30:00+08:00,3.514,3.527,3.508,3.522,277439.0,97605472.0
2026-08-20 10:35:00+08:00,3.522,3.522,3.514,3.514,152622.0,53705740.0
2026-08-20 10:40:00+08:00,3.513,3.519,3.509,3.512,171852.0,60352644.0
2026-08-20 10:45:00+08:00,3.513,3.524,3.51,3.521,166712.0,58627648.0
2026-08-20 10:50:00+08:00,3.522,3.534,3.522,3.533,178815.0,63105500.0
2026-08-20 10:55:00+08:00,3.532,3.537,3.529,3.534,181244.0,64063596.0
2026-08-20 11:00:00+08:00,3.536,3.54,3.528,3.53,241590.0,85394112.0
2026-08-20 11:05:00+08:00,3.531,3.534,3.519,3.519,119867.0,42302152.0
2026-08-20 11:10:00+08:00,3.519,3.522,3.514,3.516,87305.0,30721134.0
2026-08-20 11:15:00+08:00,3.518,3.518,3.511,3.511,194498.0,68318800.0
2026-08-20 11:20:00+08:00,3.511,3.518,3.509,3.517,156581.0,54989316.0
2026-08-20 11:25:00+08:00,3.518,3.526,3.517,3.519,159635.0,56222880.0
2026-08-20 11:30:00+08:00,3.518,3.527,3.518,3.526,90384.0,31834378.0
2026-08-20 13:05:00+08:00,3.528,3.532,3.524,3.524,292956.0,103344664.0
2026-08-20 13:10:00+08:00,3.526,3.528,3.516,3.517,196931.0,69378936.0
2026-08-20 13:15:00+08:00,3.519,3.522,3.51,3.51,127278.0,44729356.0
2026-08-20 13:20:00+08:00,3.511,3.516,3.507,3.512,190296.0,66797296.0
2026-08-20 13:25:00+08:00,3.514,3.523,3.512,3.516,135117.0,47519604.0
2026-08-20 13:30:00+08:00,3.515,3.519,3.51,3.51,93697.0,32914458.0
2026-08-20 13:35:00+08:00,3.51,3.511,3.503,3.503,194421.0,68152432.0
2026-08-20 13:40:00+08:00,3.503,3.503,3.493,3.497,603086.0,210932160.0
2026-08-20 13:45:00+08:00,3.497,3.509,3.497,3.502,448717.0,157224064.0
2026-08-20 13:50:00+08:00,3.502,3.507,3.5,3.507,185860.0,65115232.0
2026-08-20 13:55:00+08:00,3.507,3.507,3.493,3.493,93605.0,32753620.0
2026-08-20 14:00:00+08:00,3.494,3.496,3.486,3.486,212243.0,74081680.0
2026-08-20 14:05:00+08:00,3.486,3.491,3.476,3.482,293326.0,102099888.0
2026-08-20 14:10:00+08:00,3.483,3.493,3.482,3.483,199575.0,69585344.0
2026-08-20 14:15:00+08:00,3.482,3.5,3.481,3.491,195704.0,68359376.0
2026-08-20 14:20:00+08:00,3.489,3.493,3.485,3.489,163336.0,57003660.0
2026-08-20 14:25:00+08:00,3.488,3.488,3.481,3.483,222088.0,77371144.0
2026-08-20 14:30:00+08:00,3.484,3.486,3.48,3.486,168692.0,58754344.0
2026-08-20 14:35:00+08:00,3.487,3.497,3.487,3.495,192062.0,67042320.0
2026-08-20 14:40:00+08:00,3.496,3.498,3.488,3.496,248073.0,86644400.0
2026-08-20 14:45:00+08:00,3.498,3.506,3.496,3.503,217623.0,76213776.0
2026-08-20 14:50:00+08:00,3.504,3.511,3.502,3.511,446566.0,156631104.0
2026-08-20 14:55:00+08:00,3.511,3.511,3.506,3.509,224156.0,78646896.0
2026-08-20 15:00:00+08:00,3.51,3.513,3.509,3.512,367352.0,128969328.0
2026-08-21 09:35:00+08:00,3.502,3.52,3.496,3.504,1059838.0,371659904.0
2026-08-21 09:40:00+08:00,3.506,3.512,3.497,3.507,663235.0,232384064.0
2026-08-21 09:45:00+08:00,3.507,3.543,3.502,3.54,841232.0,296213056.0
2026-08-21 09:50:00+08:00,3.541,3.551,3.541,3.547,1103332.0,391279712.0
2026-08-21 09:55:00+08:00,3.548,3.56,3.544,3.556,892115.04,317083872.0
2026-08-21 10:00:00+08:00,3.557,3.563,3.544,3.561,628616.0,223304384.0
2026-08-21 10:05:00+08:00,3.563,3.568,3.552,3.564,551185.0,196332944.0
2026-08-21 10:10:00+08:00,3.565,3.569,3.56,3.567,580772.0,207095504.0
2026-08-21 10:15:00+08:00,3.567,3.573,3.562,3.572,678904.96,242239088.0
2026-08-21 10:20:00+08:00,3.575,3.58,3.565,3.568,596792.0,213342192.0
2026-08-21 10:25:00+08:00,3.567,3.567,3.555,3.563,369977.0,131717360.0
2026-08-21 10:30:00+08:00,3.563,3.572,3.558,3.567,441726.0,157530064.0
2026-08-21 10:35:00+08:00,3.567,3.569,3.554,3.555,393746.0,140307712.0
2026-08-21 10:40:00+08:00,3.554,3.563,3.548,3.549,414352.0,147329136.0
2026-08-21 10:45:00+08:00,3.551,3.56,3.543,3.557,339851.0,120679960.0
2026-08-21 10:50:00+08:00,3.558,3.563,3.556,3.558,241263.0,85899872.0
2026-08-21 10:55:00+08:00,3.561,3.573,3.561,3.569,334318.0,119287408.0
2026-08-21 11:00:00+08:00,3.569,3.575,3.566,3.567,373564.0,133398808.0
2026-08-21 11:05:00+08:00,3.567,3.572,3.56,3.562,258283.0,92111072.0
2026-08-21 11:10:00+08:00,3.561,3.561,3.554,3.554,79960.0,28447244.0
2026-08-21 11:15:00+08:00,3.554,3.554,3.547,3.55,89261.0,31690632.0
2026-08-21 11:20:00+08:00,3.55,3.56,3.55,3.55,144859.0,51494824.0
2026-08-21 11:25:00+08:00,3.549,3.559,3.545,3.559,190026.0,67451608.0
2026-08-21 11:30:00+08:00,3.557,3.563,3.555,3.555,97845.0,34818792.0
2026-08-21 13:05:00+08:00,3.554,3.565,3.553,3.556,268068.0,95361848.0
2026-08-21 13:10:00+08:00,3.555,3.562,3.544,3.547,259468.0,92165224.0
2026-08-21 13:15:00+08:00,3.547,3.561,3.547,3.56,296181.0,105246904.0
2026-08-21 13:20:00+08:00,3.557,3.565,3.554,3.565,118190.0,42067116.0
2026-08-21 13:25:00+08:00,3.566,3.566,3.556,3.56,167656.0,59694544.0
2026-08-21 13:30:00+08:00,3.56,3.566,3.557,3.562,218567.0,77886720.0
2026-08-21 13:35:00+08:00,3.562,3.562,3.554,3.555,89143.0,31711632.0
2026-08-21 13:40:00+08:00,3.553,3.561,3.548,3.55,125852.0,44726264.0
2026-08-21 13:45:00+08:00,3.549,3.551,3.546,3.546,78526.0,27866264.0
2026-08-21 13:50:00+08:00,3.546,3.552,3.545,3.552,244270.0,86638992.0
2026-08-21 13:55:00+08:00,3.552,3.552,3.543,3.544,138915.0,49284100.0
2026-08-21 14:00:00+08:00,3.543,3.552,3.543,3.549,200581.0,71177360.0
2026-08-21 14:05:00+08:00,3.547,3.547,3.536,3.537,153342.0,54313936.0
2026-08-21 14:10:00+08:00,3.537,3.548,3.536,3.546,175486.0,62144884.0
2026-08-21 14:15:00+08:00,3.547,3.555,3.547,3.555,163435.0,58053576.0
2026-08-21 14:20:00+08:00,3.556,3.56,3.553,3.559,207070.0,73649384.0
2026-08-21 14:25:00+08:00,3.559,3.567,3.559,3.565,397300.0,141579152.0
2026-08-21 14:30:00+08:00,3.564,3.571,3.564,3.569,196446.0,70103768.0
2026-08-21 14:35:00+08:00,3.568,3.574,3.567,3.568,271930.0,97091720.0
2026-08-21 14:40:00+08:00,3.568,3.57,3.563,3.565,206348.0,73590264.0
2026-08-21 14:45:00+08:00,3.565,3.567,3.56,3.563,161022.0,57382472.0
2026-08-21 14:50:00+08:00,3.563,3.563,3.555,3.561,291860.0,103845968.0
2026-08-21 14:55:00+08:00,3.561,3.564,3.56,3.561,360580.0,128448192.0
2026-08-21 15:00:00+08:00,3.562,3.563,3.56,3.56,236326.0,84152624.0
2026-08-24 09:35:00+08:00,3.557,3.57,3.536,3.55,1183984.0,420421664.0
2026-08-24 09:40:00+08:00,3.552,3.556,3.511,3.512,859023.04,303555264.0
2026-08-24 09:45:00+08:00,3.51,3.524,3.488,3.489,992696.0,347856704.0
2026-08-24 09:50:00+08:00,3.49,3.504,3.489,3.495,584356.0,204257312.0
2026-08-24 09:55:00+08:00,3.496,3.508,3.48,3.481,650791.0,227277392.0
2026-08-24 10:00:00+08:00,3.481,3.486,3.463,3.466,538301.0,187128224.0
2026-08-24 10:05:00+08:00,3.466,3.485,3.462,3.48,588821.0,204538400.0
2026-08-24 10:10:00+08:00,3.479,3.494,3.479,3.494,416811.0,145376384.0
2026-08-24 10:15:00+08:00,3.495,3.495,3.484,3.487,285460.0,99567272.0
2026-08-24 10:20:00+08:00,3.486,3.487,3.473,3.474,220915.0,76807544.0
2026-08-24 10:25:00+08:00,3.474,3.481,3.472,3.479,248851.0,86492904.0
2026-08-24 10:30:00+08:00,3.479,3.487,3.468,3.47,200729.0,69749296.0
2026-08-24 10:35:00+08:00,3.469,3.473,3.465,3.465,336425.0,116691104.0
2026-08-24 10:40:00+08:00,3.465,3.466,3.457,3.46,426948.0,147826464.0
2026-08-24 10:45:00+08:00,3.459,3.462,3.448,3.452,474376.0,163882944.0
2026-08-24 10:50:00+08:00,3.452,3.458,3.447,3.451,375335.0,129576352.0
2026-08-24 10:55:00+08:00,3.453,3.453,3.445,3.447,450769.0,155463488.0
2026-08-24 11:00:00+08:00,3.447,3.45,3.442,3.445,267095.0,92032112.0
2026-08-24 11:05:00+08:00,3.444,3.445,3.434,3.436,364903.0,125510544.0
2026-08-24 11:10:00+08:00,3.434,3.444,3.431,3.441,386978.0,133040472.0
2026-08-24 11:15:00+08:00,3.441,3.449,3.434,3.447,655491.0,225523360.0
2026-08-24 11:20:00+08:00,3.448,3.453,3.442,3.446,230596.0,79486144.0
2026-08-24 11:25:00+08:00,3.447,3.449,3.434,3.439,346329.0,119066264.0
2026-08-24 11:30:00+08:00,3.439,3.444,3.435,3.441,224803.0,77305104.0
2026-08-24 13:05:00+08:00,3.441,3.441,3.419,3.421,682747.04,234080128.0
2026-08-24 13:10:00+08:00,3.42,3.437,3.42,3.433,173050.0,59335864.0
2026-08-24 13:15:00+08:00,3.431,3.431,3.422,3.427,177661.0,60876200.0
2026-08-24 13:20:00+08:00,3.426,3.426,3.42,3.42,328556.0,112412368.0
2026-08-24 13:25:00+08:00,3.42,3.429,3.417,3.426,336674.0,115176568.0
2026-08-24 13:30:00+08:00,3.426,3.427,3.416,3.418,234498.0,80187632.0
2026-08-24 13:35:00+08:00,3.417,3.422,3.408,3.409,371170.0,126703496.0
2026-08-24 13:40:00+08:00,3.409,3.412,3.404,3.41,414469.0,141215168.0
2026-08-24 13:45:00+08:00,3.409,3.415,3.405,3.406,397565.0,135511440.0
2026-08-24 13:50:00+08:00,3.406,3.406,3.398,3.399,471784.0,160468992.0
2026-08-24 13:55:00+08:00,3.4,3.4,3.395,3.399,260873.0,88635592.0
2026-08-24 14:00:00+08:00,3.4,3.411,3.398,3.402,411698.0,140117344.0
2026-08-24 14:05:00+08:00,3.402,3.41,3.398,3.409,412513.0,140403024.0
2026-08-24 14:10:00+08:00,3.409,3.421,3.404,3.421,402452.0,137285200.0
2026-08-24 14:15:00+08:00,3.421,3.429,3.42,3.424,407914.0,139672912.0
2026-08-24 14:20:00+08:00,3.424,3.432,3.417,3.428,273128.0,93527536.0
2026-08-24 14:25:00+08:00,3.426,3.44,3.426,3.44,256212.0,87956360.0
2026-08-24 14:30:00+08:00,3.44,3.444,3.431,3.432,200855.0,69063408.0
2026-08-24 14:35:00+08:00,3.433,3.433,3.421,3.422,221595.0,75919752.0
2026-08-24 14:40:00+08:00,3.424,3.438,3.424,3.434,179105.0,61456972.0
2026-08-24 14:45:00+08:00,3.433,3.44,3.431,3.438,232114.0,79740808.0
2026-08-24 14:50:00+08:00,3.437,3.452,3.437,3.451,379875.0,130918352.0
2026-08-24 14:55:00+08:00,3.451,3.457,3.449,3.45,444890.0,153636480.0
2026-08-24 15:00:00+08:00,3.451,3.457,3.451,3.457,343209.0,118558288.0
2026-08-25 09:35:00+08:00,3.404,3.421,3.396,3.41,2298376.96,782482624.0
2026-08-25 09:40:00+08:00,3.411,3.411,3.393,3.402,908836.0,309198624.0
2026-08-25 09:45:00+08:00,3.399,3.401,3.387,3.389,734131.04,249062112.0
2026-08-25 09:50:00+08:00,3.388,3.391,3.376,3.39,1191508.0,403247456.0
2026-08-25 09:55:00+08:00,3.387,3.407,3.381,3.405,626318.0,212644096.0
2026-08-25 10:00:00+08:00,3.406,3.425,3.406,3.416,657416.0,224556864.0
2026-08-25 10:05:00+08:00,3.415,3.431,3.406,3.428,771918.0,263792608.0
2026-08-25 10:10:00+08:00,3.429,3.432,3.422,3.428,434775.0,149009440.0
2026-08-25 10:15:00+08:00,3.429,3.429,3.417,3.422,317240.0,108513640.0
2026-08-25 10:20:00+08:00,3.424,3.44,3.424,3.428,481957.0,165488832.0
2026-08-25 10:25:00+08:00,3.429,3.434,3.426,3.431,270564.0,92789272.0
2026-08-25 10:30:00+08:00,3.429,3.429,3.414,3.415,310488.0,106154608.0
2026-08-25 10:35:00+08:00,3.415,3.418,3.406,3.406,203551.0,69418656.0
2026-08-25 10:40:00+08:00,3.405,3.412,3.401,3.41,304587.0,103743808.0
2026-08-25 10:45:00+08:00,3.41,3.413,3.396,3.398,191634.0,65200888.0
2026-08-25 10:50:00+08:00,3.399,3.402,3.396,3.397,181456.0,61664220.0
2026-08-25 10:55:00+08:00,3.399,3.401,3.394,3.396,234993.0,79842880.0
2026-08-25 11:00:00+08:00,3.396,3.398,3.389,3.389,252839.0,85790288.0
2026-08-25 11:05:00+08:00,3.389,3.393,3.384,3.39,343654.0,116469104.0
2026-08-25 11:10:00+08:00,3.39,3.395,3.385,3.394,252594.0,85622944.0
2026-08-25 11:15:00+08:00,3.394,3.405,3.394,3.4,338814.0,115134336.0
2026-08-25 11:20:00+08:00,3.4,3.402,3.389,3.389,195938.0,66530296.0
2026-08-25 11:25:00+08:00,3.389,3.398,3.385,3.398,206957.0,70166488.0
2026-08-25 11:30:00+08:00,3.397,3.402,3.392,3.401,169914.0,57724640.0
2026-08-25 13:05:00+08:00,3.403,3.431,3.403,3.429,765456.0,261836512.0
2026-08-25 13:10:00+08:00,3.429,3.443,3.422,3.443,496684.0,170600736.0
2026-08-25 13:15:00+08:00,3.443,3.454,3.436,3.453,443344.0,152692896.0
2026-08-25 13:20:00+08:00,3.454,3.461,3.441,3.445,582247.0,200988512.0
2026-08-25 13:25:00+08:00,3.446,3.448,3.437,3.444,300296.0,103411376.0
2026-08-25 13:30:00+08:00,3.444,3.449,3.434,3.434,177058.0,60952988.0
2026-08-25 13:35:00+08:00,3.434,3.437,3.427,3.428,222730.0,76409952.0
2026-08-25 13:40:00+08:00,3.428,3.433,3.423,3.423,276800.0,94917600.0
2026-08-25 13:45:00+08:00,3.423,3.426,3.412,3.415,212073.0,72479280.0
2026-08-25 13:50:00+08:00,3.415,3.417,3.406,3.41,355956.0,121419584.0
2026-08-25 13:55:00+08:00,3.411,3.414,3.409,3.413,356323.0,121549760.0
2026-08-25 14:00:00+08:00,3.414,3.418,3.412,3.415,128356.0,43831460.0
2026-08-25 14:05:00+08:00,3.415,3.424,3.414,3.421,201400.0,68882304.0
2026-08-25 14:10:00+08:00,3.422,3.426,3.419,3.42,122261.0,41846768.0
2026-08-25 14:15:00+08:00,3.419,3.419,3.412,3.417,199278.0,68069000.0
2026-08-25 14:20:00+08:00,3.416,3.422,3.412,3.421,185251.0,63284504.0
2026-08-25 14:25:00+08:00,3.421,3.424,3.42,3.42,134188.0,45914736.0
2026-08-25 14:30:00+08:00,3.42,3.42,3.416,3.418,172438.0,58932224.0
2026-08-25 14:35:00+08:00,3.417,3.431,3.417,3.431,428121.0,146644144.0
2026-08-25 14:40:00+08:00,3.431,3.431,3.42,3.421,207070.0,70917504.0
2026-08-25 14:45:00+08:00,3.422,3.424,3.417,3.42,241917.0,82742840.0
2026-08-25 14:50:00+08:00,3.419,3.42,3.415,3.416,304415.0,104040616.0
2026-08-25 14:55:00+08:00,3.416,3.418,3.414,3.417,373279.0,127514080.0
2026-08-25 15:00:00+08:00,3.416,3.419,3.416,3.419,464099.0,158608304.0
2026-08-26 09:35:00+08:00,3.423,3.433,3.411,3.43,1275126.0,436516384.0
2026-08-26 09:40:00+08:00,3.431,3.434,3.415,3.424,807432.0,276590912.0
2026-08-26 09:45:00+08:00,3.426,3.426,3.413,3.42,541606.0,185172928.0
2026-08-26 09:50:00+08:00,3.421,3.438,3.421,3.433,926972.0,318101408.0
2026-08-26 09:55:00+08:00,3.435,3.436,3.42,3.425,486820.0,166906832.0
2026-08-26 10:00:00+08:00,3.425,3.428,3.411,3.411,495062.0,169342656.0
2026-08-26 10:05:00+08:00,3.411,3.411,3.395,3.407,661190.0,225075776.0
2026-08-26 10:10:00+08:00,3.407,3.418,3.405,3.414,357512.0,121921696.0
2026-08-26 10:15:00+08:00,3.412,3.426,3.407,3.426,340223.0,116190104.0
2026-08-26 10:20:00+08:00,3.426,3.432,3.424,3.426,361183.0,123829592.0
2026-08-26 10:25:00+08:00,3.425,3.434,3.425,3.429,433402.0,148695584.0
2026-08-26 10:30:00+08:00,3.43,3.432,3.425,3.429,284233.0,97461328.0
2026-08-26 10:35:00+08:00,3.43,3.449,3.428,3.448,681883.04,234693824.0
2026-08-26 10:40:00+08:00,3.448,3.465,3.446,3.462,693264.0,239540736.0
2026-08-26 10:45:00+08:00,3.463,3.474,3.463,3.463,818244.96,283807552.0
2026-08-26 10:50:00+08:00,3.462,3.466,3.46,3.463,498489.0,172639840.0
2026-08-26 10:55:00+08:00,3.465,3.467,3.455,3.457,325355.0,112641488.0
2026-08-26 11:00:00+08:00,3.457,3.458,3.448,3.451,252381.0,87116232.0
2026-08-26 11:05:00+08:00,3.451,3.454,3.444,3.453,203234.0,70087888.0
2026-08-26 11:10:00+08:00,3.452,3.456,3.448,3.452,179492.0,61975092.0
2026-08-26 11:15:00+08:00,3.453,3.462,3.453,3.46,197400.0,68254504.0
2026-08-26 11:20:00+08:00,3.461,3.465,3.456,3.464,152638.0,52819268.0
2026-08-26 11:25:00+08:00,3.464,3.469,3.462,3.467,215934.0,74851872.0
2026-08-26 11:30:00+08:00,3.469,3.472,3.461,3.461,380948.0,132187808.0
2026-08-26 13:05:00+08:00,3.462,3.467,3.455,3.456,370350.0,128186144.0
2026-08-26 13:10:00+08:00,3.456,3.459,3.45,3.456,189437.0,65450580.0
2026-08-26 13:15:00+08:00,3.456,3.456,3.445,3.448,222922.0,76862792.0
2026-08-26 13:20:00+08:00,3.447,3.45,3.442,3.443,241120.0,83088864.0
2026-08-26 13:25:00+08:00,3.443,3.45,3.44,3.445,271304.0,93433064.0
2026-08-26 13:30:00+08:00,3.446,3.45,3.445,3.446,189374.0,65282672.0
2026-08-26 13:35:00+08:00,3.447,3.457,3.446,3.447,277952.0,95924872.0
2026-08-26 13:40:00+08:00,3.447,3.447,3.441,3.441,181448.0,62485700.0
2026-08-26 13:45:00+08:00,3.441,3.445,3.439,3.444,168841.0,58106936.0
2026-08-26 13:50:00+08:00,3.444,3.45,3.443,3.447,208097.0,71714144.0
2026-08-26 13:55:00+08:00,3.447,3.448,3.444,3.445,97583.0,33622264.0
2026-08-26 14:00:00+08:00,3.444,3.448,3.44,3.442,200674.0,69144792.0
2026-08-26 14:05:00+08:00,3.441,3.441,3.435,3.437,210723.0,72450160.0
2026-08-26 14:10:00+08:00,3.437,3.437,3.43,3.43,244244.0,83827048.0
2026-08-26 14:15:00+08:00,3.429,3.439,3.429,3.439,283154.0,97230464.0
2026-08-26 14:20:00+08:00,3.437,3.438,3.432,3.433,224069.0,76967920.0
2026-08-26 14:25:00+08:00,3.434,3.436,3.431,3.433,77304.0,26543770.0
2026-08-26 14:30:00+08:00,3.434,3.44,3.433,3.439,188318.0,64724508.0
2026-08-26 14:35:00+08:00,3.439,3.444,3.438,3.44,188365.0,64819024.0
2026-08-26 14:40:00+08:00,3.44,3.441,3.434,3.438,270494.0,92979144.0
2026-08-26 14:45:00+08:00,3.438,3.44,3.435,3.436,346571.0,119146184.0
2026-08-26 14:50:00+08:00,3.434,3.437,3.432,3.434,432129.0,148401440.0
2026-08-26 14:55:00+08:00,3.434,3.436,3.433,3.433,671579.04,230661536.0
2026-08-26 15:00:00+08:00,3.433,3.434,3.432,3.432,362391.0,124390704.0
2026-08-27 09:35:00+08:00,3.45,3.459,3.437,3.44,1467119.04,505865760.0
2026-08-27 09:40:00+08:00,3.439,3.445,3.432,3.445,571915.0,196674512.0
2026-08-27 09:45:00+08:00,3.445,3.445,3.427,3.44,602066.0,206865536.0
2026-08-27 09:50:00+08:00,3.44,3.454,3.44,3.454,505200.0,174093760.0
2026-08-27 09:55:00+08:00,3.454,3.455,3.449,3.452,423782.0,146313744.0
2026-08-27 10:00:00+08:00,3.451,3.458,3.445,3.445,433334.0,149684016.0
2026-08-27 10:05:00+08:00,3.444,3.456,3.444,3.448,483614.0,166941296.0
2026-08-27 10:10:00+08:00,3.448,3.453,3.442,3.452,287612.0,99143440.0
2026-08-27 10:15:00+08:00,3.453,3.463,3.45,3.461,667640.0,230882288.0
2026-08-27 10:20:00+08:00,3.462,3.465,3.455,3.455,357267.0,123682712.0
2026-08-27 10:25:00+08:00,3.455,3.459,3.448,3.45,214512.0,74069760.0
2026-08-27 10:30:00+08:00,3.45,3.455,3.448,3.449,142200.0,49074008.0
2026-08-27 10:35:00+08:00,3.449,3.459,3.445,3.459,229048.0,79016592.0
2026-08-27 10:40:00+08:00,3.459,3.465,3.458,3.464,274523.0,95018176.0
2026-08-27 10:45:00+08:00,3.466,3.468,3.46,3.466,268130.0,92889904.0
2026-08-27 10:50:00+08:00,3.467,3.474,3.464,3.471,379854.0,131735016.0
2026-08-27 10:55:00+08:00,3.472,3.481,3.471,3.476,355850.0,123715072.0
2026-08-27 11:00:00+08:00,3.476,3.483,3.468,3.469,328233.0,114092816.0
2026-08-27 11:05:00+08:00,3.469,3.473,3.465,3.469,377356.0,130897200.0
2026-08-27 11:10:00+08:00,3.471,3.473,3.461,3.463,174124.0,60402680.0
2026-08-27 11:15:00+08:00,3.463,3.472,3.46,3.472,145463.0,50393620.0
2026-08-27 11:20:00+08:00,3.473,3.478,3.47,3.477,492755.0,171129440.0
2026-08-27 11:25:00+08:00,3.477,3.481,3.476,3.48,299491.0,104192560.0
2026-08-27 11:30:00+08:00,3.48,3.489,3.48,3.484,317669.0,110716896.0
2026-08-27 13:05:00+08:00,3.48,3.481,3.47,3.472,423769.0,147305184.0
2026-08-27 13:10:00+08:00,3.472,3.478,3.47,3.47,125362.0,43548084.0
2026-08-27 13:15:00+08:00,3.47,3.474,3.464,3.473,208176.0,72200320.0
2026-08-27 13:20:00+08:00,3.472,3.472,3.461,3.463,366092.0,126896784.0
2026-08-27 13:25:00+08:00,3.463,3.467,3.46,3.467,228558.0,79146568.0
2026-08-27 13:30:00+08:00,3.468,3.47,3.458,3.462,205788.0,71281248.0
2026-08-27 13:35:00+08:00,3.462,3.462,3.453,3.457,220995.0,76400552.0
2026-08-27 13:40:00+08:00,3.457,3.462,3.454,3.458,135203.0,46752860.0
2026-08-27 13:45:00+08:00,3.458,3.466,3.455,3.466,167524.0,57970840.0
2026-08-27 13:50:00+08:00,3.466,3.472,3.465,3.469,227283.0,78839448.0
2026-08-27 13:55:00+08:00,3.47,3.471,3.461,3.463,136488.0,47287148.0
2026-08-27 14:00:00+08:00,3.463,3.468,3.461,3.467,123578.0,42805892.0
2026-08-27 14:05:00+08:00,3.467,3.473,3.464,3.472,135209.0,46894924.0
2026-08-27 14:10:00+08:00,3.472,3.475,3.47,3.47,231446.0,80391296.0
2026-08-27 14:15:00+08:00,3.471,3.474,3.468,3.474,79187.0,27483152.0
2026-08-27 14:20:00+08:00,3.474,3.477,3.473,3.476,164533.0,57182480.0
2026-08-27 14:25:00+08:00,3.477,3.48,3.474,3.48,117086.0,40709816.0
2026-08-27 14:30:00+08:00,3.48,3.485,3.479,3.485,262632.0,91457280.0
2026-08-27 14:35:00+08:00,3.486,3.489,3.484,3.488,222838.0,77705216.0
2026-08-27 14:40:00+08:00,3.488,3.489,3.483,3.487,158904.0,55397760.0
2026-08-27 14:45:00+08:00,3.488,3.492,3.488,3.491,320766.0,111931128.0
2026-08-27 14:50:00+08:00,3.491,3.494,3.49,3.491,395771.0,138211984.0
2026-08-27 14:55:00+08:00,3.492,3.492,3.49,3.491,216356.0,75526128.0
2026-08-27 15:00:00+08:00,3.491,3.494,3.49,3.494,317838.0,111011440.0
2026-08-28 09:35:00+08:00,3.478,3.5,3.469,3.497,1178151.04,410515712.0
2026-08-28 09:40:00+08:00,3.498,3.509,3.497,3.499,881920.96,308912960.0
2026-08-28 09:45:00+08:00,3.499,3.502,3.486,3.502,749160.96,261592592.0
2026-08-28 09:50:00+08:00,3.503,3.522,3.498,3.52,718018.0,251870048.0
2026-08-28 09:55:00+08:00,3.52,3.528,3.519,3.521,726876.0,256137392.0
2026-08-28 10:00:00+08:00,3.52,3.539,3.52,3.529,625801.0,220879456.0
2026-08-28 10:05:00+08:00,3.53,3.534,3.522,3.53,536974.0,189493360.0
2026-08-28 10:10:00+08:00,3.529,3.531,3.522,3.522,441057.0,155560512.0
2026-08-28 10:15:00+08:00,3.522,3.523,3.511,3.514,438914.0,154358144.0
2026-08-28 10:20:00+08:00,3.514,3.516,3.505,3.509,418267.0,146907408.0
2026-08-28 10:25:00+08:00,3.509,3.519,3.507,3.509,231483.0,81323944.0
2026-08-28 10:30:00+08:00,3.512,3.516,3.504,3.508,204644.0,71782032.0
2026-08-28 10:35:00+08:00,3.507,3.508,3.499,3.501,267201.0,93575096.0
2026-08-28 10:40:00+08:00,3.503,3.503,3.488,3.492,323971.0,113144136.0
2026-08-28 10:45:00+08:00,3.491,3.495,3.486,3.488,313781.0,109491760.0
2026-08-28 10:50:00+08:00,3.488,3.488,3.475,3.477,461037.0,160444272.0
2026-08-28 10:55:00+08:00,3.477,3.484,3.47,3.475,373675.0,129940264.0
2026-08-28 11:00:00+08:00,3.475,3.486,3.475,3.475,328528.0,114347504.0
2026-08-28 11:05:00+08:00,3.476,3.488,3.474,3.48,141504.0,49279904.0
2026-08-28 11:10:00+08:00,3.482,3.482,3.473,3.473,159200.0,55369048.0
2026-08-28 11:15:00+08:00,3.473,3.479,3.471,3.471,137380.0,47730952.0
2026-08-28 11:20:00+08:00,3.472,3.486,3.471,3.486,112718.0,39236600.0
2026-08-28 11:25:00+08:00,3.486,3.486,3.473,3.477,139169.0,48401412.0
2026-08-28 11:30:00+08:00,3.477,3.482,3.473,3.478,91267.0,31735000.0
2026-08-28 13:05:00+08:00,3.479,3.479,3.465,3.467,254102.0,88205480.0
2026-08-28 13:10:00+08:00,3.467,3.473,3.463,3.467,177721.0,61618508.0
2026-08-28 13:15:00+08:00,3.466,3.468,3.461,3.468,155168.0,53745984.0
2026-08-28 13:20:00+08:00,3.467,3.479,3.467,3.477,180945.0,62848624.0
2026-08-28 13:25:00+08:00,3.477,3.477,3.465,3.466,125751.0,43618968.0
2026-08-28 13:30:00+08:00,3.466,3.469,3.464,3.469,156148.0,54124292.0
2026-08-28 13:35:00+08:00,3.469,3.469,3.46,3.461,133489.0,46241144.0
2026-08-28 13:40:00+08:00,3.461,3.462,3.452,3.459,258685.0,89438368.0
2026-08-28 13:45:00+08:00,3.459,3.46,3.454,3.459,137816.0,47648896.0
2026-08-28 13:50:00+08:00,3.459,3.461,3.456,3.461,112363.0,38859808.0
2026-08-28 13:55:00+08:00,3.461,3.469,3.461,3.469,163649.0,56720984.0
2026-08-28 14:00:00+08:00,3.469,3.47,3.457,3.458,145573.0,50426592.0
2026-08-28 14:05:00+08:00,3.457,3.46,3.455,3.46,152847.0,52849144.0
2026-08-28 14:10:00+08:00,3.461,3.461,3.455,3.459,94824.0,32778794.0
2026-08-28 14:15:00+08:00,3.459,3.465,3.459,3.464,86397.0,29918920.0
2026-08-28 14:20:00+08:00,3.465,3.467,3.456,3.461,101273.0,35043120.0
2026-08-28 14:25:00+08:00,3.461,3.461,3.455,3.456,134571.0,46526408.0
2026-08-28 14:30:00+08:00,3.457,3.461,3.455,3.459,159171.0,55023272.0
2026-08-28 14:35:00+08:00,3.458,3.462,3.456,3.456,131042.0,45328064.0
2026-08-28 14:40:00+08:00,3.457,3.457,3.453,3.453,349760.0,120830584.0
2026-08-28 14:45:00+08:00,3.453,3.454,3.445,3.446,487694.0,168166960.0
2026-08-28 14:50:00+08:00,3.446,3.448,3.441,3.443,496109.0,170888736.0
2026-08-28 14:55:00+08:00,3.444,3.444,3.44,3.444,381644.0,131378144.0
2026-08-28 15:00:00+08:00,3.443,3.445,3.443,3.443,276831.0,95324160.0
