date,open,high,low,close,volume,amount
2026-07-01 09:35:00+08:00,2.346,2.36,2.344,2.355,1897084.96,446026208.0
2026-07-01 09:40:00+08:00,2.355,2.355,2.339,2.343,1344800.96,315713664.0
2026-07-01 09:45:00+08:00,2.343,2.37,2.331,2.369,1275394.0,299859392.0
2026-07-01 09:50:00+08:00,2.37,2.38,2.361,2.366,1317500.96,312232640.0
2026-07-01 09:55:00+08:00,2.366,2.378,2.365,2.377,934718.0,221679712.0
2026-07-01 10:00:00+08:00,2.377,2.378,2.363,2.364,656059.0,155463024.0
2026-07-01 10:05:00+08:00,2.363,2.388,2.359,2.383,1035240.0,246160672.0
2026-07-01 10:10:00+08:00,2.383,2.385,2.363,2.369,737444.96,175172576.0
2026-07-01 10:15:00+08:00,2.369,2.385,2.358,2.358,793079.04,188234784.0
2026-07-01 10:20:00+08:00,2.358,2.382,2.35,2.382,1159208.96,273867712.0
2026-07-01 10:25:00+08:00,2.383,2.39,2.378,2.389,923695.04,220198416.0
2026-07-01 10:30:00+08:00,2.389,2.39,2.362,2.375,1010339.04,240225952.0
2026-07-01 10:35:00+08:00,2.376,2.377,2.356,2.358,642763.0,152211440.0
2026-07-01 10:40:00+08:00,2.36,2.36,2.337,2.341,1580329.92,370880704.0
2026-07-01 10:45:00+08:00,2.342,2.343,2.321,2.339,1489592.0,347313120.0
2026-07-01 10:50:00+08:00,2.34,2.354,2.335,2.354,681067.04,159455904.0
2026-07-01 10:55:00+08:00,2.355,2.363,2.351,2.355,570029.0,134264192.0
2026-07-01 11:00:00+08:00,2.356,2.368,2.352,2.352,233178.0,55084940.0
2026-07-01 11:05:00+08:00,2.352,2.366,2.351,2.352,342452.0,80732432.0
2026-07-01 11:10:00+08:00,2.352,2.363,2.347,2.356,397657.0,93654048.0
2026-07-01 11:15:00+08:00,2.356,2.356,2.341,2.347,424137.0,99529600.0
2026-07-01 11:20:00+08:00,2.347,2.353,2.341,2.342,616379.0,144654304.0
2026-07-01 11:25:00+08:00,2.341,2.341,2.326,2.337,720152.0,167973088.0
2026-07-01 11:30:00+08:00,2.336,2.342,2.333,2.337,981664.0,229478864.0
2026-07-01 13:05:00+08:00,2.338,2.338,2.31,2.311,1780889.92,413327744.0
2026-07-01 13:10:00+08:00,2.31,2.319,2.301,2.301,1038207.04,239734304.0
2026-07-01 13:15:00+08:00,2.302,2.308,2.286,2.287,1122574.0,258075296.0
2026-07-01 13:20:00+08:00,2.286,2.319,2.285,2.319,1209876.96,278229760.0
2026-07-01 13:25:00+08:00,2.319,2.325,2.313,2.315,632935.0,146861920.0
2026-07-01 13:30:00+08:00,2.314,2.314,2.293,2.293,476466.0,109702936.0
2026-07-01 13:35:00+08:00,2.293,2.306,2.293,2.298,765228.96,175933072.0
2026-07-01 13:40:00+08:00,2.298,2.301,2.289,2.29,713923.04,163734784.0
2026-07-01 13:45:00+08:00,2.291,2.291,2.276,2.277,729852.96,166607744.0
2026-07-01 13:50:00+08:00,2.279,2.288,2.277,2.278,767998.0,175365392.0
2026-07-01 13:55:00+08:00,2.278,2.278,2.265,2.266,863999.04,196210160.0
2026-07-01 14:00:00+08:00,2.266,2.294,2.264,2.294,1127848.96,256820016.0
2026-07-01 14:05:00+08:00,2.293,2.3,2.287,2.297,561625.0,128872904.0
2026-07-01 14:10:00+08:00,2.297,2.3,2.29,2.29,319173.0,73303152.0
2026-07-01 14:15:00+08:00,2.29,2.294,2.282,2.282,360180.0,82396120.0
2026-07-01 14:20:00+08:00,2.282,2.282,2.271,2.271,432720.0,98490456.0
2026-07-01 14:25:00+08:00,2.271,2.282,2.27,2.27,659225.0,150014816.0
2026-07-01 14:30:00+08:00,2.27,2.275,2.266,2.268,752432.0,170692496.0
2026-07-01 14:35:00+08:00,2.267,2.273,2.266,2.266,766994.0,174072672.0
2026-07-01 14:40:00+08:00,2.267,2.267,2.252,2.259,747043.04,168831984.0
2026-07-01 14:45:00+08:00,2.259,2.286,2.259,2.286,731656.0,166306672.0
2026-07-01 14:50:00+08:00,2.285,2.286,2.276,2.276,652279.0,148830784.0
2026-07-01 14:55:00+08:00,2.276,2.291,2.276,2.291,560177.0,127911440.0
2026-07-01 15:00:00+08:00,2.291,2.292,2.288,2.29,694238.0,158974080.0
2026-07-02 09:35:00+08:00,2.22,2.22,2.153,2.175,4688978.88,1023638272.0
2026-07-02 09:40:00+08:00,2.179,2.199,2.175,2.193,2843896.0,622393792.0
2026-07-02 09:45:00+08:00,2.193,2.198,2.17,2.173,1985582.08,433548032.0
2026-07-02 09:50:00+08:00,2.173,2.205,2.165,2.198,2011078.08,439051744.0
2026-07-02 09:55:00+08:00,2.198,2.22,2.197,2.22,1374700.0,303689024.0
2026-07-02 10:00:00+08:00,2.22,2.225,2.206,2.21,1222262.0,270790688.0
2026-07-02 10:05:00+08:00,2.212,2.24,2.209,2.231,1271166.0,283257088.0
2026-07-02 10:10:00+08:00,2.231,2.238,2.217,2.231,1149490.0,256159808.0
2026-07-02 10:15:00+08:00,2.23,2.234,2.219,2.225,768312.96,171053328.0
2026-07-02 10:20:00+08:00,2.225,2.227,2.199,2.205,856775.04,189398496.0
2026-07-02 10:25:00+08:00,2.203,2.213,2.198,2.208,924827.04,203898656.0
2026-07-02 10:30:00+08:00,2.209,2.211,2.199,2.202,496339.0,109437112.0
2026-07-02 10:35:00+08:00,2.201,2.222,2.201,2.22,487751.0,107972600.0
2026-07-02 10:40:00+08:00,2.219,2.23,2.216,2.225,352496.0,78337168.0
2026-07-02 10:45:00+08:00,2.226,2.228,2.216,2.217,635139.0,141127072.0
2026-07-02 10:50:00+08:00,2.217,2.221,2.213,2.213,328088.0,72748280.0
2026-07-02 10:55:00+08:00,2.213,2.214,2.199,2.202,441591.0,97352072.0
2026-07-02 11:00:00+08:00,2.201,2.203,2.196,2.196,500408.0,110011896.0
2026-07-02 11:05:00+08:00,2.196,2.201,2.193,2.195,278068.0,61057536.0
2026-07-02 11:10:00+08:00,2.197,2.204,2.189,2.204,584487.0,128219872.0
2026-07-02 11:15:00+08:00,2.203,2.209,2.197,2.208,311303.0,68572384.0
2026-07-02 11:20:00+08:00,2.208,2.214,2.202,2.204,529441.0,116964496.0
2026-07-02 11:25:00+08:00,2.203,2.208,2.192,2.193,283504.0,62305096.0
2026-07-02 11:30:00+08:00,2.191,2.192,2.182,2.187,403549.0,88268904.0
2026-07-02 13:05:00+08:00,2.187,2.188,2.174,2.188,811438.0,176950384.0
2026-07-02 13:10:00+08:00,2.189,2.189,2.177,2.178,321291.0,70175464.0
2026-07-02 13:15:00+08:00,2.178,2.18,2.173,2.179,607719.0,132274032.0
2026-07-02 13:20:00+08:00,2.179,2.179,2.166,2.168,644421.0,140003920.0
2026-07-02 13:25:00+08:00,2.166,2.169,2.158,2.162,1006998.0,217751776.0
2026-07-02 13:30:00+08:00,2.162,2.164,2.154,2.154,1321752.96,285289568.0
2026-07-02 13:35:00+08:00,2.155,2.157,2.148,2.149,1169248.96,251716688.0
2026-07-02 13:40:00+08:00,2.149,2.155,2.143,2.149,1103444.0,237155280.0
2026-07-02 13:45:00+08:00,2.149,2.154,2.142,2.144,1155032.0,248054944.0
2026-07-02 13:50:00+08:00,2.143,2.145,2.134,2.139,1241870.0,265684816.0
2026-07-02 13:55:00+08:00,2.139,2.15,2.139,2.147,1067855.04,229076240.0
2026-07-02 14:00:00+08:00,2.147,2.155,2.145,2.149,1160304.96,249592784.0
2026-07-02 14:05:00+08:00,2.148,2.153,2.139,2.139,880639.04,188899616.0
2026-07-02 14:10:00+08:00,2.139,2.152,2.137,2.151,857110.0,183615184.0
2026-07-02 14:15:00+08:00,2.152,2.157,2.143,2.144,515093.0,110812152.0
2026-07-02 14:20:00+08:00,2.143,2.144,2.136,2.136,440191.0,94211728.0
2026-07-02 14:25:00+08:00,2.137,2.139,2.133,2.133,685766.0,146409344.0
2026-07-02 14:30:00+08:00,2.134,2.137,2.13,2.131,946122.0,201739360.0
2026-07-02 14:35:00+08:00,2.13,2.141,2.129,2.13,988868.96,211161296.0
2026-07-02 14:40:00+08:00,2.13,2.135,2.118,2.119,816856.0,173792480.0
2026-07-02 14:45:00+08:00,2.119,2.119,2.106,2.112,1580344.96,333941856.0
2026-07-02 14:50:00+08:00,2.113,2.117,2.105,2.106,1257692.0,265411328.0
2026-07-02 14:55:00+08:00,2.106,2.11,2.101,2.11,1687710.08,355214848.0
2026-07-02 15:00:00+08:00,2.111,2.123,2.1,2.119,1511911.04,319413568.0
2026-07-03 09:35:00+08:00,2.089,2.118,2.076,2.082,3126588.16,654581632.0
2026-07-03 09:40:00+08:00,2.084,2.108,2.083,2.108,1929808.96,404289600.0
2026-07-03 09:45:00+08:00,2.105,2.12,2.097,2.113,1823097.92,384420480.0
2026-07-03 09:50:00+08:00,2.11,2.114,2.089,2.089,1263871.04,265844624.0
2026-07-03 09:55:00+08:00,2.089,2.097,2.068,2.091,1839055.04,382670336.0
2026-07-03 10:00:00+08:00,2.091,2.099,2.084,2.098,1347204.0,281961632.0
2026-07-03 10:05:00+08:00,2.098,2.109,2.091,2.098,1609156.96,337765312.0
2026-07-03 10:10:00+08:00,2.096,2.115,2.096,2.11,785436.0,165440416.0
2026-07-03 10:15:00+08:00,2.11,2.11,2.086,2.086,694371.04,145693664.0
2026-07-03 10:20:00+08:00,2.085,2.103,2.082,2.085,763936.96,159819440.0
2026-07-03 10:25:00+08:00,2.085,2.093,2.08,2.089,1016512.0,212024256.0
2026-07-03 10:30:00+08:00,2.09,2.1,2.089,2.096,575844.0,120772448.0
2026-07-03 10:35:00+08:00,2.097,2.106,2.095,2.106,619894.0,130193656.0
2026-07-03 10:40:00+08:00,2.105,2.112,2.101,2.112,614672.0,129471256.0
2026-07-03 10:45:00+08:00,2.112,2.122,2.105,2.121,563043.0,119125640.0
2026-07-03 10:50:00+08:00,2.122,2.133,2.122,2.128,825260.96,175576736.0
2026-07-03 10:55:00+08:00,2.129,2.136,2.119,2.132,749516.96,159570544.0
2026-07-03 11:00:00+08:00,2.131,2.141,2.131,2.138,711832.0,152141568.0
2026-07-03 11:05:00+08:00,2.14,2.152,2.139,2.148,817386.0,175393040.0
2026-07-03 11:10:00+08:00,2.148,2.154,2.143,2.146,830946.0,178440992.0
2026-07-03 11:15:00+08:00,2.145,2.145,2.126,2.137,551149.0,117706952.0
2026-07-03 11:20:00+08:00,2.137,2.143,2.13,2.132,405190.0,86624400.0
2026-07-03 11:25:00+08:00,2.131,2.131,2.121,2.121,218447.0,46465628.0
2026-07-03 11:30:00+08:00,2.122,2.133,2.122,2.13,234427.0,49895456.0
2026-07-03 13:05:00+08:00,2.136,2.165,2.136,2.159,1370046.08,295380352.0
2026-07-03 13:10:00+08:00,2.16,2.162,2.15,2.151,506865.0,109304736.0
2026-07-03 13:15:00+08:00,2.151,2.154,2.138,2.142,370942.0,79610824.0
2026-07-03 13:20:00+08:00,2.142,2.148,2.134,2.136,436571.0,93444640.0
2026-07-03 13:25:00+08:00,2.135,2.135,2.121,2.126,666006.0,141765904.0
2026-07-03 13:30:00+08:00,2.126,2.131,2.122,2.128,563920.0,119935968.0
2026-07-03 13:35:00+08:00,2.128,2.14,2.126,2.137,357412.0,76255776.0
2026-07-03 13:40:00+08:00,2.139,2.14,2.133,2.135,403878.0,86244720.0
2026-07-03 13:45:00+08:00,2.135,2.144,2.135,2.139,409723.0,87686968.0
2026-07-03 13:50:00+08:00,2.139,2.141,2.128,2.131,237911.0,50769808.0
2026-07-03 13:55:00+08:00,2.13,2.138,2.128,2.133,136054.0,29027938.0
2026-07-03 14:00:00+08:00,2.132,2.138,2.131,2.134,259462.0,55401720.0
2026-07-03 14:05:00+08:00,2.133,2.139,2.133,2.137,209700.0,44761384.0
2026-07-03 14:10:00+08:00,2.137,2.144,2.133,2.135,290440.0,62109272.0
2026-07-03 14:15:00+08:00,2.134,2.134,2.123,2.123,299640.0,63764744.0
2026-07-03 14:20:00+08:00,2.123,2.128,2.123,2.126,173892.0,36957336.0
2026-07-03 14:25:00+08:00,2.126,2.127,2.114,2.115,636183.0,134751840.0
2026-07-03 14:30:00+08:00,2.115,2.116,2.11,2.112,431212.0,91081680.0
2026-07-03 14:35:00+08:00,2.112,2.117,2.104,2.104,693951.04,146346688.0
2026-07-03 14:40:00+08:00,2.104,2.114,2.102,2.114,362282.0,76386232.0
2026-07-03 14:45:00+08:00,2.114,2.114,2.107,2.11,632553.0,133500304.0
2026-07-03 14:50:00+08:00,2.109,2.115,2.107,2.107,760296.96,160469040.0
2026-07-03 14:55:00+08:00,2.107,2.109,2.099,2.1,864195.04,181782352.0
2026-07-03 15:00:00+08:00,2.1,2.105,2.099,2.102,743998.0,156277904.0
2026-07-06 09:35:00+08:00,2.133,2.139,2.114,2.115,1550222.08,329961632.0
2026-07-06 09:40:00+08:00,2.114,2.114,2.094,2.107,1315151.04,276900384.0
2026-07-06 09:45:00+08:00,2.11,2.121,2.097,2.12,1436846.08,302892064.0
2026-07-06 09:50:00+08:00,2.116,2.131,2.116,2.131,1302486.0,276800032.0
2026-07-06 09:55:00+08:00,2.13,2.139,2.119,2.139,1221762.0,260308192.0
2026-07-06 10:00:00+08:00,2.138,2.139,2.112,2.114,930928.96,197684048.0
2026-07-06 10:05:00+08:00,2.113,2.116,2.102,2.106,1121150.0,236340304.0
2026-07-06 10:10:00+08:00,2.104,2.116,2.1,2.114,780599.04,164544976.0
2026-07-06 10:15:00+08:00,2.111,2.114,2.09,2.09,711247.04,149332208.0
2026-07-06 10:20:00+08:00,2.09,2.094,2.077,2.078,760520.96,158705984.0
2026-07-06 10:25:00+08:00,2.079,2.081,2.066,2.069,1082164.96,224610208.0
2026-07-06 10:30:00+08:00,2.069,2.072,2.056,2.058,1002186.0,207002464.0
2026-07-06 10:35:00+08:00,2.058,2.061,2.042,2.043,1225091.04,251555616.0
2026-07-06 10:40:00+08:00,2.044,2.058,2.038,2.052,1106860.96,226691168.0
2026-07-06 10:45:00+08:00,2.052,2.052,2.041,2.041,951583.04,194746928.0
2026-07-06 10:50:00+08:00,2.039,2.047,2.031,2.034,817524.96,166782288.0
2026-07-06 10:55:00+08:00,2.034,2.048,2.032,2.042,898899.04,183279136.0
2026-07-06 11:00:00+08:00,2.04,2.063,2.037,2.061,974787.04,199824336.0
2026-07-06 11:05:00+08:00,2.061,2.075,2.057,2.071,833128.0,172285632.0
2026-07-06 11:10:00+08:00,2.073,2.088,2.073,2.088,912091.04,189747184.0
2026-07-06 11:15:00+08:00,2.088,2.11,2.088,2.106,865456.0,181681120.0
2026-07-06 11:20:00+08:00,2.107,2.112,2.095,2.111,488416.0,102714944.0
2026-07-06 11:25:00+08:00,2.112,2.127,2.112,2.127,791106.0,167706240.0
2026-07-06 11:30:00+08:00,2.127,2.14,2.124,2.138,984731.04,209954064.0
2026-07-06 13:05:00+08:00,2.139,2.141,2.118,2.135,946203.04,201480576.0
2026-07-06 13:10:00+08:00,2.134,2.139,2.119,2.12,591466.0,126220296.0
2026-07-06 13:15:00+08:00,2.119,2.129,2.114,2.114,620050.0,131438752.0
2026-07-06 13:20:00+08:00,2.113,2.121,2.107,2.107,455071.0,96209688.0
2026-07-06 13:25:00+08:00,2.108,2.113,2.102,2.105,269756.0,56857536.0
2026-07-06 13:30:00+08:00,2.107,2.122,2.107,2.112,466853.0,98765384.0
2026-07-06 13:35:00+08:00,2.112,2.114,2.104,2.106,384501.0,81082200.0
2026-07-06 13:40:00+08:00,2.108,2.122,2.106,2.121,250684.0,53007704.0
2026-07-06 13:45:00+08:00,2.123,2.14,2.123,2.14,745376.96,159047536.0
2026-07-06 13:50:00+08:00,2.141,2.143,2.131,2.134,620807.0,132680152.0
2026-07-06 13:55:00+08:00,2.135,2.146,2.133,2.141,628004.0,134466368.0
2026-07-06 14:00:00+08:00,2.141,2.148,2.139,2.14,635661.0,136253712.0
2026-07-06 14:05:00+08:00,2.14,2.14,2.127,2.129,503457.0,107428576.0
2026-07-06 14:10:00+08:00,2.129,2.137,2.125,2.126,413451.0,88143328.0
2026-07-06 14:15:00+08:00,2.127,2.132,2.121,2.123,697127.04,148139200.0
2026-07-06 14:20:00+08:00,2.12,2.124,2.117,2.121,451948.0,95842256.0
2026-07-06 14:25:00+08:00,2.12,2.122,2.113,2.114,396035.0,83919840.0
2026-07-06 14:30:00+08:00,2.115,2.119,2.11,2.118,359752.0,76044224.0
2026-07-06 14:35:00+08:00,2.119,2.124,2.116,2.121,551341.0,116926064.0
2026-07-06 14:40:00+08:00,2.123,2.127,2.117,2.118,386894.0,82050528.0
2026-07-06 14:45:00+08:00,2.119,2.119,2.115,2.117,263842.0,55852300.0
2026-07-06 14:50:00+08:00,2.117,2.123,2.117,2.119,353851.0,75020504.0
2026-07-06 14:55:00+08:00,2.119,2.122,2.119,2.12,643905.0,136554992.0
2026-07-06 15:00:00+08:00,2.119,2.12,2.116,2.116,334994.0,70920144.0
2026-07-07 09:35:00+08:00,2.08,2.1,2.073,2.09,1858504.96,387854784.0
2026-07-07 09:40:00+08:00,2.09,2.117,2.081,2.117,1207394.0,253714176.0
2026-07-07 09:45:00+08:00,2.119,2.139,2.119,2.138,1781312.96,379321184.0
2026-07-07 09:50:00+08:00,2.141,2.152,2.136,2.141,1690126.08,362410880.0
2026-07-07 09:55:00+08:00,2.139,2.149,2.13,2.149,1377825.92,295035840.0
2026-07-07 10:00:00+08:00,2.15,2.152,2.137,2.148,926986.0,199006864.0
2026-07-07 10:05:00+08:00,2.148,2.157,2.14,2.152,1139232.96,244940192.0
2026-07-07 10:10:00+08:00,2.152,2.159,2.144,2.146,1040667.04,224022832.0
2026-07-07 10:15:00+08:00,2.145,2.149,2.132,2.141,715364.96,153239680.0
2026-07-07 10:20:00+08:00,2.14,2.149,2.136,2.138,767688.0,164288400.0
2026-07-07 10:25:00+08:00,2.139,2.144,2.135,2.135,1117396.0,239193872.0
2026-07-07 10:30:00+08:00,2.136,2.143,2.13,2.139,942424.0,201583152.0
2026-07-07 10:35:00+08:00,2.139,2.149,2.135,2.149,1067806.0,228801984.0
2026-07-07 10:40:00+08:00,2.15,2.162,2.15,2.16,1364689.92,294404640.0
2026-07-07 10:45:00+08:00,2.16,2.161,2.151,2.154,708779.04,152867200.0
2026-07-07 10:50:00+08:00,2.154,2.157,2.143,2.149,454077.0,97630304.0
2026-07-07 10:55:00+08:00,2.149,2.155,2.142,2.149,492388.0,105791760.0
2026-07-07 11:00:00+08:00,2.149,2.154,2.143,2.143,331686.0,71297384.0
2026-07-07 11:05:00+08:00,2.143,2.15,2.14,2.144,324988.0,69712808.0
2026-07-07 11:10:00+08:00,2.146,2.147,2.137,2.144,570900.0,122271816.0
2026-07-07 11:15:00+08:00,2.148,2.148,2.129,2.134,492868.0,105222672.0
2026-07-07 11:20:00+08:00,2.133,2.134,2.124,2.126,653976.0,139137296.0
2026-07-07 11:25:00+08:00,2.126,2.129,2.122,2.122,380035.0,80782400.0
2026-07-07 11:30:00+08:00,2.122,2.134,2.12,2.132,449274.0,95582616.0
2026-07-07 13:05:00+08:00,2.129,2.129,2.106,2.11,629574.0,133171920.0
2026-07-07 13:10:00+08:00,2.11,2.113,2.1,2.101,464304.0,97662240.0
2026-07-07 13:15:00+08:00,2.102,2.109,2.096,2.096,510643.0,107360512.0
2026-07-07 13:20:00+08:00,2.097,2.109,2.094,2.104,580046.0,121920968.0
2026-07-07 13:25:00+08:00,2.103,2.109,2.1,2.108,705183.04,148358560.0
2026-07-07 13:30:00+08:00,2.109,2.128,2.108,2.127,590252.0,125106224.0
2026-07-07 13:35:00+08:00,2.126,2.141,2.125,2.135,817186.0,174395888.0
2026-07-07 13:40:00+08:00,2.135,2.138,2.127,2.131,521201.0,111111616.0
2026-07-07 13:45:00+08:00,2.13,2.143,2.13,2.142,519408.0,111012240.0
2026-07-07 13:50:00+08:00,2.142,2.146,2.133,2.137,493148.0,105566816.0
2026-07-07 13:55:00+08:00,2.137,2.144,2.135,2.14,335724.0,71825424.0
2026-07-07 14:00:00+08:00,2.14,2.147,2.136,2.136,353704.0,75788560.0
2026-07-07 14:05:00+08:00,2.136,2.14,2.129,2.129,324791.0,69355400.0
2026-07-07 14:10:00+08:00,2.128,2.129,2.121,2.121,339012.0,72022808.0
2026-07-07 14:15:00+08:00,2.122,2.124,2.116,2.121,443284.0,93962720.0
2026-07-07 14:20:00+08:00,2.12,2.126,2.117,2.124,534445.0,113382656.0
2026-07-07 14:25:00+08:00,2.123,2.124,2.118,2.118,280858.0,59540792.0
2026-07-07 14:30:00+08:00,2.118,2.125,2.117,2.125,491111.0,104093408.0
2026-07-07 14:35:00+08:00,2.124,2.128,2.121,2.124,516432.0,109716832.0
2026-07-07 14:40:00+08:00,2.124,2.134,2.124,2.134,360229.0,76684808.0
2026-07-07 14:45:00+08:00,2.133,2.135,2.126,2.126,297081.0,63239452.0
2026-07-07 14:50:00+08:00,2.128,2.128,2.122,2.127,344660.0,73235632.0
2026-07-07 14:55:00+08:00,2.127,2.128,2.121,2.122,533947.0,113414568.0
2026-07-07 15:00:00+08:00,2.122,2.126,2.122,2.126,365327.0,77597696.0
2026-07-08 09:35:00+08:00,2.142,2.162,2.142,2.148,1968454.08,423858080.0
2026-07-08 09:40:00+08:00,2.148,2.154,2.132,2.148,1117138.0,239619040.0
2026-07-08 09:45:00+08:00,2.15,2.151,2.134,2.14,943264.0,202084320.0
2026-07-08 09:50:00+08:00,2.14,2.153,2.134,2.136,1168603.04,250275504.0
2026-07-08 09:55:00+08:00,2.136,2.137,2.11,2.131,1512832.96,321274240.0
2026-07-08 10:00:00+08:00,2.131,2.131,2.099,2.109,1447979.04,305484096.0
2026-07-08 10:05:00+08:00,2.108,2.108,2.085,2.086,1576424.96,330106240.0
2026-07-08 10:10:00+08:00,2.084,2.127,2.083,2.125,1036015.04,218306112.0
2026-07-08 10:15:00+08:00,2.125,2.125,2.108,2.118,695759.04,147297376.0
2026-07-08 10:20:00+08:00,2.119,2.131,2.116,2.131,657419.0,139650592.0
2026-07-08 10:25:00+08:00,2.13,2.135,2.119,2.119,472690.0,100616640.0
2026-07-08 10:30:00+08:00,2.119,2.137,2.116,2.137,568670.0,120933576.0
2026-07-08 10:35:00+08:00,2.136,2.145,2.127,2.138,578711.0,123669744.0
2026-07-08 10:40:00+08:00,2.139,2.145,2.136,2.145,420420.0,90015416.0
2026-07-08 10:45:00+08:00,2.145,2.147,2.137,2.146,525278.0,112498064.0
2026-07-08 10:50:00+08:00,2.145,2.148,2.133,2.136,411787.0,88224928.0
2026-07-08 10:55:00+08:00,2.135,2.145,2.13,2.138,314272.0,67186280.0
2026-07-08 11:00:00+08:00,2.139,2.143,2.131,2.135,376400.0,80437408.0
2026-07-08 11:05:00+08:00,2.136,2.147,2.134,2.142,365820.0,78372176.0
2026-07-08 11:10:00+08:00,2.143,2.153,2.135,2.151,444367.0,95413256.0
2026-07-08 11:15:00+08:00,2.151,2.168,2.151,2.166,1059712.0,229044688.0
2026-07-08 11:20:00+08:00,2.166,2.188,2.164,2.186,1316784.96,286692992.0
2026-07-08 11:25:00+08:00,2.187,2.202,2.182,2.201,1443435.04,316247968.0
2026-07-08 11:30:00+08:00,2.199,2.208,2.187,2.187,1249668.96,274791424.0
2026-07-08 13:05:00+08:00,2.179,2.179,2.156,2.174,1792984.0,389059136.0
2026-07-08 13:10:00+08:00,2.174,2.19,2.173,2.177,914168.0,199412656.0
2026-07-08 13:15:00+08:00,2.177,2.18,2.168,2.175,598201.0,130117440.0
2026-07-08 13:20:00+08:00,2.174,2.183,2.171,2.177,551867.0,120088272.0
2026-07-08 13:25:00+08:00,2.176,2.185,2.172,2.18,435177.0,94818808.0
2026-07-08 13:30:00+08:00,2.179,2.179,2.168,2.169,367378.0,79809392.0
2026-07-08 13:35:00+08:00,2.169,2.169,2.157,2.168,483159.0,104552624.0
2026-07-08 13:40:00+08:00,2.169,2.17,2.16,2.163,473577.0,102504976.0
2026-07-08 13:45:00+08:00,2.164,2.165,2.16,2.164,344200.0,74430880.0
2026-07-08 13:50:00+08:00,2.164,2.165,2.155,2.157,277364.0,59899472.0
2026-07-08 13:55:00+08:00,2.157,2.174,2.156,2.173,354803.0,76931760.0
2026-07-08 14:00:00+08:00,2.173,2.181,2.172,2.173,412185.0,89725344.0
2026-07-08 14:05:00+08:00,2.174,2.175,2.167,2.172,604912.0,131428808.0
2026-07-08 14:10:00+08:00,2.172,2.174,2.169,2.169,217375.0,47203920.0
2026-07-08 14:15:00+08:00,2.169,2.169,2.161,2.167,480553.0,104021840.0
2026-07-08 14:20:00+08:00,2.167,2.173,2.163,2.173,409819.0,88818256.0
2026-07-08 14:25:00+08:00,2.173,2.174,2.166,2.171,469867.0,102002272.0
2026-07-08 14:30:00+08:00,2.172,2.172,2.163,2.167,392974.0,85114592.0
2026-07-08 14:35:00+08:00,2.167,2.17,2.159,2.16,790340.96,171007456.0
2026-07-08 14:40:00+08:00,2.159,2.166,2.159,2.16,559203.0,120956896.0
2026-07-08 14:45:00+08:00,2.159,2.16,2.152,2.153,657405.0,141661696.0
2026-07-08 14:50:00+08:00,2.152,2.154,2.137,2.139,1092347.04,234205376.0
2026-07-08 14:55:00+08:00,2.14,2.145,2.139,2.141,842495.04,180479728.0
2026-07-08 15:00:00+08:00,2.141,2.145,2.141,2.145,555493.0,119065392.0
2026-07-09 09:35:00+08:00,2.166,2.185,2.16,2.17,2602265.92,565655104.0
2026-07-09 09:40:00+08:00,2.169,2.186,2.153,2.182,1454041.92,316341760.0
2026-07-09 09:45:00+08:00,2.181,2.187,2.164,2.186,1312900.0,286100960.0
2026-07-09 09:50:00+08:00,2.186,2.19,2.171,2.171,1162892.0,253840800.0
2026-07-09 09:55:00+08:00,2.169,2.191,2.169,2.185,763460.96,166504224.0
2026-07-09 10:00:00+08:00,2.184,2.184,2.16,2.16,1172590.0,254425408.0
2026-07-09 10:05:00+08:00,2.16,2.175,2.15,2.169,1009648.0,218361824.0
2026-07-09 10:10:00+08:00,2.168,2.187,2.162,2.183,872500.96,189864400.0
2026-07-09 10:15:00+08:00,2.183,2.197,2.18,2.194,1095450.0,239702016.0
2026-07-09 10:20:00+08:00,2.194,2.202,2.187,2.2,1086016.0,238439408.0
2026-07-09 10:25:00+08:00,2.2,2.208,2.199,2.205,1278174.0,281707392.0
2026-07-09 10:30:00+08:00,2.205,2.212,2.205,2.207,1320904.0,291744832.0
2026-07-09 10:35:00+08:00,2.208,2.216,2.208,2.21,1262476.96,279138464.0
2026-07-09 10:40:00+08:00,2.21,2.21,2.199,2.206,987056.96,217455152.0
2026-07-09 10:45:00+08:00,2.206,2.219,2.202,2.213,1046075.04,231372512.0
2026-07-09 10:50:00+08:00,2.211,2.215,2.197,2.197,914436.96,201446912.0
2026-07-09 10:55:00+08:00,2.196,2.203,2.191,2.203,633469.0,139176320.0
2026-07-09 11:00:00+08:00,2.203,2.205,2.194,2.196,400506.0,88075264.0
2026-07-09 11:05:00+08:00,2.195,2.201,2.191,2.197,668950.0,146884992.0
2026-07-09 11:10:00+08:00,2.196,2.206,2.189,2.206,585996.0,128730720.0
2026-07-09 11:15:00+08:00,2.206,2.208,2.188,2.191,371478.0,81544016.0
2026-07-09 11:20:00+08:00,2.191,2.194,2.185,2.189,367356.0,80421488.0
2026-07-09 11:25:00+08:00,2.189,2.21,2.188,2.21,603218.0,132577152.0
2026-07-09 11:30:00+08:00,2.209,2.215,2.207,2.21,686528.0,151755728.0
2026-07-09 13:05:00+08:00,2.21,2.214,2.205,2.212,497131.0,109908192.0
2026-07-09 13:10:00+08:00,2.211,2.229,2.21,2.228,926383.04,205690496.0
2026-07-09 13:15:00+08:00,2.229,2.246,2.229,2.245,917836.96,205340896.0
2026-07-09 13:20:00+08:00,2.245,2.247,2.229,2.236,736903.04,164826320.0
2026-07-09 13:25:00+08:00,2.236,2.237,2.227,2.235,605984.0,135331216.0
2026-07-09 13:30:00+08:00,2.234,2.246,2.23,2.241,762314.0,170776800.0
2026-07-09 13:35:00+08:00,2.241,2.241,2.23,2.24,526020.0,117663088.0
2026-07-09 13:40:00+08:00,2.24,2.25,2.24,2.25,676014.0,151811968.0
2026-07-09 13:45:00+08:00,2.25,2.255,2.249,2.254,677306.0,152553776.0
2026-07-09 13:50:00+08:00,2.255,2.268,2.255,2.267,604859.0,136755504.0
2026-07-09 13:55:00+08:00,2.267,2.282,2.267,2.271,975362.0,221880800.0
2026-07-09 14:00:00+08:00,2.271,2.288,2.269,2.285,1143718.0,260745280.0
2026-07-09 14:05:00+08:00,2.286,2.29,2.274,2.283,947184.0,216193488.0
2026-07-09 14:10:00+08:00,2.282,2.291,2.28,2.29,612268.0,139944800.0
2026-07-09 14:15:00+08:00,2.29,2.305,2.29,2.304,976324.0,224536400.0
2026-07-09 14:20:00+08:00,2.304,2.31,2.288,2.288,862120.0,198428784.0
2026-07-09 14:25:00+08:00,2.288,2.295,2.288,2.293,894892.0,205208416.0
2026-07-09 14:30:00+08:00,2.294,2.302,2.294,2.301,630349.0,144804192.0
2026-07-09 14:35:00+08:00,2.303,2.306,2.301,2.305,581976.0,134060344.0
2026-07-09 14:40:00+08:00,2.305,2.313,2.305,2.31,1042419.04,240734192.0
2026-07-09 14:45:00+08:00,2.31,2.327,2.31,2.325,1389728.96,321840128.0
2026-07-09 14:50:00+08:00,2.324,2.333,2.322,2.332,2221608.0,517595520.0
2026-07-09 14:55:00+08:00,2.331,2.331,2.32,2.327,1532764.96,356156576.0
2026-07-09 15:00:00+08:00,2.327,2.329,2.324,2.328,1034604.0,240728928.0
2026-07-10 09:35:00+08:00,2.334,2.36,2.331,2.353,3150334.08,739318272.0
2026-07-10 09:40:00+08:00,2.352,2.377,2.339,2.373,2105208.96,495936832.0
2026-07-10 09:45:00+08:00,2.373,2.383,2.367,2.38,1960323.04,465820320.0
2026-07-10 09:50:00+08:00,2.38,2.38,2.353,2.367,1776244.0,420395232.0
2026-07-10 09:55:00+08:00,2.367,2.386,2.366,2.382,1269820.0,302176928.0
2026-07-10 10:00:00+08:00,2.381,2.381,2.351,2.354,1816718.08,429724736.0
2026-07-10 10:05:00+08:00,2.355,2.36,2.325,2.325,2096385.92,491590816.0
2026-07-10 10:10:00+08:00,2.326,2.342,2.323,2.334,1976688.0,461249152.0
2026-07-10 10:15:00+08:00,2.335,2.338,2.316,2.337,1375190.08,320032640.0
2026-07-10 10:20:00+08:00,2.339,2.356,2.337,2.349,1024268.96,240516896.0
2026-07-10 10:25:00+08:00,2.35,2.353,2.338,2.353,877915.04,205914592.0
2026-07-10 10:30:00+08:00,2.354,2.367,2.345,2.358,855704.0,201875728.0
2026-07-10 10:35:00+08:00,2.359,2.364,2.337,2.344,842148.96,197750912.0
2026-07-10 10:40:00+08:00,2.344,2.347,2.331,2.342,702416.96,164153728.0
2026-07-10 10:45:00+08:00,2.34,2.341,2.331,2.336,673590.0,157377568.0
2026-07-10 10:50:00+08:00,2.336,2.336,2.323,2.328,616506.0,143580000.0
2026-07-10 10:55:00+08:00,2.329,2.337,2.326,2.329,465586.0,108518736.0
2026-07-10 11:00:00+08:00,2.329,2.343,2.322,2.339,771363.04,179949696.0
2026-07-10 11:05:00+08:00,2.338,2.338,2.325,2.33,359508.0,83793064.0
2026-07-10 11:10:00+08:00,2.328,2.334,2.325,2.33,584506.0,136139920.0
2026-07-10 11:15:00+08:00,2.329,2.334,2.325,2.326,452259.0,105335104.0
2026-07-10 11:20:00+08:00,2.325,2.333,2.324,2.329,400696.0,93319528.0
2026-07-10 11:25:00+08:00,2.328,2.335,2.325,2.327,445938.0,103915680.0
2026-07-10 11:30:00+08:00,2.326,2.329,2.317,2.324,662039.0,153691280.0
2026-07-10 13:05:00+08:00,2.324,2.325,2.308,2.31,808767.04,187366144.0
2026-07-10 13:10:00+08:00,2.31,2.329,2.306,2.329,815735.04,188961456.0
2026-07-10 13:15:00+08:00,2.33,2.337,2.328,2.329,402768.0,93983264.0
2026-07-10 13:20:00+08:00,2.329,2.334,2.32,2.323,757367.04,176238176.0
2026-07-10 13:25:00+08:00,2.323,2.328,2.32,2.322,447826.0,104106720.0
2026-07-10 13:30:00+08:00,2.324,2.324,2.315,2.319,701504.96,162636560.0
2026-07-10 13:35:00+08:00,2.319,2.323,2.309,2.309,594484.0,137745408.0
2026-07-10 13:40:00+08:00,2.309,2.31,2.295,2.296,1028538.0,236747744.0
2026-07-10 13:45:00+08:00,2.295,2.304,2.288,2.289,1117652.0,256580544.0
2026-07-10 13:50:00+08:00,2.289,2.292,2.281,2.286,1234732.96,282217216.0
2026-07-10 13:55:00+08:00,2.287,2.296,2.286,2.292,725842.0,166299936.0
2026-07-10 14:00:00+08:00,2.292,2.292,2.28,2.28,671960.96,153487296.0
2026-07-10 14:05:00+08:00,2.278,2.28,2.27,2.279,814091.04,185246096.0
2026-07-10 14:10:00+08:00,2.278,2.279,2.258,2.259,936142.0,212142384.0
2026-07-10 14:15:00+08:00,2.259,2.267,2.252,2.256,752268.0,169965552.0
2026-07-10 14:20:00+08:00,2.256,2.29,2.256,2.29,859983.04,195453904.0
2026-07-10 14:25:00+08:00,2.29,2.29,2.268,2.273,684584.0,156186512.0
2026-07-10 14:30:00+08:00,2.272,2.272,2.258,2.259,601901.0,136329856.0
2026-07-10 14:35:00+08:00,2.258,2.26,2.246,2.252,832508.0,187622336.0
2026-07-10 14:40:00+08:00,2.251,2.255,2.241,2.242,674972.96,151689872.0
2026-07-10 14:45:00+08:00,2.24,2.24,2.225,2.225,857544.0,191438000.0
2026-07-10 14:50:00+08:00,2.225,2.238,2.22,2.221,933742.0,208101616.0
2026-07-10 14:55:00+08:00,2.221,2.226,2.208,2.209,1515929.92,336433312.0
2026-07-10 15:00:00+08:00,2.209,2.21,2.204,2.209,997118.0,220137040.0
2026-07-13 09:35:00+08:00,2.16,2.203,2.151,2.184,3182582.08,694722880.0
2026-07-13 09:40:00+08:00,2.183,2.206,2.176,2.197,2072633.92,453469504.0
2026-07-13 09:45:00+08:00,2.195,2.218,2.185,2.217,2114608.0,465727200.0
2026-07-13 09:50:00+08:00,2.217,2.226,2.19,2.195,1501192.0,331846880.0
2026-07-13 09:55:00+08:00,2.195,2.207,2.187,2.192,1252966.0,275027136.0
2026-07-13 10:00:00+08:00,2.19,2.19,2.168,2.171,1064972.96,231924032.0
2026-07-13 10:05:00+08:00,2.17,2.182,2.156,2.18,1351372.0,292593088.0
2026-07-13 10:10:00+08:00,2.177,2.187,2.163,2.177,795239.04,173091280.0
2026-07-13 10:15:00+08:00,2.175,2.193,2.17,2.192,792822.0,173116400.0
2026-07-13 10:20:00+08:00,2.193,2.197,2.179,2.179,878547.04,192306848.0
2026-07-13 10:25:00+08:00,2.18,2.196,2.177,2.194,571093.0,124889008.0
2026-07-13 10:30:00+08:00,2.195,2.21,2.188,2.209,464622.0,102298968.0
2026-07-13 10:35:00+08:00,2.209,2.212,2.196,2.199,656098.0,144736448.0
2026-07-13 10:40:00+08:00,2.2,2.207,2.185,2.185,363849.0,79868744.0
2026-07-13 10:45:00+08:00,2.185,2.191,2.178,2.179,395354.0,86368592.0
2026-07-13 10:50:00+08:00,2.179,2.189,2.172,2.172,472823.0,103002592.0
2026-07-13 10:55:00+08:00,2.172,2.179,2.168,2.176,581709.0,126372632.0
2026-07-13 11:00:00+08:00,2.177,2.181,2.17,2.173,357627.0,77819280.0
2026-07-13 11:05:00+08:00,2.173,2.176,2.158,2.16,511250.0,110717808.0
2026-07-13 11:10:00+08:00,2.16,2.161,2.15,2.152,916996.0,197449536.0
2026-07-13 11:15:00+08:00,2.153,2.153,2.141,2.144,682844.0,146532848.0
2026-07-13 11:20:00+08:00,2.144,2.164,2.144,2.154,660685.0,142455296.0
2026-07-13 11:25:00+08:00,2.154,2.156,2.14,2.143,729455.04,156641680.0
2026-07-13 11:30:00+08:00,2.144,2.149,2.137,2.138,553611.0,118579072.0
2026-07-13 13:05:00+08:00,2.137,2.137,2.117,2.133,1175280.0,249845088.0
2026-07-13 13:10:00+08:00,2.132,2.141,2.125,2.13,577352.0,123113648.0
2026-07-13 13:15:00+08:00,2.129,2.137,2.121,2.121,702220.96,149367104.0
2026-07-13 13:20:00+08:00,2.123,2.123,2.104,2.109,886323.04,187168704.0
2026-07-13 13:25:00+08:00,2.109,2.109,2.09,2.092,1115394.0,234260192.0
2026-07-13 13:30:00+08:00,2.093,2.103,2.091,2.099,1045547.04,219254176.0
2026-07-13 13:35:00+08:00,2.099,2.143,2.099,2.143,1489896.0,316019328.0
2026-07-13 13:40:00+08:00,2.144,2.145,2.127,2.14,1221974.0,261264032.0
2026-07-13 13:45:00+08:00,2.139,2.149,2.131,2.137,785931.04,168233952.0
2026-07-13 13:50:00+08:00,2.137,2.138,2.117,2.118,595670.0,126467152.0
2026-07-13 13:55:00+08:00,2.12,2.142,2.12,2.131,591822.0,126021744.0
2026-07-13 14:00:00+08:00,2.131,2.132,2.118,2.122,646596.0,137364992.0
2026-07-13 14:05:00+08:00,2.122,2.124,2.114,2.119,586848.0,124353120.0
2026-07-13 14:10:00+08:00,2.119,2.12,2.1,2.103,412914.0,87089456.0
2026-07-13 14:15:00+08:00,2.103,2.108,2.099,2.099,614988.0,129279552.0
2026-07-13 14:20:00+08:00,2.099,2.11,2.098,2.102,629995.0,132580464.0
2026-07-13 14:25:00+08:00,2.102,2.103,2.09,2.09,730056.0,152988272.0
2026-07-13 14:30:00+08:00,2.091,2.099,2.088,2.097,892531.04,186798880.0
2026-07-13 14:35:00+08:00,2.097,2.098,2.081,2.088,911168.0,190264032.0
2026-07-13 14:40:00+08:00,2.088,2.107,2.088,2.095,681448.0,142871280.0
2026-07-13 14:45:00+08:00,2.095,2.095,2.085,2.091,655342.0,136844192.0
2026-07-13 14:50:00+08:00,2.092,2.12,2.092,2.111,1119871.04,236381744.0
2026-07-13 14:55:00+08:00,2.111,2.112,2.096,2.097,885951.04,186262864.0
2026-07-13 15:00:00+08:00,2.097,2.1,2.096,2.1,538167.0,112979632.0
2026-07-14 09:35:00+08:00,2.094,2.123,2.085,2.085,2816874.88,592410880.0
2026-07-14 09:40:00+08:00,2.084,2.114,2.083,2.085,1551999.04,325466848.0
2026-07-14 09:45:00+08:00,2.084,2.098,2.071,2.09,1650780.96,343892608.0
2026-07-14 09:50:00+08:00,2.09,2.092,2.065,2.078,1662062.08,344720768.0
2026-07-14 09:55:00+08:00,2.078,2.114,2.078,2.111,1147082.0,240375216.0
2026-07-14 10:00:00+08:00,2.111,2.113,2.088,2.088,869052.96,182409920.0
2026-07-14 10:05:00+08:00,2.088,2.092,2.077,2.087,804335.04,167547872.0
2026-07-14 10:10:00+08:00,2.087,2.089,2.069,2.069,728452.0,151388352.0
2026-07-14 10:15:00+08:00,2.069,2.087,2.067,2.086,805756.96,167417344.0
2026-07-14 10:20:00+08:00,2.087,2.109,2.081,2.109,917648.96,192268512.0
2026-07-14 10:25:00+08:00,2.11,2.113,2.093,2.095,1044700.0,220189984.0
2026-07-14 10:30:00+08:00,2.096,2.096,2.077,2.085,837726.0,174573808.0
2026-07-14 10:35:00+08:00,2.085,2.095,2.072,2.072,679914.0,141681728.0
2026-07-14 10:40:00+08:00,2.072,2.076,2.066,2.071,1297268.0,268498112.0
2026-07-14 10:45:00+08:00,2.072,2.076,2.065,2.066,741798.0,153537472.0
2026-07-14 10:50:00+08:00,2.066,2.069,2.046,2.048,1408534.08,289613248.0
2026-07-14 10:55:00+08:00,2.048,2.051,2.04,2.044,895812.0,183197984.0
2026-07-14 11:00:00+08:00,2.042,2.044,2.024,2.025,1118396.96,227333696.0
2026-07-14 11:05:00+08:00,2.026,2.037,2.026,2.028,670768.0,136249856.0
2026-07-14 11:10:00+08:00,2.028,2.029,2.008,2.013,1305522.0,263303488.0
2026-07-14 11:15:00+08:00,2.013,2.013,2.001,2.006,1230720.96,247038800.0
2026-07-14 11:20:00+08:00,2.007,2.023,2.006,2.013,1223183.04,246423760.0
2026-07-14 11:25:00+08:00,2.012,2.012,1.998,2.001,1548628.96,310188128.0
2026-07-14 11:30:00+08:00,2.003,2.03,2.0,2.028,850080.0,171275600.0
2026-07-14 13:05:00+08:00,2.033,2.097,2.033,2.097,2074216.96,430525792.0
2026-07-14 13:10:00+08:00,2.098,2.112,2.09,2.112,1425145.92,299502784.0
2026-07-14 13:15:00+08:00,2.113,2.116,2.097,2.103,1265716.0,266930112.0
2026-07-14 13:20:00+08:00,2.105,2.108,2.086,2.088,852100.0,178635616.0
2026-07-14 13:25:00+08:00,2.088,2.11,2.088,2.11,616438.0,129611168.0
2026-07-14 13:30:00+08:00,2.11,2.12,2.106,2.12,969460.96,204940080.0
2026-07-14 13:35:00+08:00,2.122,2.136,2.118,2.12,1205306.0,256573728.0
2026-07-14 13:40:00+08:00,2.12,2.125,2.111,2.113,791880.0,167788368.0
2026-07-14 13:45:00+08:00,2.113,2.114,2.092,2.104,867983.04,182392096.0
2026-07-14 13:50:00+08:00,2.103,2.106,2.085,2.091,527796.0,110549056.0
2026-07-14 13:55:00+08:00,2.089,2.089,2.074,2.082,341278.0,70997312.0
2026-07-14 14:00:00+08:00,2.08,2.09,2.076,2.082,485396.0,101107760.0
2026-07-14 14:05:00+08:00,2.082,2.088,2.076,2.085,287106.0,59747928.0
2026-07-14 14:10:00+08:00,2.085,2.092,2.082,2.083,283324.0,59135040.0
2026-07-14 14:15:00+08:00,2.084,2.097,2.084,2.097,191436.0,40004272.0
2026-07-14 14:20:00+08:00,2.097,2.097,2.086,2.088,358876.0,75082336.0
2026-07-14 14:25:00+08:00,2.088,2.088,2.078,2.083,997362.0,207653120.0
2026-07-14 14:30:00+08:00,2.084,2.091,2.083,2.091,611361.0,127620920.0
2026-07-14 14:35:00+08:00,2.091,2.114,2.09,2.112,679604.96,142812224.0
2026-07-14 14:40:00+08:00,2.113,2.121,2.108,2.121,451412.0,95486536.0
2026-07-14 14:45:00+08:00,2.121,2.122,2.112,2.117,658669.0,139492896.0
2026-07-14 14:50:00+08:00,2.118,2.129,2.117,2.128,709859.04,150748928.0
2026-07-14 14:55:00+08:00,2.128,2.13,2.124,2.127,812244.96,172817504.0
2026-07-14 15:00:00+08:00,2.128,2.128,2.123,2.125,477092.0,101417056.0
2026-07-15 09:35:00+08:00,2.133,2.141,2.114,2.114,3349420.16,712977664.0
2026-07-15 09:40:00+08:00,2.114,2.114,2.073,2.074,2156097.92,450469024.0
2026-07-15 09:45:00+08:00,2.072,2.084,2.049,2.079,2951896.96,609229952.0
2026-07-15 09:50:00+08:00,2.076,2.103,2.076,2.09,2002582.08,419553216.0
2026-07-15 09:55:00+08:00,2.093,2.093,2.066,2.071,1454472.96,302516928.0
2026-07-15 10:00:00+08:00,2.067,2.083,2.064,2.076,1189170.0,246722416.0
2026-07-15 10:05:00+08:00,2.074,2.093,2.073,2.08,954132.0,198715728.0
2026-07-15 10:10:00+08:00,2.078,2.079,2.06,2.06,876116.96,181151552.0
2026-07-15 10:15:00+08:00,2.06,2.068,2.052,2.065,958260.96,197310688.0
2026-07-15 10:20:00+08:00,2.066,2.08,2.066,2.066,1025108.0,212448192.0
2026-07-15 10:25:00+08:00,2.067,2.088,2.064,2.088,631985.0,131172688.0
2026-07-15 10:30:00+08:00,2.089,2.09,2.076,2.088,565382.0,117838944.0
2026-07-15 10:35:00+08:00,2.088,2.096,2.063,2.071,846527.04,176034336.0
2026-07-15 10:40:00+08:00,2.069,2.071,2.055,2.057,888607.04,183163968.0
2026-07-15 10:45:00+08:00,2.057,2.063,2.051,2.055,970992.0,199679040.0
2026-07-15 10:50:00+08:00,2.055,2.064,2.046,2.048,1180360.96,242372192.0
2026-07-15 10:55:00+08:00,2.048,2.05,2.04,2.045,690228.0,141174128.0
2026-07-15 11:00:00+08:00,2.045,2.051,2.042,2.045,647064.0,132385296.0
2026-07-15 11:05:00+08:00,2.043,2.044,2.037,2.039,840935.04,171611920.0
2026-07-15 11:10:00+08:00,2.039,2.046,2.033,2.044,978492.96,199440576.0
2026-07-15 11:15:00+08:00,2.044,2.053,2.039,2.051,717644.96,146664640.0
2026-07-15 11:20:00+08:00,2.052,2.052,2.032,2.035,883932.96,180214000.0
2026-07-15 11:25:00+08:00,2.034,2.034,2.024,2.028,772082.0,156593920.0
2026-07-15 11:30:00+08:00,2.029,2.043,2.029,2.041,554567.0,112846944.0
2026-07-15 13:05:00+08:00,2.04,2.042,2.024,2.024,1033935.04,210325936.0
2026-07-15 13:10:00+08:00,2.024,2.027,2.015,2.02,883910.0,178612320.0
2026-07-15 13:15:00+08:00,2.02,2.023,2.011,2.017,864740.0,174303456.0
2026-07-15 13:20:00+08:00,2.017,2.04,2.016,2.039,809415.04,164240320.0
2026-07-15 13:25:00+08:00,2.039,2.047,2.028,2.046,661179.0,134718832.0
2026-07-15 13:30:00+08:00,2.046,2.066,2.046,2.062,955092.0,196423264.0
2026-07-15 13:35:00+08:00,2.064,2.068,2.053,2.054,771292.96,158972320.0
2026-07-15 13:40:00+08:00,2.053,2.059,2.048,2.051,571498.0,117287936.0
2026-07-15 13:45:00+08:00,2.056,2.07,2.052,2.062,461928.0,95221112.0
2026-07-15 13:50:00+08:00,2.06,2.06,2.044,2.045,419759.0,86184448.0
2026-07-15 13:55:00+08:00,2.045,2.054,2.043,2.05,312899.0,64065512.0
2026-07-15 14:00:00+08:00,2.051,2.052,2.038,2.04,481330.0,98299576.0
2026-07-15 14:05:00+08:00,2.039,2.04,2.033,2.039,404962.0,82458808.0
2026-07-15 14:10:00+08:00,2.039,2.039,2.034,2.035,405762.0,82650976.0
2026-07-15 14:15:00+08:00,2.034,2.04,2.033,2.038,413397.0,84185056.0
2026-07-15 14:20:00+08:00,2.036,2.041,2.032,2.033,511194.0,104149232.0
2026-07-15 14:25:00+08:00,2.033,2.033,2.026,2.027,570028.0,115693648.0
2026-07-15 14:30:00+08:00,2.029,2.04,2.029,2.033,611761.0,124464312.0
2026-07-15 14:35:00+08:00,2.034,2.034,2.023,2.024,783080.96,158719312.0
2026-07-15 14:40:00+08:00,2.024,2.027,2.021,2.022,726526.0,147004640.0
2026-07-15 14:45:00+08:00,2.022,2.036,2.022,2.036,771116.0,156395568.0
2026-07-15 14:50:00+08:00,2.037,2.04,2.026,2.028,810568.96,164684880.0
2026-07-15 14:55:00+08:00,2.028,2.035,2.027,2.029,984707.04,199999840.0
2026-07-15 15:00:00+08:00,2.029,2.03,2.028,2.028,693100.0,140590000.0
2026-07-16 09:35:00+08:00,1.977,1.983,1.941,1.943,4264735.04,839816192.0
2026-07-16 09:40:00+08:00,1.944,2.0,1.944,1.994,2372300.0,468646880.0
2026-07-16 09:45:00+08:00,1.994,2.007,1.992,2.005,2174204.0,434536672.0
2026-07-16 09:50:00+08:00,2.005,2.022,2.005,2.017,1516744.0,305439968.0
2026-07-16 09:55:00+08:00,2.015,2.018,1.999,2.009,1571801.92,315361248.0
2026-07-16 10:00:00+08:00,2.01,2.045,2.01,2.039,1482152.0,300997888.0
2026-07-16 10:05:00+08:00,2.037,2.039,2.017,2.017,897482.0,182049056.0
2026-07-16 10:10:00+08:00,2.017,2.039,2.012,2.039,837334.0,169498208.0
2026-07-16 10:15:00+08:00,2.04,2.044,2.033,2.036,1229220.0,250576160.0
2026-07-16 10:20:00+08:00,2.038,2.054,2.038,2.044,1030916.0,211015744.0
2026-07-16 10:25:00+08:00,2.042,2.052,2.032,2.037,685560.96,140108976.0
2026-07-16 10:30:00+08:00,2.04,2.044,2.026,2.03,742084.0,150871904.0
2026-07-16 10:35:00+08:00,2.03,2.03,2.013,2.018,706742.0,142751904.0
2026-07-16 10:40:00+08:00,2.017,2.018,2.004,2.004,766852.96,154161248.0
2026-07-16 10:45:00+08:00,2.004,2.029,2.001,2.029,823983.04,165861984.0
2026-07-16 10:50:00+08:00,2.031,2.037,2.021,2.037,636234.0,129182024.0
2026-07-16 10:55:00+08:00,2.038,2.04,2.029,2.032,663262.0,135024400.0
2026-07-16 11:00:00+08:00,2.033,2.04,2.024,2.034,504745.0,102624832.0
2026-07-16 11:05:00+08:00,2.035,2.038,2.022,2.023,363038.0,73707456.0
2026-07-16 11:10:00+08:00,2.022,2.027,2.016,2.018,412080.0,83237072.0
2026-07-16 11:15:00+08:00,2.019,2.019,2.01,2.011,338138.0,68066560.0
2026-07-16 11:20:00+08:00,2.011,2.014,2.003,2.005,377075.0,75701600.0
2026-07-16 11:25:00+08:00,2.004,2.006,1.998,1.999,754524.0,151046880.0
2026-07-16 11:30:00+08:00,2.0,2.01,2.0,2.009,573669.0,115109888.0
2026-07-16 13:05:00+08:00,2.009,2.009,1.992,2.004,753511.04,150704160.0
2026-07-16 13:10:00+08:00,2.005,2.011,1.993,1.993,477418.0,95610624.0
2026-07-16 13:15:00+08:00,1.993,1.995,1.987,1.993,551198.0,109710576.0
2026-07-16 13:20:00+08:00,1.993,2.002,1.982,2.0,575010.0,114396560.0
2026-07-16 13:25:00+08:00,1.999,2.004,1.985,1.985,570403.0,113682608.0
2026-07-16 13:30:00+08:00,1.985,1.985,1.978,1.979,528530.0,104685824.0
2026-07-16 13:35:00+08:00,1.977,1.978,1.971,1.975,640570.0,126464224.0
2026-07-16 13:40:00+08:00,1.974,1.974,1.964,1.968,875942.0,172354976.0
2026-07-16 13:45:00+08:00,1.969,1.974,1.964,1.969,676400.0,133183688.0
2026-07-16 13:50:00+08:00,1.969,1.97,1.958,1.958,728991.04,143003792.0
2026-07-16 13:55:00+08:00,1.959,1.973,1.959,1.961,702990.0,138129872.0
2026-07-16 14:00:00+08:00,1.962,1.964,1.958,1.964,626267.0,122766112.0
2026-07-16 14:05:00+08:00,1.963,1.967,1.956,1.963,694763.04,136233520.0
2026-07-16 14:10:00+08:00,1.963,1.978,1.963,1.964,667851.0,131539264.0
2026-07-16 14:15:00+08:00,1.963,1.967,1.955,1.956,610309.0,119619096.0
2026-07-16 14:20:00+08:00,1.955,1.956,1.952,1.952,511427.0,99929264.0
2026-07-16 14:25:00+08:00,1.952,1.959,1.95,1.953,1137832.0,222130240.0
2026-07-16 14:30:00+08:00,1.953,1.957,1.948,1.949,635441.0,123940216.0
2026-07-16 14:35:00+08:00,1.947,1.95,1.942,1.942,1097351.04,213534496.0
2026-07-16 14:40:00+08:00,1.942,1.945,1.934,1.942,1638928.0,317938624.0
2026-07-16 14:45:00+08:00,1.942,1.951,1.935,1.936,1197778.0,232636672.0
2026-07-16 14:50:00+08:00,1.936,1.937,1.93,1.93,1366475.04,264153728.0
2026-07-16 14:55:00+08:00,1.93,1.943,1.928,1.943,1829056.96,353939392.0
2026-07-16 15:00:00+08:00,1.942,1.945,1.942,1.945,655680.0,127471040.0
2026-07-17 09:35:00+08:00,1.922,1.936,1.868,1.872,5367320.0,1018686528.0
2026-07-17 09:40:00+08:00,1.874,1.895,1.871,1.892,5086236.16,957465472.0
2026-07-17 09:45:00+08:00,1.89,1.912,1.89,1.901,3359181.12,639269504.0
2026-07-17 09:50:00+08:00,1.9,1.91,1.885,1.91,2303478.08,436572032.0
2026-07-17 09:55:00+08:00,1.908,1.94,1.901,1.937,2181580.0,419484960.0
2026-07-17 10:00:00+08:00,1.934,1.945,1.933,1.936,1578808.96,306053312.0
2026-07-17 10:05:00+08:00,1.935,1.936,1.915,1.93,1357193.92,261335088.0
2026-07-17 10:10:00+08:00,1.93,1.93,1.908,1.908,1246095.04,239066624.0
2026-07-17 10:15:00+08:00,1.909,1.913,1.9,1.91,1216230.0,231915376.0
2026-07-17 10:20:00+08:00,1.907,1.918,1.9,1.906,699748.96,133565656.0
2026-07-17 10:25:00+08:00,1.905,1.905,1.886,1.895,1237420.0,234296096.0
2026-07-17 10:30:00+08:00,1.893,1.894,1.882,1.886,1079891.04,203770016.0
2026-07-17 10:35:00+08:00,1.887,1.887,1.878,1.879,1485144.96,279423008.0
2026-07-17 10:40:00+08:00,1.879,1.882,1.869,1.881,1871540.96,351034528.0
2026-07-17 10:45:00+08:00,1.882,1.887,1.869,1.869,1374454.08,258073088.0
2026-07-17 10:50:00+08:00,1.869,1.875,1.86,1.862,1925111.04,359270144.0
2026-07-17 10:55:00+08:00,1.863,1.87,1.862,1.863,1528489.92,285044224.0
2026-07-17 11:00:00+08:00,1.865,1.886,1.864,1.879,1217640.0,228543296.0
2026-07-17 11:05:00+08:00,1.879,1.905,1.878,1.903,1167767.04,221202592.0
2026-07-17 11:10:00+08:00,1.903,1.903,1.881,1.884,750028.96,142032384.0
2026-07-17 11:15:00+08:00,1.883,1.883,1.872,1.879,539443.0,101256224.0
2026-07-17 11:20:00+08:00,1.88,1.884,1.863,1.865,829055.04,155413616.0
2026-07-17 11:25:00+08:00,1.865,1.867,1.86,1.861,919750.0,171297856.0
2026-07-17 11:30:00+08:00,1.861,1.865,1.86,1.862,814355.04,151604416.0
2026-07-17 13:05:00+08:00,1.862,1.865,1.848,1.85,1878111.04,348438528.0
2026-07-17 13:10:00+08:00,1.851,1.851,1.84,1.848,1123046.0,207382448.0
2026-07-17 13:15:00+08:00,1.848,1.852,1.832,1.835,1505331.04,277373952.0
2026-07-17 13:20:00+08:00,1.834,1.836,1.822,1.823,1762449.92,322747008.0
2026-07-17 13:25:00+08:00,1.823,1.83,1.817,1.824,1790832.0,326482144.0
2026-07-17 13:30:00+08:00,1.825,1.847,1.824,1.843,2152436.0,395198400.0
2026-07-17 13:35:00+08:00,1.844,1.847,1.823,1.824,1609380.0,295480160.0
2026-07-17 13:40:00+08:00,1.825,1.825,1.808,1.81,1637740.96,297246976.0
2026-07-17 13:45:00+08:00,1.808,1.814,1.796,1.797,2167119.04,391448512.0
2026-07-17 13:50:00+08:00,1.797,1.815,1.791,1.813,2009432.96,362247968.0
2026-07-17 13:55:00+08:00,1.814,1.822,1.803,1.812,1405241.92,254391552.0
2026-07-17 14:00:00+08:00,1.81,1.837,1.804,1.835,1453271.04,264867664.0
2026-07-17 14:05:00+08:00,1.835,1.864,1.835,1.855,1670768.96,309762400.0
2026-07-17 14:10:00+08:00,1.855,1.867,1.846,1.867,1104512.96,204850160.0
2026-07-17 14:15:00+08:00,1.867,1.89,1.863,1.888,1577113.92,295976480.0
2026-07-17 14:20:00+08:00,1.889,1.891,1.86,1.861,1718684.96,322140096.0
2026-07-17 14:25:00+08:00,1.86,1.87,1.858,1.859,822602.0,153338080.0
2026-07-17 14:30:00+08:00,1.859,1.864,1.85,1.85,621068.0,115352728.0
2026-07-17 14:35:00+08:00,1.851,1.857,1.848,1.855,653956.0,121123680.0
2026-07-17 14:40:00+08:00,1.854,1.854,1.832,1.835,954975.04,176085056.0
2026-07-17 14:45:00+08:00,1.835,1.836,1.821,1.822,948556.0,173288160.0
2026-07-17 14:50:00+08:00,1.822,1.823,1.815,1.816,1367590.08,248749088.0
2026-07-17 14:55:00+08:00,1.816,1.817,1.803,1.805,1814687.04,328209632.0
2026-07-17 15:00:00+08:00,1.805,1.809,1.804,1.807,1713971.04,309620000.0
2026-07-20 09:35:00+08:00,1.851,1.87,1.833,1.856,5609447.04,1038237376.0
2026-07-20 09:40:00+08:00,1.859,1.873,1.854,1.865,2740654.08,510636544.0
2026-07-20 09:45:00+08:00,1.865,1.871,1.844,1.856,2912449.92,541193216.0
2026-07-20 09:50:00+08:00,1.855,1.855,1.825,1.827,2670208.96,491772480.0
2026-07-20 09:55:00+08:00,1.827,1.831,1.807,1.808,2450720.0,445931776.0
2026-07-20 10:00:00+08:00,1.813,1.842,1.813,1.837,2092788.0,382850464.0
2026-07-20 10:05:00+08:00,1.837,1.852,1.824,1.851,1521091.04,279726240.0
2026-07-20 10:10:00+08:00,1.852,1.852,1.819,1.823,1828536.96,335841120.0
2026-07-20 10:15:00+08:00,1.822,1.822,1.804,1.809,1968339.04,356795872.0
2026-07-20 10:20:00+08:00,1.808,1.809,1.793,1.805,2163982.08,389774816.0
2026-07-20 10:25:00+08:00,1.805,1.807,1.789,1.792,1642008.96,294974336.0
2026-07-20 10:30:00+08:00,1.795,1.801,1.784,1.785,1344875.04,241047056.0
2026-07-20 10:35:00+08:00,1.784,1.786,1.77,1.77,1730820.0,307645504.0
2026-07-20 10:40:00+08:00,1.77,1.794,1.766,1.79,1386180.0,246210624.0
2026-07-20 10:45:00+08:00,1.791,1.806,1.787,1.806,1137110.0,204283920.0
2026-07-20 10:50:00+08:00,1.805,1.82,1.803,1.82,1201856.0,217739968.0
2026-07-20 10:55:00+08:00,1.822,1.822,1.804,1.804,991226.0,179782016.0
2026-07-20 11:00:00+08:00,1.804,1.832,1.804,1.829,1248736.0,226986944.0
2026-07-20 11:05:00+08:00,1.829,1.848,1.829,1.848,1425916.0,262444240.0
2026-07-20 11:10:00+08:00,1.848,1.849,1.832,1.837,1062820.0,195258400.0
2026-07-20 11:15:00+08:00,1.838,1.839,1.825,1.826,824404.96,151058768.0
2026-07-20 11:20:00+08:00,1.828,1.829,1.812,1.814,582303.0,106094000.0
2026-07-20 11:25:00+08:00,1.813,1.813,1.804,1.812,497597.0,89999360.0
2026-07-20 11:30:00+08:00,1.812,1.815,1.805,1.808,736488.96,133238792.0
2026-07-20 13:05:00+08:00,1.81,1.813,1.795,1.802,893436.96,160956960.0
2026-07-20 13:10:00+08:00,1.802,1.802,1.789,1.796,697308.96,125146032.0
2026-07-20 13:15:00+08:00,1.797,1.8,1.786,1.787,867196.0,155503968.0
2026-07-20 13:20:00+08:00,1.787,1.793,1.781,1.79,777772.0,138907472.0
2026-07-20 13:25:00+08:00,1.79,1.792,1.782,1.784,510131.0,91090928.0
2026-07-20 13:30:00+08:00,1.785,1.788,1.775,1.776,889240.0,158461920.0
2026-07-20 13:35:00+08:00,1.776,1.781,1.766,1.77,1191582.0,210970080.0
2026-07-20 13:40:00+08:00,1.77,1.774,1.762,1.763,1069383.04,188954768.0
2026-07-20 13:45:00+08:00,1.762,1.773,1.756,1.757,1382119.04,243838160.0
2026-07-20 13:50:00+08:00,1.757,1.771,1.746,1.763,1794814.08,315580928.0
2026-07-20 13:55:00+08:00,1.764,1.772,1.751,1.751,1154620.96,203344880.0
2026-07-20 14:00:00+08:00,1.752,1.756,1.748,1.755,1536596.96,269093920.0
2026-07-20 14:05:00+08:00,1.756,1.792,1.749,1.791,6255809.28,1108180096.0
2026-07-20 14:10:00+08:00,1.79,1.791,1.765,1.765,3061270.08,545135296.0
2026-07-20 14:15:00+08:00,1.765,1.775,1.765,1.77,1172622.0,207486768.0
2026-07-20 14:20:00+08:00,1.769,1.769,1.76,1.763,803272.96,141667040.0
2026-07-20 14:25:00+08:00,1.763,1.766,1.749,1.749,1438947.04,252615456.0
2026-07-20 14:30:00+08:00,1.748,1.774,1.748,1.754,6401098.88,1129425024.0
2026-07-20 14:35:00+08:00,1.754,1.756,1.737,1.748,2856213.12,498779392.0
2026-07-20 14:40:00+08:00,1.748,1.764,1.744,1.755,11842711.04,2077165312.0
2026-07-20 14:45:00+08:00,1.755,1.789,1.755,1.787,12454330.88,2206872064.0
2026-07-20 14:50:00+08:00,1.789,1.82,1.789,1.82,15953994.24,2879915520.0
2026-07-20 14:55:00+08:00,1.816,1.827,1.809,1.816,12248993.28,2230404864.0
2026-07-20 15:00:00+08:00,1.817,1.817,1.811,1.815,1563340.96,283616800.0
2026-07-21 09:35:00+08:00,1.832,1.845,1.812,1.833,6343367.68,1160071936.0
2026-07-21 09:40:00+08:00,1.834,1.839,1.819,1.832,3098467.84,567546176.0
2026-07-21 09:45:00+08:00,1.831,1.835,1.817,1.817,2223427.04,406119424.0
2026-07-21 09:50:00+08:00,1.817,1.821,1.803,1.804,2414180.0,437792736.0
2026-07-21 09:55:00+08:00,1.802,1.803,1.787,1.792,3264682.88,586082816.0
2026-07-21 10:00:00+08:00,1.791,1.798,1.777,1.789,3379437.12,603837696.0
2026-07-21 10:05:00+08:00,1.787,1.789,1.767,1.768,2993514.88,531717216.0
2026-07-21 10:10:00+08:00,1.769,1.781,1.758,1.76,3472815.04,613896640.0
2026-07-21 10:15:00+08:00,1.759,1.785,1.755,1.784,2831558.08,500625344.0
2026-07-21 10:20:00+08:00,1.787,1.795,1.772,1.773,1618908.0,288978912.0
2026-07-21 10:25:00+08:00,1.774,1.819,1.774,1.819,2394294.08,431784672.0
2026-07-21 10:30:00+08:00,1.819,1.829,1.815,1.826,2841379.84,518225696.0
2026-07-21 10:35:00+08:00,1.828,1.848,1.827,1.838,2974109.12,546880192.0
2026-07-21 10:40:00+08:00,1.837,1.869,1.837,1.862,3540498.88,656517760.0
2026-07-21 10:45:00+08:00,1.862,1.862,1.84,1.844,2239328.0,414413984.0
2026-07-21 10:50:00+08:00,1.844,1.885,1.844,1.884,2665911.04,498100800.0
2026-07-21 10:55:00+08:00,1.883,1.89,1.875,1.887,3185836.16,600041664.0
2026-07-21 11:00:00+08:00,1.887,1.9,1.887,1.89,2649089.92,502058848.0
2026-07-21 11:05:00+08:00,1.891,1.919,1.89,1.919,2370388.96,451413120.0
2026-07-21 11:10:00+08:00,1.919,1.937,1.915,1.928,2616711.04,504293088.0
2026-07-21 11:15:00+08:00,1.928,1.928,1.9,1.902,2183475.04,417483712.0
2026-07-21 11:20:00+08:00,1.905,1.924,1.902,1.905,1388619.04,265610464.0
2026-07-21 11:25:00+08:00,1.905,1.916,1.9,1.915,1193640.0,227572768.0
2026-07-21 11:30:00+08:00,1.915,1.936,1.915,1.936,1534185.92,295622848.0
2026-07-21 13:05:00+08:00,1.936,1.954,1.936,1.945,3984177.92,774921728.0
2026-07-21 13:10:00+08:00,1.944,1.948,1.933,1.941,1968153.92,381808480.0
2026-07-21 13:15:00+08:00,1.942,1.948,1.938,1.939,1134967.04,220744944.0
2026-07-21 13:20:00+08:00,1.938,1.938,1.921,1.926,1346876.96,259696864.0
2026-07-21 13:25:00+08:00,1.926,1.927,1.916,1.925,888846.0,170756912.0
2026-07-21 13:30:00+08:00,1.924,1.937,1.92,1.932,787284.0,151737696.0
2026-07-21 13:35:00+08:00,1.933,1.94,1.923,1.924,582752.0,112553376.0
2026-07-21 13:40:00+08:00,1.924,1.937,1.923,1.937,572433.0,110515240.0
2026-07-21 13:45:00+08:00,1.935,1.945,1.935,1.945,710915.04,137993744.0
2026-07-21 13:50:00+08:00,1.944,1.946,1.939,1.946,710024.0,138049168.0
2026-07-21 13:55:00+08:00,1.947,1.957,1.946,1.956,1337131.04,260865632.0
2026-07-21 14:00:00+08:00,1.957,1.96,1.947,1.95,912907.04,178511552.0
2026-07-21 14:05:00+08:00,1.951,1.961,1.949,1.961,823638.0,161134560.0
2026-07-21 14:10:00+08:00,1.96,1.969,1.957,1.968,932855.04,183114032.0
2026-07-21 14:15:00+08:00,1.968,1.973,1.963,1.971,982204.0,193272752.0
2026-07-21 14:20:00+08:00,1.971,1.98,1.971,1.979,997308.96,197081120.0
2026-07-21 14:25:00+08:00,1.98,1.98,1.973,1.975,702596.96,138855568.0
2026-07-21 14:30:00+08:00,1.975,1.976,1.961,1.969,814220.96,160198176.0
2026-07-21 14:35:00+08:00,1.97,1.984,1.97,1.983,985502.0,194870912.0
2026-07-21 14:40:00+08:00,1.984,2.002,1.984,2.001,1287970.0,256802208.0
2026-07-21 14:45:00+08:00,2.001,2.007,2.001,2.005,982950.0,196924288.0
2026-07-21 14:50:00+08:00,2.006,2.009,1.995,1.997,1233194.0,246695872.0
2026-07-21 14:55:00+08:00,1.998,2.007,1.997,2.007,1181512.0,236546208.0
2026-07-21 15:00:00+08:00,2.006,2.017,2.006,2.016,1150900.96,231672768.0
2026-07-22 09:35:00+08:00,1.963,2.008,1.963,2.002,7608940.8,1509955200.0
2026-07-22 09:40:00+08:00,2.001,2.02,1.991,1.992,3717833.92,745592832.0
2026-07-22 09:45:00+08:00,1.992,2.001,1.98,1.996,3679582.08,732066752.0
2026-07-22 09:50:00+08:00,1.997,2.017,1.997,2.002,2048620.96,411262784.0
2026-07-22 09:55:00+08:00,2.002,2.011,1.982,1.982,2057136.0,410609728.0
2026-07-22 10:00:00+08:00,1.982,2.0,1.973,2.0,2222883.04,440717536.0
2026-07-22 10:05:00+08:00,1.999,2.006,1.989,1.998,1741899.04,348100544.0
2026-07-22 10:10:00+08:00,1.997,2.001,1.991,2.001,1013930.0,202376352.0
2026-07-22 10:15:00+08:00,2.0,2.008,1.999,2.003,1551256.0,310812352.0
2026-07-22 10:20:00+08:00,2.005,2.03,2.004,2.03,2440503.04,492776384.0
2026-07-22 10:25:00+08:00,2.03,2.038,2.019,2.025,1957023.04,397108992.0
2026-07-22 10:30:00+08:00,2.026,2.03,2.021,2.029,1264584.96,256292320.0
2026-07-22 10:35:00+08:00,2.029,2.029,2.004,2.004,1215611.04,244887840.0
2026-07-22 10:40:00+08:00,2.004,2.008,1.995,2.0,1285310.0,257095072.0
2026-07-22 10:45:00+08:00,1.998,2.001,1.985,1.991,1281038.0,255079936.0
2026-07-22 10:50:00+08:00,1.991,2.0,1.989,2.0,1043595.04,208073456.0
2026-07-22 10:55:00+08:00,2.001,2.017,1.998,2.016,928004.96,186295920.0
2026-07-22 11:00:00+08:00,2.015,2.015,2.005,2.008,867088.96,174270976.0
2026-07-22 11:05:00+08:00,2.007,2.01,1.995,1.998,682122.0,136583712.0
2026-07-22 11:10:00+08:00,1.998,2.002,1.991,2.0,683248.0,136384080.0
2026-07-22 11:15:00+08:00,2.002,2.013,2.001,2.01,673024.96,135070064.0
2026-07-22 11:20:00+08:00,2.008,2.02,2.008,2.019,1057564.96,213213408.0
2026-07-22 11:25:00+08:00,2.018,2.027,2.017,2.026,853176.96,172605568.0
2026-07-22 11:30:00+08:00,2.026,2.038,2.025,2.036,1406116.96,285940256.0
2026-07-22 13:05:00+08:00,2.035,2.036,2.002,2.002,1026814.0,207096112.0
2026-07-22 13:10:00+08:00,2.001,2.008,1.996,1.996,817874.0,163738960.0
2026-07-22 13:15:00+08:00,1.997,2.001,1.992,2.001,805051.04,160579984.0
2026-07-22 13:20:00+08:00,1.997,1.997,1.985,1.993,1081426.0,215211920.0
2026-07-22 13:25:00+08:00,1.992,1.992,1.979,1.979,965236.96,191433408.0
2026-07-22 13:30:00+08:00,1.98,1.982,1.97,1.971,1589204.96,313756768.0
2026-07-22 13:35:00+08:00,1.97,1.973,1.956,1.973,1973777.92,387654560.0
2026-07-22 13:40:00+08:00,1.973,1.981,1.965,1.967,1466732.0,289335136.0
2026-07-22 13:45:00+08:00,1.967,1.973,1.962,1.969,846076.96,166338752.0
2026-07-22 13:50:00+08:00,1.969,1.977,1.967,1.97,778591.04,153480096.0
2026-07-22 13:55:00+08:00,1.968,1.973,1.961,1.961,640918.0,126052840.0
2026-07-22 14:00:00+08:00,1.961,1.961,1.95,1.956,1100700.0,215197264.0
2026-07-22 14:05:00+08:00,1.957,1.963,1.95,1.951,841687.04,164703056.0
2026-07-22 14:10:00+08:00,1.95,1.95,1.94,1.941,1297438.0,252450624.0
2026-07-22 14:15:00+08:00,1.942,1.943,1.935,1.943,1213256.0,235293280.0
2026-07-22 14:20:00+08:00,1.943,1.962,1.943,1.955,1333631.04,260505760.0
2026-07-22 14:25:00+08:00,1.956,1.977,1.956,1.976,1133448.0,223251376.0
2026-07-22 14:30:00+08:00,1.975,1.976,1.955,1.956,606781.0,119249248.0
2026-07-22 14:35:00+08:00,1.956,1.975,1.953,1.968,761316.96,149695008.0
2026-07-22 14:40:00+08:00,1.97,1.97,1.958,1.963,732204.96,143636608.0
2026-07-22 14:45:00+08:00,1.962,1.97,1.96,1.96,1038238.0,203978912.0
2026-07-22 14:50:00+08:00,1.96,1.96,1.952,1.954,1468479.04,287193024.0
2026-07-22 14:55:00+08:00,1.955,1.962,1.955,1.958,1439500.0,282009408.0
2026-07-22 15:00:00+08:00,1.958,1.959,1.955,1.955,823824.96,161168048.0
2026-07-23 09:35:00+08:00,1.97,1.979,1.941,1.959,3094147.84,605559680.0
2026-07-23 09:40:00+08:00,1.957,1.969,1.943,1.943,2115894.08,414123776.0
2026-07-23 09:45:00+08:00,1.943,1.952,1.927,1.946,2242510.08,434583072.0
2026-07-23 09:50:00+08:00,1.945,1.951,1.931,1.936,1323300.96,256302528.0
2026-07-23 09:55:00+08:00,1.935,1.956,1.928,1.953,1523796.96,296159584.0
2026-07-23 10:00:00+08:00,1.95,1.955,1.929,1.929,1548767.04,300293504.0
2026-07-23 10:05:00+08:00,1.929,1.929,1.91,1.914,2302392.0,441792864.0
2026-07-23 10:10:00+08:00,1.915,1.925,1.903,1.911,1990441.92,380636800.0
2026-07-23 10:15:00+08:00,1.912,1.921,1.902,1.903,1307064.0,249509056.0
2026-07-23 10:20:00+08:00,1.904,1.911,1.896,1.904,2127756.0,404806784.0
2026-07-23 10:25:00+08:00,1.905,1.916,1.895,1.895,1704694.08,324616320.0
2026-07-23 10:30:00+08:00,1.896,1.896,1.881,1.887,2309880.0,436122752.0
2026-07-23 10:35:00+08:00,1.89,1.902,1.887,1.889,1460886.08,276875328.0
2026-07-23 10:40:00+08:00,1.889,1.905,1.888,1.898,1136855.04,215987536.0
2026-07-23 10:45:00+08:00,1.898,1.906,1.89,1.89,932091.04,177113456.0
2026-07-23 10:50:00+08:00,1.89,1.895,1.886,1.888,1059924.0,200255504.0
2026-07-23 10:55:00+08:00,1.888,1.899,1.887,1.889,788644.0,149176000.0
2026-07-23 11:00:00+08:00,1.887,1.889,1.883,1.886,1029400.0,194074304.0
2026-07-23 11:05:00+08:00,1.887,1.889,1.876,1.876,1378758.08,259412080.0
2026-07-23 11:10:00+08:00,1.876,1.876,1.867,1.872,1591715.04,297858624.0
2026-07-23 11:15:00+08:00,1.871,1.894,1.869,1.894,1391316.96,261337072.0
2026-07-23 11:20:00+08:00,1.895,1.896,1.882,1.885,858878.0,162356064.0
2026-07-23 11:25:00+08:00,1.886,1.89,1.88,1.88,451085.0,85039960.0
2026-07-23 11:30:00+08:00,1.881,1.883,1.876,1.883,495240.0,93041800.0
2026-07-23 13:05:00+08:00,1.882,1.897,1.882,1.884,870786.0,164740384.0
2026-07-23 13:10:00+08:00,1.885,1.911,1.883,1.911,911008.0,172648944.0
2026-07-23 13:15:00+08:00,1.912,1.912,1.897,1.897,895731.04,170597376.0
2026-07-23 13:20:00+08:00,1.897,1.897,1.885,1.886,663999.0,125591048.0
2026-07-23 13:25:00+08:00,1.885,1.898,1.885,1.894,440102.0,83344360.0
2026-07-23 13:30:00+08:00,1.895,1.912,1.895,1.904,642590.0,122484352.0
2026-07-23 13:35:00+08:00,1.905,1.917,1.9,1.916,824239.04,157511920.0
2026-07-23 13:40:00+08:00,1.917,1.92,1.913,1.913,759228.0,145539008.0
2026-07-23 13:45:00+08:00,1.912,1.912,1.899,1.901,596125.0,113507568.0
2026-07-23 13:50:00+08:00,1.901,1.904,1.894,1.895,389134.0,73874960.0
2026-07-23 13:55:00+08:00,1.895,1.898,1.892,1.893,396812.0,75210960.0
2026-07-23 14:00:00+08:00,1.892,1.895,1.89,1.892,448928.0,84944488.0
2026-07-23 14:05:00+08:00,1.891,1.892,1.886,1.89,497789.0,94022704.0
2026-07-23 14:10:00+08:00,1.889,1.895,1.887,1.892,567628.0,107335272.0
2026-07-23 14:15:00+08:00,1.892,1.893,1.886,1.887,622799.0,117699528.0
2026-07-23 14:20:00+08:00,1.888,1.891,1.886,1.888,499695.0,94328656.0
2026-07-23 14:25:00+08:00,1.888,1.888,1.883,1.883,543488.0,102463744.0
2026-07-23 14:30:00+08:00,1.883,1.889,1.88,1.889,675844.96,127213160.0
2026-07-23 14:35:00+08:00,1.889,1.897,1.888,1.889,882174.0,167004656.0
2026-07-23 14:40:00+08:00,1.889,1.895,1.889,1.895,684840.0,129632160.0
2026-07-23 14:45:00+08:00,1.896,1.897,1.894,1.894,918128.96,173999264.0
2026-07-23 14:50:00+08:00,1.894,1.894,1.886,1.888,839294.0,158501232.0
2026-07-23 14:55:00+08:00,1.888,1.893,1.887,1.89,964576.0,182366688.0
2026-07-23 15:00:00+08:00,1.89,1.89,1.888,1.888,874264.0,165122848.0
2026-07-24 09:35:00+08:00,1.851,1.879,1.85,1.878,4261550.08,792815232.0
2026-07-24 09:40:00+08:00,1.878,1.888,1.866,1.869,2900090.88,544880448.0
2026-07-24 09:45:00+08:00,1.87,1.901,1.866,1.899,2264086.08,426679616.0
2026-07-24 09:50:00+08:00,1.9,1.903,1.883,1.888,1746153.92,330251008.0
2026-07-24 09:55:00+08:00,1.89,1.902,1.89,1.902,1930094.08,366470080.0
2026-07-24 10:00:00+08:00,1.902,1.905,1.891,1.896,1289559.04,244950912.0
2026-07-24 10:05:00+08:00,1.896,1.896,1.88,1.881,1074522.0,202830416.0
2026-07-24 10:10:00+08:00,1.88,1.902,1.878,1.897,1056926.0,200143392.0
2026-07-24 10:15:00+08:00,1.899,1.899,1.889,1.89,814588.96,154341056.0
2026-07-24 10:20:00+08:00,1.889,1.895,1.883,1.889,583007.0,110059000.0
2026-07-24 10:25:00+08:00,1.89,1.899,1.885,1.898,826884.0,156389984.0
2026-07-24 10:30:00+08:00,1.899,1.905,1.898,1.899,1626664.0,309391552.0
2026-07-24 10:35:00+08:00,1.899,1.899,1.889,1.891,790915.04,149750784.0
2026-07-24 10:40:00+08:00,1.893,1.896,1.881,1.882,827190.0,156132240.0
2026-07-24 10:45:00+08:00,1.882,1.889,1.882,1.887,569248.0,107299640.0
2026-07-24 10:50:00+08:00,1.888,1.899,1.886,1.895,832187.04,157717856.0
2026-07-24 10:55:00+08:00,1.894,1.904,1.891,1.904,991170.0,188197504.0
2026-07-24 11:00:00+08:00,1.904,1.906,1.891,1.893,856366.0,162809552.0
2026-07-24 11:05:00+08:00,1.894,1.894,1.887,1.892,680648.96,128648976.0
2026-07-24 11:10:00+08:00,1.891,1.896,1.885,1.886,458690.0,86672688.0
2026-07-24 11:15:00+08:00,1.886,1.891,1.884,1.885,466781.0,88053352.0
2026-07-24 11:20:00+08:00,1.885,1.886,1.88,1.882,451003.0,84890416.0
2026-07-24 11:25:00+08:00,1.882,1.884,1.876,1.879,613557.0,115304024.0
2026-07-24 11:30:00+08:00,1.879,1.893,1.875,1.893,579882.0,109181712.0
2026-07-24 13:05:00+08:00,1.892,1.907,1.892,1.9,1508684.0,286897248.0
2026-07-24 13:10:00+08:00,1.9,1.923,1.897,1.915,2007020.0,383743904.0
2026-07-24 13:15:00+08:00,1.915,1.931,1.914,1.914,1630144.96,313726688.0
2026-07-24 13:20:00+08:00,1.914,1.918,1.906,1.917,807658.0,154522336.0
2026-07-24 13:25:00+08:00,1.918,1.918,1.907,1.908,446964.0,85491520.0
2026-07-24 13:30:00+08:00,1.908,1.924,1.907,1.917,836124.0,160402176.0
2026-07-24 13:35:00+08:00,1.917,1.917,1.905,1.907,519594.0,99236848.0
2026-07-24 13:40:00+08:00,1.905,1.906,1.899,1.899,620401.0,118012520.0
2026-07-24 13:45:00+08:00,1.899,1.903,1.895,1.896,632117.0,120013592.0
2026-07-24 13:50:00+08:00,1.895,1.906,1.895,1.9,616059.0,117088008.0
2026-07-24 13:55:00+08:00,1.9,1.9,1.893,1.897,381987.0,72431416.0
2026-07-24 14:00:00+08:00,1.897,1.899,1.894,1.896,290619.0,55109260.0
2026-07-24 14:05:00+08:00,1.896,1.897,1.891,1.891,427014.0,80856536.0
2026-07-24 14:10:00+08:00,1.891,1.893,1.885,1.892,547842.0,103451464.0
2026-07-24 14:15:00+08:00,1.892,1.899,1.887,1.899,548359.0,103839848.0
2026-07-24 14:20:00+08:00,1.9,1.902,1.895,1.897,683614.0,129749384.0
2026-07-24 14:25:00+08:00,1.898,1.907,1.898,1.901,668649.0,127278096.0
2026-07-24 14:30:00+08:00,1.901,1.903,1.896,1.901,469502.0,89225432.0
2026-07-24 14:35:00+08:00,1.902,1.907,1.891,1.896,759831.04,144156320.0
2026-07-24 14:40:00+08:00,1.896,1.896,1.89,1.892,786336.96,148812160.0
2026-07-24 14:45:00+08:00,1.892,1.892,1.889,1.889,672251.04,127077184.0
2026-07-24 14:50:00+08:00,1.89,1.89,1.883,1.885,958244.96,180640448.0
2026-07-24 14:55:00+08:00,1.885,1.889,1.884,1.886,1043936.96,196941152.0
2026-07-24 15:00:00+08:00,1.886,1.887,1.884,1.885,1110424.96,209332736.0
2026-07-27 09:35:00+08:00,1.875,1.881,1.861,1.862,1585969.92,297173056.0
2026-07-27 09:40:00+08:00,1.861,1.861,1.819,1.84,3357545.92,615449344.0
2026-07-27 09:45:00+08:00,1.841,1.861,1.834,1.838,1833319.04,338317248.0
2026-07-27 09:50:00+08:00,1.836,1.871,1.833,1.859,1769153.92,328251872.0
2026-07-27 09:55:00+08:00,1.855,1.896,1.851,1.894,1703440.0,319552512.0
2026-07-27 10:00:00+08:00,1.895,1.918,1.895,1.9,2184262.08,416283520.0
2026-07-27 10:05:00+08:00,1.9,1.907,1.89,1.894,1309787.04,248663488.0
2026-07-27 10:10:00+08:00,1.893,1.902,1.889,1.902,1083260.0,205129040.0
2026-07-27 10:15:00+08:00,1.902,1.902,1.886,1.886,717196.96,135801328.0
2026-07-27 10:20:00+08:00,1.885,1.889,1.876,1.879,807766.0,152063648.0
2026-07-27 10:25:00+08:00,1.879,1.891,1.876,1.878,688558.0,129540752.0
2026-07-27 10:30:00+08:00,1.878,1.894,1.878,1.892,862063.04,162726400.0
2026-07-27 10:35:00+08:00,1.892,1.892,1.871,1.873,718572.0,135145152.0
2026-07-27 10:40:00+08:00,1.873,1.877,1.864,1.868,892186.0,166870944.0
2026-07-27 10:45:00+08:00,1.87,1.879,1.869,1.875,491946.0,92205032.0
2026-07-27 10:50:00+08:00,1.875,1.884,1.871,1.873,614537.0,115397376.0
2026-07-27 10:55:00+08:00,1.872,1.873,1.863,1.867,506205.0,94571520.0
2026-07-27 11:00:00+08:00,1.867,1.873,1.865,1.867,392756.0,73430864.0
2026-07-27 11:05:00+08:00,1.867,1.874,1.863,1.874,446467.0,83409088.0
2026-07-27 11:10:00+08:00,1.874,1.881,1.871,1.876,386285.0,72474480.0
2026-07-27 11:15:00+08:00,1.877,1.89,1.876,1.885,390925.0,73635744.0
2026-07-27 11:20:00+08:00,1.883,1.885,1.871,1.876,334334.0,62785848.0
2026-07-27 11:25:00+08:00,1.874,1.881,1.873,1.878,365584.0,68610936.0
2026-07-27 11:30:00+08:00,1.878,1.881,1.873,1.875,270553.0,50768072.0
2026-07-27 13:05:00+08:00,1.878,1.888,1.868,1.872,685215.04,128566352.0
2026-07-27 13:10:00+08:00,1.872,1.873,1.864,1.866,346438.0,64702800.0
2026-07-27 13:15:00+08:00,1.867,1.867,1.857,1.862,781260.0,145363328.0
2026-07-27 13:20:00+08:00,1.861,1.866,1.859,1.862,340776.0,63422832.0
2026-07-27 13:25:00+08:00,1.862,1.863,1.856,1.858,284788.0,52954444.0
2026-07-27 13:30:00+08:00,1.857,1.859,1.851,1.856,462804.0,85832704.0
2026-07-27 13:35:00+08:00,1.855,1.855,1.844,1.853,894142.0,165317072.0
2026-07-27 13:40:00+08:00,1.852,1.856,1.849,1.852,1013468.96,187632240.0
2026-07-27 13:45:00+08:00,1.851,1.859,1.851,1.855,579865.0,107549304.0
2026-07-27 13:50:00+08:00,1.854,1.87,1.851,1.87,464101.0,86323112.0
2026-07-27 13:55:00+08:00,1.87,1.87,1.858,1.86,315992.0,58889860.0
2026-07-27 14:00:00+08:00,1.86,1.865,1.86,1.861,186825.0,34773468.0
2026-07-27 14:05:00+08:00,1.86,1.865,1.858,1.862,137041.0,25507388.0
2026-07-27 14:10:00+08:00,1.862,1.87,1.862,1.867,499221.0,93195616.0
2026-07-27 14:15:00+08:00,1.867,1.872,1.863,1.867,370678.0,69229808.0
2026-07-27 14:20:00+08:00,1.867,1.877,1.863,1.877,504185.0,94331296.0
2026-07-27 14:25:00+08:00,1.878,1.883,1.876,1.876,479686.0,90132640.0
2026-07-27 14:30:00+08:00,1.877,1.884,1.872,1.884,602496.0,113217008.0
2026-07-27 14:35:00+08:00,1.885,1.899,1.885,1.899,1177072.0,222680544.0
2026-07-27 14:40:00+08:00,1.898,1.905,1.892,1.903,1660052.0,315314464.0
2026-07-27 14:45:00+08:00,1.904,1.908,1.899,1.902,1376744.96,262152912.0
2026-07-27 14:50:00+08:00,1.901,1.907,1.899,1.906,1012352.0,192630848.0
2026-07-27 14:55:00+08:00,1.907,1.908,1.904,1.906,1420303.04,270760544.0
2026-07-27 15:00:00+08:00,1.906,1.911,1.905,1.911,1347080.0,257030960.0
2026-07-28 09:35:00+08:00,1.86,1.883,1.851,1.88,3593434.88,670030400.0
2026-07-28 09:40:00+08:00,1.884,1.896,1.88,1.88,2685273.92,506777504.0
2026-07-28 09:45:00+08:00,1.879,1.889,1.875,1.881,1116964.0,210119728.0
2026-07-28 09:50:00+08:00,1.882,1.883,1.865,1.87,1485012.0,277963008.0
2026-07-28 09:55:00+08:00,1.87,1.873,1.858,1.871,1990884.0,371437856.0
2026-07-28 10:00:00+08:00,1.87,1.875,1.856,1.86,1314542.0,245025312.0
2026-07-28 10:05:00+08:00,1.86,1.883,1.857,1.871,1007247.04,188519552.0
2026-07-28 10:10:00+08:00,1.874,1.878,1.865,1.868,549349.0,102779832.0
2026-07-28 10:15:00+08:00,1.868,1.869,1.86,1.864,1060603.04,197666864.0
2026-07-28 10:20:00+08:00,1.863,1.866,1.859,1.862,852563.04,158768656.0
2026-07-28 10:25:00+08:00,1.861,1.87,1.857,1.858,657096.0,122425312.0
2026-07-28 10:30:00+08:00,1.858,1.859,1.848,1.85,1754400.96,324937664.0
2026-07-28 10:35:00+08:00,1.85,1.855,1.845,1.847,1166236.96,215610896.0
2026-07-28 10:40:00+08:00,1.846,1.846,1.837,1.839,1323120.0,243660976.0
2026-07-28 10:45:00+08:00,1.838,1.842,1.834,1.835,1216827.04,223596224.0
2026-07-28 10:50:00+08:00,1.834,1.837,1.826,1.831,1668648.96,305567616.0
2026-07-28 10:55:00+08:00,1.831,1.844,1.829,1.835,1331115.04,244311552.0
2026-07-28 11:00:00+08:00,1.836,1.84,1.825,1.827,1272519.04,233041024.0
2026-07-28 11:05:00+08:00,1.827,1.829,1.822,1.824,918540.0,167620384.0
2026-07-28 11:10:00+08:00,1.823,1.827,1.82,1.823,1670017.92,304233760.0
2026-07-28 11:15:00+08:00,1.823,1.835,1.821,1.832,1514232.96,276426688.0
2026-07-28 11:20:00+08:00,1.832,1.841,1.825,1.831,789582.0,144710944.0
2026-07-28 11:25:00+08:00,1.83,1.839,1.826,1.835,623279.0,114097808.0
2026-07-28 11:30:00+08:00,1.835,1.844,1.828,1.831,649842.0,119436160.0
2026-07-28 13:05:00+08:00,1.831,1.832,1.819,1.82,1189644.0,216845568.0
2026-07-28 13:10:00+08:00,1.819,1.823,1.815,1.822,1006784.96,182979232.0
2026-07-28 13:15:00+08:00,1.822,1.831,1.819,1.826,687468.0,125503760.0
2026-07-28 13:20:00+08:00,1.826,1.83,1.816,1.816,808671.04,147279920.0
2026-07-28 13:25:00+08:00,1.816,1.818,1.811,1.811,783660.0,142184672.0
2026-07-28 13:30:00+08:00,1.811,1.812,1.806,1.808,873542.0,158075232.0
2026-07-28 13:35:00+08:00,1.808,1.808,1.795,1.796,1616143.04,291062272.0
2026-07-28 13:40:00+08:00,1.796,1.81,1.796,1.81,1148688.96,207036528.0
2026-07-28 13:45:00+08:00,1.81,1.824,1.81,1.815,1237412.96,224621728.0
2026-07-28 13:50:00+08:00,1.814,1.82,1.801,1.802,587658.0,106328256.0
2026-07-28 13:55:00+08:00,1.802,1.806,1.8,1.801,1410998.08,254253424.0
2026-07-28 14:00:00+08:00,1.801,1.803,1.798,1.802,900684.96,162148080.0
2026-07-28 14:05:00+08:00,1.802,1.804,1.798,1.798,738018.0,132927280.0
2026-07-28 14:10:00+08:00,1.799,1.799,1.794,1.795,1077296.96,193492992.0
2026-07-28 14:15:00+08:00,1.794,1.796,1.789,1.79,1269147.04,227470960.0
2026-07-28 14:20:00+08:00,1.79,1.792,1.782,1.791,1205102.0,215435056.0
2026-07-28 14:25:00+08:00,1.79,1.796,1.788,1.79,865655.04,155137792.0
2026-07-28 14:30:00+08:00,1.791,1.792,1.786,1.791,760110.0,135924624.0
2026-07-28 14:35:00+08:00,1.791,1.792,1.78,1.781,1132132.96,201971344.0
2026-07-28 14:40:00+08:00,1.78,1.781,1.771,1.778,2020919.04,359059040.0
2026-07-28 14:45:00+08:00,1.778,1.783,1.768,1.769,2055600.0,364698048.0
2026-07-28 14:50:00+08:00,1.769,1.776,1.769,1.776,1567142.08,277678752.0
2026-07-28 14:55:00+08:00,1.778,1.792,1.778,1.781,1747732.0,312248768.0
2026-07-28 15:00:00+08:00,1.782,1.786,1.782,1.785,1096136.0,195622288.0
2026-07-29 09:35:00+08:00,1.782,1.802,1.778,1.794,3872590.08,692460480.0
2026-07-29 09:40:00+08:00,1.794,1.807,1.791,1.795,2352715.04,423113824.0
2026-07-29 09:45:00+08:00,1.793,1.793,1.751,1.753,2729070.08,483158784.0
2026-07-29 09:50:00+08:00,1.755,1.758,1.734,1.735,4137270.08,722187200.0
2026-07-29 09:55:00+08:00,1.734,1.749,1.73,1.735,3322704.96,577242624.0
2026-07-29 10:00:00+08:00,1.733,1.74,1.719,1.727,2886261.12,498847840.0
2026-07-29 10:05:00+08:00,1.727,1.727,1.703,1.706,3263541.12,560188032.0
2026-07-29 10:10:00+08:00,1.706,1.709,1.698,1.707,3780454.08,643487552.0
2026-07-29 10:15:00+08:00,1.708,1.729,1.708,1.72,2362758.08,406169248.0
2026-07-29 10:20:00+08:00,1.719,1.723,1.711,1.711,1575152.0,270454496.0
2026-07-29 10:25:00+08:00,1.712,1.719,1.702,1.719,1919144.0,327721280.0
2026-07-29 10:30:00+08:00,1.719,1.749,1.719,1.745,2386969.92,414772512.0
2026-07-29 10:35:00+08:00,1.745,1.748,1.731,1.731,1701788.0,296508800.0
2026-07-29 10:40:00+08:00,1.732,1.735,1.723,1.725,1514736.0,262048000.0
2026-07-29 10:45:00+08:00,1.726,1.739,1.726,1.726,1088080.0,188414016.0
2026-07-29 10:50:00+08:00,1.725,1.727,1.711,1.712,885572.0,152138672.0
2026-07-29 10:55:00+08:00,1.712,1.713,1.705,1.706,1209006.0,206660480.0
2026-07-29 11:00:00+08:00,1.705,1.71,1.704,1.708,1236488.0,211034368.0
2026-07-29 11:05:00+08:00,1.708,1.72,1.708,1.714,998278.0,171022000.0
2026-07-29 11:10:00+08:00,1.714,1.726,1.706,1.726,1002243.04,171830384.0
2026-07-29 11:15:00+08:00,1.725,1.739,1.721,1.721,1273346.0,220511696.0
2026-07-29 11:20:00+08:00,1.722,1.728,1.714,1.716,417133.0,71786536.0
2026-07-29 11:25:00+08:00,1.716,1.719,1.71,1.713,572938.0,98202256.0
2026-07-29 11:30:00+08:00,1.713,1.716,1.709,1.712,645971.0,110567088.0
2026-07-29 13:05:00+08:00,1.709,1.732,1.7,1.729,2278425.92,390135936.0
2026-07-29 13:10:00+08:00,1.729,1.751,1.722,1.751,1475459.04,256345408.0
2026-07-29 13:15:00+08:00,1.752,1.78,1.748,1.779,2241798.08,395451392.0
2026-07-29 13:20:00+08:00,1.778,1.78,1.75,1.751,1644919.04,290064768.0
2026-07-29 13:25:00+08:00,1.752,1.768,1.745,1.755,1698833.92,298257120.0
2026-07-29 13:30:00+08:00,1.755,1.772,1.755,1.769,1294883.04,228563456.0
2026-07-29 13:35:00+08:00,1.769,1.777,1.753,1.777,1235310.0,218014368.0
2026-07-29 13:40:00+08:00,1.776,1.782,1.768,1.782,1381235.04,245286224.0
2026-07-29 13:45:00+08:00,1.782,1.789,1.778,1.778,1449495.04,258591712.0
2026-07-29 13:50:00+08:00,1.778,1.784,1.763,1.763,1036988.0,184027184.0
2026-07-29 13:55:00+08:00,1.763,1.77,1.757,1.757,847414.0,149450656.0
2026-07-29 14:00:00+08:00,1.758,1.767,1.758,1.765,645805.0,113869112.0
2026-07-29 14:05:00+08:00,1.765,1.774,1.757,1.757,782867.04,138197712.0
2026-07-29 14:10:00+08:00,1.757,1.758,1.75,1.751,634366.0,111161072.0
2026-07-29 14:15:00+08:00,1.751,1.759,1.748,1.758,584059.0,102338160.0
2026-07-29 14:20:00+08:00,1.758,1.768,1.753,1.765,503905.0,88753928.0
2026-07-29 14:25:00+08:00,1.764,1.767,1.756,1.761,664615.0,117082256.0
2026-07-29 14:30:00+08:00,1.76,1.768,1.758,1.763,497853.0,87857520.0
2026-07-29 14:35:00+08:00,1.764,1.773,1.762,1.766,845734.0,149602048.0
2026-07-29 14:40:00+08:00,1.766,1.767,1.76,1.761,425494.0,75066616.0
2026-07-29 14:45:00+08:00,1.764,1.768,1.762,1.768,659079.0,116337008.0
2026-07-29 14:50:00+08:00,1.767,1.78,1.767,1.78,1478262.08,262361376.0
2026-07-29 14:55:00+08:00,1.78,1.78,1.775,1.778,1854587.04,329641280.0
2026-07-29 15:00:00+08:00,1.777,1.778,1.776,1.776,966658.0,171777968.0
2026-07-30 09:35:00+08:00,1.743,1.766,1.743,1.759,4020709.12,705522752.0
2026-07-30 09:40:00+08:00,1.759,1.764,1.741,1.751,2692254.08,471618208.0
2026-07-30 09:45:00+08:00,1.751,1.751,1.73,1.735,2726960.96,474175936.0
2026-07-30 09:50:00+08:00,1.734,1.734,1.717,1.727,3018563.84,520739616.0
2026-07-30 09:55:00+08:00,1.726,1.743,1.726,1.74,1943064.96,337443936.0
2026-07-30 10:00:00+08:00,1.744,1.746,1.725,1.726,1892891.04,327837152.0
2026-07-30 10:05:00+08:00,1.726,1.729,1.716,1.718,2226656.96,383497600.0
2026-07-30 10:10:00+08:00,1.718,1.718,1.706,1.709,2641806.08,451871872.0
2026-07-30 10:15:00+08:00,1.71,1.717,1.702,1.703,1846688.0,315696128.0
2026-07-30 10:20:00+08:00,1.703,1.719,1.703,1.717,1682179.04,287463648.0
2026-07-30 10:25:00+08:00,1.719,1.719,1.703,1.704,1202616.0,205565408.0
2026-07-30 10:30:00+08:00,1.704,1.705,1.7,1.701,1930934.08,328676352.0
2026-07-30 10:35:00+08:00,1.702,1.704,1.695,1.695,3471575.04,590251520.0
2026-07-30 10:40:00+08:00,1.695,1.696,1.688,1.689,2651592.0,448608864.0
2026-07-30 10:45:00+08:00,1.689,1.696,1.684,1.687,2234987.04,377439872.0
2026-07-30 10:50:00+08:00,1.687,1.698,1.687,1.693,2085324.0,352971872.0
2026-07-30 10:55:00+08:00,1.692,1.694,1.682,1.682,1369032.96,231060384.0
2026-07-30 11:00:00+08:00,1.682,1.683,1.674,1.677,2024654.08,339757504.0
2026-07-30 11:05:00+08:00,1.677,1.678,1.67,1.675,1828183.04,305974912.0
2026-07-30 11:10:00+08:00,1.676,1.689,1.675,1.676,2156833.92,362352832.0
2026-07-30 11:15:00+08:00,1.676,1.681,1.668,1.669,2191524.96,366527808.0
2026-07-30 11:20:00+08:00,1.669,1.673,1.662,1.665,1766512.96,294616096.0
2026-07-30 11:25:00+08:00,1.665,1.67,1.66,1.665,1675236.96,278728224.0
2026-07-30 11:30:00+08:00,1.667,1.669,1.658,1.661,2473531.04,410796480.0
2026-07-30 13:05:00+08:00,1.661,1.661,1.647,1.651,3192874.88,527994592.0
2026-07-30 13:10:00+08:00,1.652,1.684,1.652,1.68,2256795.04,376820128.0
2026-07-30 13:15:00+08:00,1.68,1.68,1.665,1.674,1641590.08,274611552.0
2026-07-30 13:20:00+08:00,1.674,1.677,1.66,1.671,1130351.04,188505408.0
2026-07-30 13:25:00+08:00,1.67,1.708,1.666,1.706,3334867.84,565032896.0
2026-07-30 13:30:00+08:00,1.705,1.713,1.698,1.708,3052162.88,521138752.0
2026-07-30 13:35:00+08:00,1.709,1.709,1.689,1.694,1941665.92,329105440.0
2026-07-30 13:40:00+08:00,1.694,1.696,1.678,1.679,1070475.04,180480656.0
2026-07-30 13:45:00+08:00,1.679,1.694,1.678,1.688,1643428.96,276897696.0
2026-07-30 13:50:00+08:00,1.692,1.707,1.692,1.695,1327904.96,225739232.0
2026-07-30 13:55:00+08:00,1.695,1.702,1.686,1.7,740972.96,125522688.0
2026-07-30 14:00:00+08:00,1.701,1.708,1.695,1.7,904890.0,154105936.0
2026-07-30 14:05:00+08:00,1.7,1.704,1.692,1.702,1645012.0,279353504.0
2026-07-30 14:10:00+08:00,1.703,1.713,1.703,1.707,1035636.0,176966224.0
2026-07-30 14:15:00+08:00,1.706,1.709,1.696,1.7,825863.04,140548208.0
2026-07-30 14:20:00+08:00,1.699,1.715,1.699,1.715,732688.96,125156176.0
2026-07-30 14:25:00+08:00,1.715,1.729,1.715,1.723,1475668.96,254245744.0
2026-07-30 14:30:00+08:00,1.722,1.722,1.708,1.713,639581.0,109652808.0
2026-07-30 14:35:00+08:00,1.713,1.719,1.702,1.711,699166.0,119638080.0
2026-07-30 14:40:00+08:00,1.709,1.709,1.69,1.69,912772.96,154895040.0
2026-07-30 14:45:00+08:00,1.691,1.696,1.687,1.69,1212683.04,205143040.0
2026-07-30 14:50:00+08:00,1.689,1.689,1.675,1.676,1468776.96,246978208.0
2026-07-30 14:55:00+08:00,1.676,1.681,1.672,1.672,1643864.0,275865920.0
2026-07-30 15:00:00+08:00,1.673,1.673,1.668,1.669,1524320.96,254579648.0
2026-07-31 09:35:00+08:00,1.789,1.799,1.785,1.789,19245830.4,3448501760.0
2026-07-31 09:40:00+08:00,1.788,1.8,1.775,1.799,8523100.8,1523771776.0
2026-07-31 09:45:00+08:00,1.8,1.807,1.788,1.788,5091080.0,915542336.0
2026-07-31 09:50:00+08:00,1.788,1.808,1.786,1.806,3914110.08,705136384.0
2026-07-31 09:55:00+08:00,1.806,1.816,1.805,1.812,3067543.04,555271040.0
2026-07-31 10:00:00+08:00,1.812,1.827,1.811,1.82,2909882.88,529575744.0
2026-07-31 10:05:00+08:00,1.82,1.821,1.798,1.799,2195281.92,397208544.0
2026-07-31 10:10:00+08:00,1.8,1.81,1.794,1.796,1616385.92,291117248.0
2026-07-31 10:15:00+08:00,1.796,1.8,1.784,1.784,2049801.92,367587328.0
2026-07-31 10:20:00+08:00,1.783,1.785,1.775,1.785,2702668.16,481231872.0
2026-07-31 10:25:00+08:00,1.783,1.792,1.771,1.773,1752088.0,312009888.0
2026-07-31 10:30:00+08:00,1.772,1.785,1.772,1.778,1185215.04,210804384.0
2026-07-31 10:35:00+08:00,1.778,1.779,1.767,1.773,1140072.96,201998592.0
2026-07-31 10:40:00+08:00,1.773,1.779,1.763,1.767,998146.0,176703616.0
2026-07-31 10:45:00+08:00,1.766,1.782,1.766,1.778,799384.0,141774272.0
2026-07-31 10:50:00+08:00,1.779,1.784,1.768,1.769,773192.96,137385360.0
2026-07-31 10:55:00+08:00,1.769,1.779,1.767,1.778,759244.96,134548544.0
2026-07-31 11:00:00+08:00,1.778,1.785,1.776,1.777,725538.0,129201144.0
2026-07-31 11:05:00+08:00,1.777,1.777,1.766,1.766,1534113.92,271824800.0
2026-07-31 11:10:00+08:00,1.768,1.768,1.76,1.76,1195560.0,211006192.0
2026-07-31 11:15:00+08:00,1.76,1.763,1.752,1.755,1044244.96,183556640.0
2026-07-31 11:20:00+08:00,1.755,1.771,1.754,1.771,755164.0,133215280.0
2026-07-31 11:25:00+08:00,1.771,1.777,1.763,1.763,724720.0,128462608.0
2026-07-31 11:30:00+08:00,1.763,1.775,1.763,1.771,568889.0,100709440.0
2026-07-31 13:05:00+08:00,1.775,1.784,1.769,1.775,1210455.04,214985072.0
2026-07-31 13:10:00+08:00,1.776,1.779,1.766,1.766,631800.0,112060784.0
2026-07-31 13:15:00+08:00,1.767,1.775,1.766,1.775,521126.0,92186704.0
2026-07-31 13:20:00+08:00,1.774,1.786,1.773,1.783,991222.0,176687968.0
2026-07-31 13:25:00+08:00,1.784,1.791,1.78,1.78,1113342.0,198987968.0
2026-07-31 13:30:00+08:00,1.779,1.781,1.773,1.779,464274.0,82502064.0
2026-07-31 13:35:00+08:00,1.777,1.778,1.771,1.773,493973.0,87671608.0
2026-07-31 13:40:00+08:00,1.772,1.772,1.767,1.769,455768.0,80633648.0
2026-07-31 13:45:00+08:00,1.769,1.77,1.764,1.765,661042.0,116787632.0
2026-07-31 13:50:00+08:00,1.765,1.766,1.762,1.766,1607344.96,283619296.0
2026-07-31 13:55:00+08:00,1.766,1.767,1.76,1.76,440411.0,77650400.0
2026-07-31 14:00:00+08:00,1.761,1.761,1.755,1.758,677778.0,119185192.0
2026-07-31 14:05:00+08:00,1.76,1.766,1.757,1.757,569037.0,100242928.0
2026-07-31 14:10:00+08:00,1.758,1.759,1.754,1.754,628636.0,110401320.0
2026-07-31 14:15:00+08:00,1.754,1.754,1.75,1.753,818023.04,143315040.0
2026-07-31 14:20:00+08:00,1.753,1.754,1.75,1.751,530741.0,92921696.0
2026-07-31 14:25:00+08:00,1.751,1.757,1.746,1.757,817610.0,143127104.0
2026-07-31 14:30:00+08:00,1.757,1.762,1.753,1.76,585413.0,102897128.0
2026-07-31 14:35:00+08:00,1.761,1.761,1.749,1.749,748408.0,131114992.0
2026-07-31 14:40:00+08:00,1.749,1.752,1.744,1.745,896456.96,156666752.0
2026-07-31 14:45:00+08:00,1.744,1.744,1.731,1.733,2093419.04,363702560.0
2026-07-31 14:50:00+08:00,1.733,1.736,1.727,1.728,1654409.92,286443968.0
2026-07-31 14:55:00+08:00,1.728,1.732,1.724,1.73,1578835.04,272950208.0
2026-07-31 15:00:00+08:00,1.73,1.73,1.727,1.728,1369564.0,236701696.0
2026-08-03 09:35:00+08:00,1.698,1.71,1.696,1.702,3854003.84,655949760.0
2026-08-03 09:40:00+08:00,1.703,1.706,1.675,1.677,3651954.88,618078848.0
2026-08-03 09:45:00+08:00,1.676,1.683,1.665,1.666,3578405.12,598736384.0
2026-08-03 09:50:00+08:00,1.665,1.672,1.656,1.67,3642278.08,605581824.0
2026-08-03 09:55:00+08:00,1.668,1.673,1.657,1.665,3043854.08,506023872.0
2026-08-03 10:00:00+08:00,1.665,1.676,1.66,1.666,2542505.92,423683584.0
2026-08-03 10:05:00+08:00,1.665,1.673,1.663,1.671,1723953.92,287552960.0
2026-08-03 10:10:00+08:00,1.67,1.677,1.664,1.666,1201948.96,200789568.0
2026-08-03 10:15:00+08:00,1.667,1.675,1.663,1.674,1190871.04,198494192.0
2026-08-03 10:20:00+08:00,1.673,1.674,1.657,1.66,1917380.96,318433760.0
2026-08-03 10:25:00+08:00,1.66,1.67,1.655,1.656,1704344.0,282897792.0
2026-08-03 10:30:00+08:00,1.656,1.658,1.652,1.654,1379857.92,228366368.0
2026-08-03 10:35:00+08:00,1.653,1.663,1.653,1.663,1198948.96,198554832.0
2026-08-03 10:40:00+08:00,1.662,1.672,1.66,1.664,919088.96,153178000.0
2026-08-03 10:45:00+08:00,1.663,1.675,1.66,1.668,992102.0,165545248.0
2026-08-03 10:50:00+08:00,1.667,1.673,1.657,1.659,758091.04,126089152.0
2026-08-03 10:55:00+08:00,1.659,1.665,1.656,1.661,897640.0,148996896.0
2026-08-03 11:00:00+08:00,1.662,1.674,1.659,1.671,747550.0,124749416.0
2026-08-03 11:05:00+08:00,1.672,1.682,1.668,1.668,1001480.96,167757136.0
2026-08-03 11:10:00+08:00,1.668,1.669,1.66,1.66,701914.0,116764288.0
2026-08-03 11:15:00+08:00,1.66,1.664,1.657,1.66,645447.0,107128840.0
2026-08-03 11:20:00+08:00,1.66,1.665,1.658,1.663,521905.0,86687704.0
2026-08-03 11:25:00+08:00,1.664,1.667,1.659,1.666,540495.0,89778232.0
2026-08-03 11:30:00+08:00,1.665,1.669,1.66,1.664,420171.0,69893864.0
2026-08-03 13:05:00+08:00,1.662,1.671,1.662,1.667,537777.0,89638160.0
2026-08-03 13:10:00+08:00,1.667,1.667,1.657,1.659,812879.04,134997728.0
2026-08-03 13:15:00+08:00,1.659,1.661,1.657,1.659,549336.0,91125728.0
2026-08-03 13:20:00+08:00,1.658,1.66,1.656,1.656,645099.0,106891760.0
2026-08-03 13:25:00+08:00,1.656,1.658,1.655,1.656,839564.0,139028064.0
2026-08-03 13:30:00+08:00,1.656,1.658,1.652,1.653,944387.04,156176128.0
2026-08-03 13:35:00+08:00,1.653,1.653,1.65,1.651,1230443.04,203206688.0
2026-08-03 13:40:00+08:00,1.652,1.654,1.65,1.651,1383959.04,228562000.0
2026-08-03 13:45:00+08:00,1.651,1.654,1.65,1.652,1021836.0,168736768.0
2026-08-03 13:50:00+08:00,1.652,1.652,1.65,1.651,739883.04,122145648.0
2026-08-03 13:55:00+08:00,1.651,1.652,1.65,1.651,979379.04,161691584.0
2026-08-03 14:00:00+08:00,1.651,1.651,1.647,1.648,1555558.08,256581136.0
2026-08-03 14:05:00+08:00,1.648,1.648,1.642,1.643,1389016.0,228500352.0
2026-08-03 14:10:00+08:00,1.643,1.643,1.636,1.638,1545979.04,253451408.0
2026-08-03 14:15:00+08:00,1.638,1.649,1.638,1.648,1206250.0,198236000.0
2026-08-03 14:20:00+08:00,1.648,1.648,1.641,1.642,611661.0,100479928.0
2026-08-03 14:25:00+08:00,1.642,1.657,1.641,1.655,909604.96,149970976.0
2026-08-03 14:30:00+08:00,1.655,1.656,1.647,1.647,674771.04,111479936.0
2026-08-03 14:35:00+08:00,1.647,1.649,1.641,1.642,715303.04,117598304.0
2026-08-03 14:40:00+08:00,1.643,1.644,1.638,1.638,1225523.04,200994016.0
2026-08-03 14:45:00+08:00,1.638,1.639,1.637,1.638,1276596.96,209048432.0
2026-08-03 14:50:00+08:00,1.637,1.638,1.635,1.636,1832844.96,300007808.0
2026-08-03 14:55:00+08:00,1.636,1.64,1.636,1.637,2086219.04,341660128.0
2026-08-03 15:00:00+08:00,1.637,1.637,1.636,1.636,1272662.0,208237920.0
2026-08-04 09:35:00+08:00,1.649,1.657,1.642,1.646,4565221.12,752365696.0
2026-08-04 09:40:00+08:00,1.646,1.665,1.646,1.658,3400850.88,563538048.0
2026-08-04 09:45:00+08:00,1.659,1.665,1.654,1.66,2472598.08,410380160.0
2026-08-04 09:50:00+08:00,1.661,1.675,1.659,1.672,3015758.08,503075200.0
2026-08-04 09:55:00+08:00,1.672,1.682,1.672,1.681,2580635.04,432785504.0
2026-08-04 10:00:00+08:00,1.682,1.689,1.679,1.68,2655259.04,447121504.0
2026-08-04 10:05:00+08:00,1.679,1.68,1.668,1.67,1811409.92,303226848.0
2026-08-04 10:10:00+08:00,1.669,1.674,1.664,1.668,1410356.96,235335376.0
2026-08-04 10:15:00+08:00,1.669,1.669,1.659,1.662,1244891.04,206946448.0
2026-08-04 10:20:00+08:00,1.662,1.67,1.661,1.67,814107.04,135507376.0
2026-08-04 10:25:00+08:00,1.67,1.672,1.661,1.661,536217.0,89318592.0
2026-08-04 10:30:00+08:00,1.66,1.667,1.658,1.662,660765.0,109765664.0
2026-08-04 10:35:00+08:00,1.663,1.669,1.663,1.665,445392.0,74191264.0
2026-08-04 10:40:00+08:00,1.665,1.676,1.665,1.675,972396.96,162649680.0
2026-08-04 10:45:00+08:00,1.675,1.679,1.67,1.673,815883.04,136597760.0
2026-08-04 10:50:00+08:00,1.675,1.679,1.674,1.674,700076.96,117361744.0
2026-08-04 10:55:00+08:00,1.674,1.674,1.668,1.668,411261.0,68686496.0
2026-08-04 11:00:00+08:00,1.668,1.672,1.667,1.667,375262.0,62630788.0
2026-08-04 11:05:00+08:00,1.667,1.667,1.661,1.661,452065.0,75189664.0
2026-08-04 11:10:00+08:00,1.662,1.671,1.661,1.671,520470.0,86689200.0
2026-08-04 11:15:00+08:00,1.671,1.674,1.668,1.673,472877.0,79057864.0
2026-08-04 11:20:00+08:00,1.673,1.675,1.67,1.675,463095.0,77487880.0
2026-08-04 11:25:00+08:00,1.675,1.679,1.675,1.678,799556.96,134135376.0
2026-08-04 11:30:00+08:00,1.678,1.687,1.678,1.686,1609968.0,270972384.0
2026-08-04 13:05:00+08:00,1.686,1.697,1.686,1.693,2663844.0,450617440.0
2026-08-04 13:10:00+08:00,1.693,1.697,1.69,1.694,1545996.96,261828368.0
2026-08-04 13:15:00+08:00,1.694,1.694,1.686,1.692,997218.0,168437376.0
2026-08-04 13:20:00+08:00,1.692,1.695,1.686,1.687,852076.96,144089216.0
2026-08-04 13:25:00+08:00,1.687,1.694,1.686,1.693,710852.96,120163744.0
2026-08-04 13:30:00+08:00,1.693,1.705,1.693,1.705,2233628.96,379537760.0
2026-08-04 13:35:00+08:00,1.704,1.716,1.704,1.713,1966223.04,336415488.0
2026-08-04 13:40:00+08:00,1.713,1.72,1.709,1.718,1755160.96,300982368.0
2026-08-04 13:45:00+08:00,1.718,1.719,1.712,1.717,1034551.04,177509040.0
2026-08-04 13:50:00+08:00,1.716,1.72,1.714,1.714,1119183.04,192273440.0
2026-08-04 13:55:00+08:00,1.715,1.717,1.711,1.715,1154555.04,197954016.0
2026-08-04 14:00:00+08:00,1.714,1.717,1.712,1.717,666130.0,114176336.0
2026-08-04 14:05:00+08:00,1.716,1.72,1.716,1.718,1096187.04,188350512.0
2026-08-04 14:10:00+08:00,1.718,1.72,1.715,1.72,848939.04,145866016.0
2026-08-04 14:15:00+08:00,1.719,1.72,1.712,1.712,685472.0,117789040.0
2026-08-04 14:20:00+08:00,1.712,1.712,1.704,1.707,1322120.0,225816624.0
2026-08-04 14:25:00+08:00,1.706,1.71,1.704,1.709,921764.0,157306640.0
2026-08-04 14:30:00+08:00,1.709,1.713,1.709,1.71,674434.0,115371488.0
2026-08-04 14:35:00+08:00,1.711,1.712,1.698,1.7,1472456.96,251011488.0
2026-08-04 14:40:00+08:00,1.7,1.703,1.698,1.7,1009702.0,171729200.0
2026-08-04 14:45:00+08:00,1.699,1.702,1.698,1.698,810876.0,137852288.0
2026-08-04 14:50:00+08:00,1.698,1.701,1.698,1.7,1069246.0,181765808.0
2026-08-04 14:55:00+08:00,1.701,1.705,1.7,1.705,1457447.04,248279712.0
2026-08-04 15:00:00+08:00,1.704,1.706,1.704,1.706,1135591.04,193678192.0
2026-08-05 09:35:00+08:00,1.706,1.739,1.7,1.737,4731048.96,813250048.0
2026-08-05 09:40:00+08:00,1.739,1.755,1.739,1.752,3357084.16,586764288.0
2026-08-05 09:45:00+08:00,1.754,1.765,1.751,1.754,2486940.96,437187680.0
2026-08-05 09:50:00+08:00,1.754,1.768,1.753,1.756,2570158.08,452702432.0
2026-08-05 09:55:00+08:00,1.757,1.758,1.75,1.751,1946971.04,341534496.0
2026-08-05 10:00:00+08:00,1.752,1.761,1.747,1.752,1749311.04,306627936.0
2026-08-05 10:05:00+08:00,1.752,1.758,1.748,1.753,1128579.04,197774576.0
2026-08-05 10:10:00+08:00,1.753,1.753,1.739,1.742,1413452.0,246436032.0
2026-08-05 10:15:00+08:00,1.742,1.742,1.723,1.729,1845152.0,319228224.0
2026-08-05 10:20:00+08:00,1.73,1.738,1.722,1.738,1474564.96,254977664.0
2026-08-05 10:25:00+08:00,1.737,1.748,1.732,1.744,1140628.0,198519440.0
2026-08-05 10:30:00+08:00,1.743,1.749,1.738,1.749,907408.0,158277744.0
2026-08-05 10:35:00+08:00,1.749,1.75,1.738,1.75,901011.04,157240640.0
2026-08-05 10:40:00+08:00,1.748,1.756,1.748,1.751,1036300.96,181591216.0
2026-08-05 10:45:00+08:00,1.75,1.761,1.75,1.759,1165742.0,204931824.0
2026-08-05 10:50:00+08:00,1.759,1.767,1.758,1.767,1670124.0,294504288.0
2026-08-05 10:55:00+08:00,1.767,1.768,1.761,1.766,1289396.96,227494560.0
2026-08-05 11:00:00+08:00,1.766,1.767,1.759,1.762,847276.0,149393344.0
2026-08-05 11:05:00+08:00,1.764,1.773,1.763,1.771,1914348.0,338711136.0
2026-08-05 11:10:00+08:00,1.771,1.774,1.766,1.772,768016.0,135994624.0
2026-08-05 11:15:00+08:00,1.772,1.78,1.772,1.779,1233598.0,219015488.0
2026-08-05 11:20:00+08:00,1.78,1.791,1.778,1.785,1487968.0,265623328.0
2026-08-05 11:25:00+08:00,1.786,1.796,1.78,1.794,1428280.96,255463200.0
2026-08-05 11:30:00+08:00,1.794,1.797,1.791,1.793,1245150.0,223400368.0
2026-08-05 13:05:00+08:00,1.792,1.797,1.785,1.787,1903881.92,340628608.0
2026-08-05 13:10:00+08:00,1.787,1.787,1.776,1.78,1905360.0,339182304.0
2026-08-05 13:15:00+08:00,1.779,1.794,1.778,1.789,922138.0,164931328.0
2026-08-05 13:20:00+08:00,1.788,1.8,1.787,1.798,1243343.04,223277088.0
2026-08-05 13:25:00+08:00,1.798,1.804,1.797,1.8,1226500.96,220809424.0
2026-08-05 13:30:00+08:00,1.8,1.803,1.795,1.795,935784.96,168350624.0
2026-08-05 13:35:00+08:00,1.795,1.803,1.795,1.802,1072486.0,193008384.0
2026-08-05 13:40:00+08:00,1.802,1.802,1.79,1.796,820879.04,147292448.0
2026-08-05 13:45:00+08:00,1.797,1.803,1.793,1.802,1041676.0,187396032.0
2026-08-05 13:50:00+08:00,1.803,1.808,1.801,1.803,957720.0,172830464.0
2026-08-05 13:55:00+08:00,1.803,1.809,1.803,1.806,811096.96,146501264.0
2026-08-05 14:00:00+08:00,1.806,1.806,1.798,1.802,778184.0,140215104.0
2026-08-05 14:05:00+08:00,1.802,1.802,1.793,1.795,789915.04,141935024.0
2026-08-05 14:10:00+08:00,1.795,1.795,1.786,1.794,966708.96,173017648.0
2026-08-05 14:15:00+08:00,1.794,1.794,1.784,1.784,543506.0,97228944.0
2026-08-05 14:20:00+08:00,1.785,1.788,1.777,1.779,1069760.96,190641728.0
2026-08-05 14:25:00+08:00,1.779,1.784,1.775,1.783,957499.04,170370224.0
2026-08-05 14:30:00+08:00,1.782,1.788,1.782,1.787,635287.0,113431296.0
2026-08-05 14:35:00+08:00,1.787,1.788,1.782,1.784,792332.0,141398720.0
2026-08-05 14:40:00+08:00,1.784,1.785,1.778,1.778,726475.04,129405840.0
2026-08-05 14:45:00+08:00,1.778,1.782,1.777,1.78,1384392.96,246236752.0
2026-08-05 14:50:00+08:00,1.779,1.784,1.779,1.784,1286028.96,229196464.0
2026-08-05 14:55:00+08:00,1.784,1.787,1.783,1.785,1142252.0,203926752.0
2026-08-05 15:00:00+08:00,1.786,1.787,1.785,1.786,881044.0,157377056.0
2026-08-06 09:35:00+08:00,1.75,1.756,1.741,1.747,3646273.92,637385344.0
2026-08-06 09:40:00+08:00,1.746,1.766,1.746,1.765,2168124.0,380679712.0
2026-08-06 09:45:00+08:00,1.765,1.776,1.76,1.772,1972008.0,348688576.0
2026-08-06 09:50:00+08:00,1.771,1.78,1.769,1.769,1558136.0,276635840.0
2026-08-06 09:55:00+08:00,1.77,1.773,1.764,1.769,1304582.0,230777216.0
2026-08-06 10:00:00+08:00,1.768,1.785,1.768,1.784,1328878.0,236504448.0
2026-08-06 10:05:00+08:00,1.784,1.787,1.778,1.779,1152438.0,205554416.0
2026-08-06 10:10:00+08:00,1.779,1.788,1.775,1.787,805203.04,143333472.0
2026-08-06 10:15:00+08:00,1.788,1.788,1.78,1.787,490184.0,87448288.0
2026-08-06 10:20:00+08:00,1.787,1.793,1.784,1.792,905150.0,161865792.0
2026-08-06 10:25:00+08:00,1.792,1.8,1.79,1.796,1053262.0,189055616.0
2026-08-06 10:30:00+08:00,1.795,1.806,1.795,1.802,1043087.04,187901696.0
2026-08-06 10:35:00+08:00,1.802,1.808,1.799,1.8,925708.96,167025920.0
2026-08-06 10:40:00+08:00,1.801,1.803,1.793,1.795,1101088.96,198018464.0
2026-08-06 10:45:00+08:00,1.795,1.818,1.795,1.817,1479822.08,267640016.0
2026-08-06 10:50:00+08:00,1.817,1.82,1.809,1.817,1200874.0,218010880.0
2026-08-06 10:55:00+08:00,1.819,1.822,1.817,1.822,1094772.0,199178432.0
2026-08-06 11:00:00+08:00,1.821,1.821,1.81,1.811,1032184.96,187282288.0
2026-08-06 11:05:00+08:00,1.81,1.81,1.801,1.802,1184172.0,213635712.0
2026-08-06 11:10:00+08:00,1.803,1.805,1.789,1.79,923939.04,165927808.0
2026-08-06 11:15:00+08:00,1.79,1.798,1.788,1.788,850260.0,152421584.0
2026-08-06 11:20:00+08:00,1.788,1.791,1.782,1.782,868844.96,155180320.0
2026-08-06 11:25:00+08:00,1.781,1.788,1.777,1.779,702280.0,125161528.0
2026-08-06 11:30:00+08:00,1.777,1.784,1.774,1.784,771530.0,137162560.0
2026-08-06 13:05:00+08:00,1.783,1.793,1.78,1.783,1063444.96,189953952.0
2026-08-06 13:10:00+08:00,1.784,1.792,1.781,1.781,671780.0,120020064.0
2026-08-06 13:15:00+08:00,1.781,1.782,1.774,1.781,557848.0,99163160.0
2026-08-06 13:20:00+08:00,1.781,1.787,1.778,1.778,508098.0,90611808.0
2026-08-06 13:25:00+08:00,1.782,1.784,1.779,1.781,321274.0,57246816.0
2026-08-06 13:30:00+08:00,1.78,1.782,1.774,1.775,357391.0,63539316.0
2026-08-06 13:35:00+08:00,1.776,1.785,1.776,1.779,446553.0,79472376.0
2026-08-06 13:40:00+08:00,1.78,1.78,1.772,1.772,379572.0,67385264.0
2026-08-06 13:45:00+08:00,1.773,1.781,1.77,1.779,436018.0,77310624.0
2026-08-06 13:50:00+08:00,1.78,1.783,1.774,1.775,534908.0,95163648.0
2026-08-06 13:55:00+08:00,1.775,1.78,1.775,1.777,286489.0,50935664.0
2026-08-06 14:00:00+08:00,1.778,1.779,1.773,1.778,449203.0,79759392.0
2026-08-06 14:05:00+08:00,1.779,1.781,1.77,1.771,468538.0,83147456.0
2026-08-06 14:10:00+08:00,1.77,1.772,1.765,1.765,620526.0,109738240.0
2026-08-06 14:15:00+08:00,1.765,1.771,1.764,1.771,456660.0,80723672.0
2026-08-06 14:20:00+08:00,1.771,1.772,1.767,1.772,701100.0,124021936.0
2026-08-06 14:25:00+08:00,1.772,1.785,1.772,1.784,351669.0,62571728.0
2026-08-06 14:30:00+08:00,1.784,1.79,1.781,1.79,501066.0,89463808.0
2026-08-06 14:35:00+08:00,1.791,1.796,1.787,1.796,576164.0,103196128.0
2026-08-06 14:40:00+08:00,1.796,1.8,1.788,1.788,782272.0,140428416.0
2026-08-06 14:45:00+08:00,1.789,1.794,1.787,1.79,540505.0,96758584.0
2026-08-06 14:50:00+08:00,1.79,1.792,1.788,1.792,500316.0,89574160.0
2026-08-06 14:55:00+08:00,1.793,1.795,1.792,1.794,1010116.0,181186784.0
2026-08-06 15:00:00+08:00,1.794,1.795,1.793,1.794,624993.0,112113968.0
2026-08-07 09:35:00+08:00,1.788,1.804,1.785,1.796,2171023.04,389989184.0
2026-08-07 09:40:00+08:00,1.796,1.803,1.79,1.802,1309156.96,235391856.0
2026-08-07 09:45:00+08:00,1.804,1.809,1.787,1.788,1382651.04,248802096.0
2026-08-07 09:50:00+08:00,1.787,1.795,1.78,1.795,1170571.04,209144384.0
2026-08-07 09:55:00+08:00,1.793,1.797,1.788,1.79,784879.04,140677536.0
2026-08-07 10:00:00+08:00,1.789,1.805,1.789,1.8,1116803.04,200967216.0
2026-08-07 10:05:00+08:00,1.8,1.814,1.8,1.805,1367896.96,247108944.0
2026-08-07 10:10:00+08:00,1.806,1.812,1.805,1.812,1026698.0,185688512.0
2026-08-07 10:15:00+08:00,1.812,1.819,1.812,1.814,1285336.96,233312576.0
2026-08-07 10:20:00+08:00,1.813,1.824,1.813,1.822,1315316.96,239414208.0
2026-08-07 10:25:00+08:00,1.821,1.829,1.819,1.825,1470964.96,268387168.0
2026-08-07 10:30:00+08:00,1.825,1.826,1.816,1.821,1052312.96,191618496.0
2026-08-07 10:35:00+08:00,1.821,1.83,1.82,1.821,1516260.0,276843936.0
2026-08-07 10:40:00+08:00,1.822,1.836,1.822,1.834,1474812.0,269979648.0
2026-08-07 10:45:00+08:00,1.835,1.835,1.83,1.83,923558.0,169213168.0
2026-08-07 10:50:00+08:00,1.83,1.83,1.823,1.828,846879.04,154637184.0
2026-08-07 10:55:00+08:00,1.827,1.831,1.82,1.82,724378.0,132335776.0
2026-08-07 11:00:00+08:00,1.82,1.825,1.818,1.818,546477.0,99499904.0
2026-08-07 11:05:00+08:00,1.818,1.821,1.812,1.82,788220.96,143098912.0
2026-08-07 11:10:00+08:00,1.819,1.825,1.816,1.816,402473.0,73232944.0
2026-08-07 11:15:00+08:00,1.815,1.816,1.804,1.811,903892.96,163542528.0
2026-08-07 11:20:00+08:00,1.811,1.815,1.804,1.805,657829.0,118984056.0
2026-08-07 11:25:00+08:00,1.805,1.812,1.801,1.812,423847.0,76492632.0
2026-08-07 11:30:00+08:00,1.812,1.82,1.811,1.813,443434.0,80501744.0
2026-08-07 13:05:00+08:00,1.813,1.832,1.813,1.827,1089690.0,198918192.0
2026-08-07 13:10:00+08:00,1.828,1.831,1.823,1.826,845755.04,154533504.0
2026-08-07 13:15:00+08:00,1.825,1.833,1.821,1.821,631675.0,115462256.0
2026-08-07 13:20:00+08:00,1.82,1.83,1.819,1.827,572387.0,104519944.0
2026-08-07 13:25:00+08:00,1.827,1.833,1.827,1.831,610752.0,111804384.0
2026-08-07 13:30:00+08:00,1.832,1.838,1.831,1.837,1285898.0,235938720.0
2026-08-07 13:35:00+08:00,1.838,1.844,1.836,1.843,898288.0,165285488.0
2026-08-07 13:40:00+08:00,1.842,1.842,1.836,1.837,802554.0,147578368.0
2026-08-07 13:45:00+08:00,1.838,1.84,1.831,1.835,762967.04,140090272.0
2026-08-07 13:50:00+08:00,1.835,1.838,1.834,1.837,395785.0,72671264.0
2026-08-07 13:55:00+08:00,1.838,1.842,1.833,1.835,887771.04,163180080.0
2026-08-07 14:00:00+08:00,1.835,1.838,1.828,1.828,563314.0,103250224.0
2026-08-07 14:05:00+08:00,1.827,1.83,1.822,1.828,664711.0,121385832.0
2026-08-07 14:10:00+08:00,1.829,1.835,1.829,1.833,490163.0,89824280.0
2026-08-07 14:15:00+08:00,1.833,1.836,1.824,1.824,552714.0,101207400.0
2026-08-07 14:20:00+08:00,1.823,1.825,1.818,1.824,684018.0,124627560.0
2026-08-07 14:25:00+08:00,1.822,1.824,1.819,1.82,647420.0,117895600.0
2026-08-07 14:30:00+08:00,1.82,1.823,1.814,1.823,565299.0,102764320.0
2026-08-07 14:35:00+08:00,1.823,1.831,1.822,1.83,533240.0,97374600.0
2026-08-07 14:40:00+08:00,1.83,1.832,1.828,1.83,490742.0,89806024.0
2026-08-07 14:45:00+08:00,1.829,1.835,1.829,1.835,737964.96,135281536.0
2026-08-07 14:50:00+08:00,1.835,1.838,1.834,1.834,699100.96,128372640.0
2026-08-07 14:55:00+08:00,1.835,1.839,1.834,1.839,1168002.0,214519296.0
2026-08-07 15:00:00+08:00,1.838,1.84,1.838,1.84,843060.0,155078608.0
2026-08-10 09:35:00+08:00,1.84,1.851,1.832,1.837,2390844.0,440295264.0
2026-08-10 09:40:00+08:00,1.837,1.838,1.823,1.828,1704328.96,312235264.0
2026-08-10 09:45:00+08:00,1.828,1.836,1.814,1.816,1855064.0,338406784.0
2026-08-10 09:50:00+08:00,1.816,1.847,1.812,1.832,2206510.08,405185376.0
2026-08-10 09:55:00+08:00,1.831,1.839,1.828,1.838,1337946.0,245151376.0
2026-08-10 10:00:00+08:00,1.838,1.838,1.824,1.829,964664.0,176305648.0
2026-08-10 10:05:00+08:00,1.83,1.83,1.811,1.813,1274958.0,231815296.0
2026-08-10 10:10:00+08:00,1.814,1.815,1.804,1.81,1858499.04,336243712.0
2026-08-10 10:15:00+08:00,1.809,1.819,1.806,1.819,1093679.04,197968864.0
2026-08-10 10:20:00+08:00,1.82,1.826,1.815,1.819,866332.0,157703392.0
2026-08-10 10:25:00+08:00,1.819,1.819,1.807,1.814,730867.04,132424240.0
2026-08-10 10:30:00+08:00,1.815,1.819,1.81,1.817,581568.0,105545024.0
2026-08-10 10:35:00+08:00,1.818,1.818,1.81,1.816,525053.0,95219776.0
2026-08-10 10:40:00+08:00,1.816,1.817,1.81,1.816,367225.0,66621756.0
2026-08-10 10:45:00+08:00,1.815,1.817,1.807,1.808,568164.0,102942912.0
2026-08-10 10:50:00+08:00,1.807,1.81,1.804,1.806,589439.0,106472344.0
2026-08-10 10:55:00+08:00,1.806,1.816,1.806,1.81,324949.0,58859608.0
2026-08-10 11:00:00+08:00,1.811,1.818,1.807,1.817,447255.0,81106224.0
2026-08-10 11:05:00+08:00,1.817,1.828,1.816,1.828,1068216.96,194712480.0
2026-08-10 11:10:00+08:00,1.828,1.833,1.821,1.821,581889.0,106414016.0
2026-08-10 11:15:00+08:00,1.821,1.827,1.818,1.822,287151.0,52322244.0
2026-08-10 11:20:00+08:00,1.82,1.822,1.813,1.813,332497.0,60444040.0
2026-08-10 11:25:00+08:00,1.815,1.816,1.81,1.812,360585.0,65351352.0
2026-08-10 11:30:00+08:00,1.81,1.812,1.808,1.811,430955.0,78019776.0
2026-08-10 13:05:00+08:00,1.811,1.812,1.804,1.806,818054.0,147787872.0
2026-08-10 13:10:00+08:00,1.806,1.812,1.805,1.807,637580.0,115200488.0
2026-08-10 13:15:00+08:00,1.807,1.807,1.8,1.801,702450.0,126665128.0
2026-08-10 13:20:00+08:00,1.801,1.806,1.799,1.805,876202.0,157807152.0
2026-08-10 13:25:00+08:00,1.805,1.808,1.8,1.802,290804.0,52437512.0
2026-08-10 13:30:00+08:00,1.801,1.805,1.8,1.8,473679.0,85341840.0
2026-08-10 13:35:00+08:00,1.801,1.809,1.8,1.806,456586.0,82363968.0
2026-08-10 13:40:00+08:00,1.806,1.809,1.802,1.807,298893.0,53968908.0
2026-08-10 13:45:00+08:00,1.808,1.813,1.806,1.807,390327.0,70638096.0
2026-08-10 13:50:00+08:00,1.806,1.811,1.804,1.806,403201.0,72842512.0
2026-08-10 13:55:00+08:00,1.806,1.806,1.803,1.804,202391.0,36523960.0
2026-08-10 14:00:00+08:00,1.804,1.804,1.801,1.802,194983.0,35143012.0
2026-08-10 14:05:00+08:00,1.802,1.808,1.801,1.808,211893.0,38233008.0
2026-08-10 14:10:00+08:00,1.808,1.814,1.806,1.809,484014.0,87618520.0
2026-08-10 14:15:00+08:00,1.809,1.816,1.809,1.813,377749.0,68506648.0
2026-08-10 14:20:00+08:00,1.813,1.816,1.809,1.815,283328.0,51376208.0
2026-08-10 14:25:00+08:00,1.815,1.823,1.815,1.821,412577.0,75032336.0
2026-08-10 14:30:00+08:00,1.821,1.824,1.818,1.824,366195.0,66649436.0
2026-08-10 14:35:00+08:00,1.824,1.828,1.817,1.818,601151.0,109576416.0
2026-08-10 14:40:00+08:00,1.818,1.826,1.816,1.824,483378.0,88087136.0
2026-08-10 14:45:00+08:00,1.824,1.832,1.824,1.83,765970.0,140102880.0
2026-08-10 14:50:00+08:00,1.831,1.834,1.828,1.832,651428.0,119324856.0
2026-08-10 14:55:00+08:00,1.832,1.834,1.832,1.833,692094.0,126858480.0
2026-08-10 15:00:00+08:00,1.833,1.835,1.833,1.835,540833.0,99207384.0
2026-08-11 09:35:00+08:00,1.816,1.831,1.811,1.826,2025086.08,368880832.0
2026-08-11 09:40:00+08:00,1.824,1.825,1.807,1.807,1298810.0,235661776.0
2026-08-11 09:45:00+08:00,1.808,1.822,1.805,1.816,825631.04,149787824.0
2026-08-11 09:50:00+08:00,1.817,1.826,1.812,1.817,990524.0,180148768.0
2026-08-11 09:55:00+08:00,1.818,1.821,1.807,1.809,793172.96,143848064.0
2026-08-11 10:00:00+08:00,1.809,1.814,1.805,1.807,1106679.04,200067424.0
2026-08-11 10:05:00+08:00,1.806,1.807,1.795,1.801,2010867.04,361887552.0
2026-08-11 10:10:00+08:00,1.802,1.805,1.796,1.805,983971.04,177151280.0
2026-08-11 10:15:00+08:00,1.806,1.823,1.803,1.823,1159215.04,210342112.0
2026-08-11 10:20:00+08:00,1.822,1.826,1.82,1.821,1001952.0,182626080.0
2026-08-11 10:25:00+08:00,1.822,1.827,1.82,1.824,922530.0,168218000.0
2026-08-11 10:30:00+08:00,1.825,1.833,1.825,1.831,962568.0,175987776.0
2026-08-11 10:35:00+08:00,1.831,1.836,1.827,1.834,782684.96,143437808.0
2026-08-11 10:40:00+08:00,1.834,1.839,1.831,1.839,712963.04,130898352.0
2026-08-11 10:45:00+08:00,1.839,1.846,1.838,1.838,968678.0,178390864.0
2026-08-11 10:50:00+08:00,1.837,1.842,1.833,1.839,648973.0,119247296.0
2026-08-11 10:55:00+08:00,1.84,1.846,1.836,1.845,770654.0,141880720.0
2026-08-11 11:00:00+08:00,1.845,1.848,1.841,1.846,869904.0,160500256.0
2026-08-11 11:05:00+08:00,1.847,1.85,1.841,1.842,809242.0,149338784.0
2026-08-11 11:10:00+08:00,1.842,1.845,1.837,1.841,651262.0,119885936.0
2026-08-11 11:15:00+08:00,1.843,1.844,1.838,1.839,383887.0,70691496.0
2026-08-11 11:20:00+08:00,1.838,1.839,1.832,1.832,392681.0,72079312.0
2026-08-11 11:25:00+08:00,1.832,1.837,1.83,1.835,343551.0,62965184.0
2026-08-11 11:30:00+08:00,1.835,1.839,1.833,1.836,212415.0,38995076.0
2026-08-11 13:05:00+08:00,1.836,1.839,1.829,1.83,446215.0,81818776.0
2026-08-11 13:10:00+08:00,1.83,1.834,1.829,1.831,246984.0,45233032.0
2026-08-11 13:15:00+08:00,1.832,1.835,1.83,1.834,227532.0,41695456.0
2026-08-11 13:20:00+08:00,1.835,1.839,1.832,1.834,304683.0,55933140.0
2026-08-11 13:25:00+08:00,1.833,1.834,1.831,1.832,150637.0,27601816.0
2026-08-11 13:30:00+08:00,1.832,1.832,1.825,1.826,520249.0,95086872.0
2026-08-11 13:35:00+08:00,1.827,1.833,1.826,1.832,327198.0,59840720.0
2026-08-11 13:40:00+08:00,1.832,1.839,1.831,1.835,425490.0,78091640.0
2026-08-11 13:45:00+08:00,1.834,1.835,1.83,1.831,176299.0,32314468.0
2026-08-11 13:50:00+08:00,1.832,1.833,1.829,1.831,253486.0,46413852.0
2026-08-11 13:55:00+08:00,1.831,1.832,1.829,1.83,172541.0,31572712.0
2026-08-11 14:00:00+08:00,1.83,1.832,1.828,1.829,118153.0,21617288.0
2026-08-11 14:05:00+08:00,1.828,1.828,1.825,1.826,373192.0,68154632.0
2026-08-11 14:10:00+08:00,1.827,1.827,1.822,1.823,294393.0,53700600.0
2026-08-11 14:15:00+08:00,1.822,1.828,1.821,1.821,350908.0,64019616.0
2026-08-11 14:20:00+08:00,1.82,1.822,1.818,1.818,436561.0,79444000.0
2026-08-11 14:25:00+08:00,1.818,1.818,1.814,1.816,530454.0,96329680.0
2026-08-11 14:30:00+08:00,1.815,1.815,1.81,1.813,628722.0,113937344.0
2026-08-11 14:35:00+08:00,1.813,1.815,1.808,1.808,633381.0,114684752.0
2026-08-11 14:40:00+08:00,1.808,1.809,1.803,1.803,790956.96,142810304.0
2026-08-11 14:45:00+08:00,1.803,1.811,1.802,1.81,873110.0,157673712.0
2026-08-11 14:50:00+08:00,1.81,1.811,1.805,1.808,695744.0,125794304.0
2026-08-11 14:55:00+08:00,1.808,1.808,1.804,1.804,702064.96,126782728.0
2026-08-11 15:00:00+08:00,1.805,1.806,1.804,1.806,776912.96,140277616.0
2026-08-12 09:35:00+08:00,1.811,1.82,1.803,1.819,1858776.96,336964320.0
2026-08-12 09:40:00+08:00,1.818,1.826,1.817,1.822,1471075.04,268021424.0
2026-08-12 09:45:00+08:00,1.822,1.833,1.816,1.832,1212375.04,221318464.0
2026-08-12 09:50:00+08:00,1.832,1.835,1.825,1.827,1142755.04,209233808.0
2026-08-12 09:55:00+08:00,1.827,1.832,1.822,1.822,707748.96,129311936.0
2026-08-12 10:00:00+08:00,1.822,1.822,1.813,1.819,980654.0,178292720.0
2026-08-12 10:05:00+08:00,1.818,1.821,1.811,1.819,758490.0,137655040.0
2026-08-12 10:10:00+08:00,1.819,1.829,1.819,1.826,675084.96,123176296.0
2026-08-12 10:15:00+08:00,1.827,1.831,1.825,1.825,815494.0,149047104.0
2026-08-12 10:20:00+08:00,1.825,1.83,1.822,1.826,419731.0,76640112.0
2026-08-12 10:25:00+08:00,1.827,1.83,1.825,1.827,479104.0,87592880.0
2026-08-12 10:30:00+08:00,1.827,1.831,1.823,1.823,585339.0,107025832.0
2026-08-12 10:35:00+08:00,1.824,1.831,1.823,1.83,464848.0,84960768.0
2026-08-12 10:40:00+08:00,1.83,1.837,1.83,1.833,1104820.96,202621808.0
2026-08-12 10:45:00+08:00,1.833,1.835,1.83,1.835,428179.0,78500928.0
2026-08-12 10:50:00+08:00,1.835,1.839,1.833,1.836,708176.0,130034144.0
2026-08-12 10:55:00+08:00,1.836,1.841,1.832,1.832,728308.0,133890960.0
2026-08-12 11:00:00+08:00,1.832,1.834,1.829,1.831,437030.0,80034576.0
2026-08-12 11:05:00+08:00,1.832,1.841,1.832,1.841,746795.04,137184032.0
2026-08-12 11:10:00+08:00,1.841,1.844,1.839,1.843,1129864.96,208106016.0
2026-08-12 11:15:00+08:00,1.843,1.843,1.835,1.837,459095.0,84428640.0
2026-08-12 11:20:00+08:00,1.837,1.842,1.833,1.838,396875.0,72882488.0
2026-08-12 11:25:00+08:00,1.838,1.839,1.834,1.837,431113.0,79203336.0
2026-08-12 11:30:00+08:00,1.838,1.843,1.837,1.841,928450.0,170891440.0
2026-08-12 13:05:00+08:00,1.841,1.843,1.836,1.84,862012.96,158693296.0
2026-08-12 13:10:00+08:00,1.84,1.842,1.835,1.836,603324.0,110935264.0
2026-08-12 13:15:00+08:00,1.836,1.838,1.829,1.829,511548.0,93730320.0
2026-08-12 13:20:00+08:00,1.83,1.834,1.829,1.832,345886.0,63339572.0
2026-08-12 13:25:00+08:00,1.832,1.833,1.823,1.823,419136.0,76599904.0
2026-08-12 13:30:00+08:00,1.823,1.828,1.821,1.821,472894.0,86261400.0
2026-08-12 13:35:00+08:00,1.821,1.829,1.821,1.826,418335.0,76370216.0
2026-08-12 13:40:00+08:00,1.827,1.832,1.826,1.83,358074.0,65531140.0
2026-08-12 13:45:00+08:00,1.83,1.83,1.823,1.823,257467.0,47008656.0
2026-08-12 13:50:00+08:00,1.823,1.826,1.821,1.826,275800.0,50310380.0
2026-08-12 13:55:00+08:00,1.827,1.827,1.823,1.825,212702.0,38816624.0
2026-08-12 14:00:00+08:00,1.825,1.828,1.823,1.823,236531.0,43187380.0
2026-08-12 14:05:00+08:00,1.824,1.824,1.819,1.823,666668.0,121419704.0
2026-08-12 14:10:00+08:00,1.823,1.825,1.821,1.822,220632.0,40216352.0
2026-08-12 14:15:00+08:00,1.821,1.822,1.819,1.82,305469.0,55591640.0
2026-08-12 14:20:00+08:00,1.82,1.825,1.82,1.824,158104.0,28812940.0
2026-08-12 14:25:00+08:00,1.825,1.826,1.82,1.825,312239.0,56936540.0
2026-08-12 14:30:00+08:00,1.826,1.829,1.823,1.829,215923.0,39454128.0
2026-08-12 14:35:00+08:00,1.828,1.829,1.827,1.828,266475.0,48716504.0
2026-08-12 14:40:00+08:00,1.828,1.834,1.828,1.834,513248.0,93952896.0
2026-08-12 14:45:00+08:00,1.833,1.836,1.833,1.835,641056.0,117599192.0
2026-08-12 14:50:00+08:00,1.835,1.836,1.832,1.833,624616.0,114561656.0
2026-08-12 14:55:00+08:00,1.833,1.834,1.832,1.833,495600.0,90852440.0
2026-08-12 15:00:00+08:00,1.833,1.834,1.833,1.833,435153.0,79772656.0
2026-08-13 09:35:00+08:00,1.856,1.875,1.856,1.871,3592464.96,669700416.0
2026-08-13 09:40:00+08:00,1.871,1.873,1.863,1.864,1571792.96,293756288.0
2026-08-13 09:45:00+08:00,1.863,1.874,1.86,1.871,1434464.96,268043616.0
2026-08-13 09:50:00+08:00,1.871,1.88,1.866,1.866,1585727.04,297317248.0
2026-08-13 09:55:00+08:00,1.865,1.871,1.859,1.859,1230258.0,229531792.0
2026-08-13 10:00:00+08:00,1.859,1.869,1.857,1.862,1034771.04,192677056.0
2026-08-13 10:05:00+08:00,1.863,1.871,1.861,1.869,950278.0,177384720.0
2026-08-13 10:10:00+08:00,1.869,1.872,1.863,1.87,746247.04,139335472.0
2026-08-13 10:15:00+08:00,1.87,1.878,1.87,1.875,1270639.04,238340896.0
2026-08-13 10:20:00+08:00,1.875,1.875,1.869,1.872,634232.0,118795392.0
2026-08-13 10:25:00+08:00,1.874,1.878,1.872,1.876,685968.0,128660224.0
2026-08-13 10:30:00+08:00,1.875,1.876,1.87,1.87,427045.0,79955896.0
2026-08-13 10:35:00+08:00,1.87,1.87,1.863,1.867,565689.0,105577936.0
2026-08-13 10:40:00+08:00,1.866,1.866,1.858,1.861,943906.0,175715888.0
2026-08-13 10:45:00+08:00,1.861,1.865,1.858,1.864,649179.0,120846984.0
2026-08-13 10:50:00+08:00,1.864,1.864,1.859,1.862,494876.0,92097992.0
2026-08-13 10:55:00+08:00,1.861,1.864,1.857,1.859,547304.0,101762712.0
2026-08-13 11:00:00+08:00,1.86,1.866,1.859,1.863,397938.0,74122504.0
2026-08-13 11:05:00+08:00,1.864,1.872,1.863,1.868,819928.96,153232176.0
2026-08-13 11:10:00+08:00,1.868,1.872,1.864,1.864,429531.0,80235136.0
2026-08-13 11:15:00+08:00,1.864,1.867,1.861,1.863,430229.0,80190384.0
2026-08-13 11:20:00+08:00,1.862,1.868,1.86,1.867,392772.0,73240488.0
2026-08-13 11:25:00+08:00,1.868,1.872,1.866,1.869,611619.0,114344824.0
2026-08-13 11:30:00+08:00,1.869,1.869,1.864,1.867,222862.0,41610776.0
2026-08-13 13:05:00+08:00,1.867,1.875,1.867,1.875,992260.0,185812144.0
2026-08-13 13:10:00+08:00,1.874,1.88,1.874,1.88,1810263.04,340047168.0
2026-08-13 13:15:00+08:00,1.881,1.881,1.872,1.872,448831.0,84204888.0
2026-08-13 13:20:00+08:00,1.872,1.872,1.865,1.867,502758.0,93883904.0
2026-08-13 13:25:00+08:00,1.868,1.873,1.867,1.869,209792.0,39212004.0
2026-08-13 13:30:00+08:00,1.869,1.872,1.866,1.871,361782.0,67611656.0
2026-08-13 13:35:00+08:00,1.872,1.872,1.87,1.87,421804.0,78928352.0
2026-08-13 13:40:00+08:00,1.87,1.87,1.864,1.864,580562.0,108327016.0
2026-08-13 13:45:00+08:00,1.863,1.864,1.861,1.861,586532.0,109229168.0
2026-08-13 13:50:00+08:00,1.862,1.864,1.855,1.855,928419.04,172586224.0
2026-08-13 13:55:00+08:00,1.855,1.858,1.852,1.852,583739.0,108338144.0
2026-08-13 14:00:00+08:00,1.853,1.856,1.85,1.851,597520.0,110714872.0
2026-08-13 14:05:00+08:00,1.85,1.855,1.846,1.855,575350.0,106467936.0
2026-08-13 14:10:00+08:00,1.855,1.861,1.853,1.853,442434.0,82148128.0
2026-08-13 14:15:00+08:00,1.854,1.854,1.849,1.849,292365.0,54124244.0
2026-08-13 14:20:00+08:00,1.85,1.851,1.846,1.846,580313.0,107265872.0
2026-08-13 14:25:00+08:00,1.846,1.846,1.841,1.845,915988.0,168864272.0
2026-08-13 14:30:00+08:00,1.846,1.846,1.84,1.842,449378.0,82768112.0
2026-08-13 14:35:00+08:00,1.843,1.844,1.831,1.832,867283.04,159251584.0
2026-08-13 14:40:00+08:00,1.831,1.832,1.823,1.824,1346892.0,246147008.0
2026-08-13 14:45:00+08:00,1.823,1.824,1.816,1.823,1552208.0,282520544.0
2026-08-13 14:50:00+08:00,1.822,1.826,1.816,1.817,1171452.96,213328896.0
2026-08-13 14:55:00+08:00,1.817,1.819,1.81,1.811,1648700.0,299172992.0
2026-08-13 15:00:00+08:00,1.811,1.813,1.809,1.812,750876.0,136020048.0
2026-08-14 09:35:00+08:00,1.832,1.837,1.817,1.823,2555655.04,466920768.0
2026-08-14 09:40:00+08:00,1.824,1.83,1.819,1.827,1343999.04,245310320.0
2026-08-14 09:45:00+08:00,1.827,1.833,1.815,1.822,1264770.0,230551168.0
2026-08-14 09:50:00+08:00,1.822,1.827,1.822,1.826,699700.0,127662416.0
2026-08-14 09:55:00+08:00,1.826,1.827,1.81,1.811,976432.0,177435440.0
2026-08-14 10:00:00+08:00,1.812,1.821,1.811,1.817,789640.0,143342000.0
2026-08-14 10:05:00+08:00,1.816,1.82,1.813,1.816,491106.0,89211512.0
2026-08-14 10:10:00+08:00,1.816,1.817,1.811,1.814,508436.0,92183280.0
2026-08-14 10:15:00+08:00,1.815,1.819,1.808,1.817,733839.04,132996704.0
2026-08-14 10:20:00+08:00,1.817,1.82,1.811,1.812,572897.0,104009376.0
2026-08-14 10:25:00+08:00,1.812,1.819,1.811,1.811,359903.0,65295396.0
2026-08-14 10:30:00+08:00,1.812,1.815,1.811,1.814,395190.0,71656696.0
2026-08-14 10:35:00+08:00,1.813,1.818,1.81,1.811,727512.96,131899664.0
2026-08-14 10:40:00+08:00,1.811,1.817,1.81,1.814,506468.0,91880160.0
2026-08-14 10:45:00+08:00,1.815,1.819,1.811,1.812,402157.0,73001960.0
2026-08-14 10:50:00+08:00,1.812,1.813,1.806,1.809,732440.0,132537552.0
2026-08-14 10:55:00+08:00,1.809,1.811,1.802,1.804,629288.0,113631488.0
2026-08-14 11:00:00+08:00,1.804,1.806,1.801,1.803,933744.0,168323008.0
2026-08-14 11:05:00+08:00,1.802,1.803,1.795,1.796,898312.0,161675936.0
2026-08-14 11:10:00+08:00,1.795,1.803,1.794,1.797,686588.96,123487992.0
2026-08-14 11:15:00+08:00,1.796,1.799,1.794,1.794,475370.0,85372552.0
2026-08-14 11:20:00+08:00,1.795,1.8,1.793,1.8,422193.0,75820472.0
2026-08-14 11:25:00+08:00,1.8,1.803,1.795,1.797,665754.0,119704728.0
2026-08-14 11:30:00+08:00,1.796,1.803,1.795,1.803,380040.0,68357584.0
2026-08-14 13:05:00+08:00,1.803,1.805,1.795,1.795,568760.0,102432480.0
2026-08-14 13:10:00+08:00,1.794,1.798,1.791,1.798,610239.0,109448672.0
2026-08-14 13:15:00+08:00,1.798,1.799,1.793,1.793,454840.0,81650664.0
2026-08-14 13:20:00+08:00,1.793,1.794,1.787,1.791,963734.0,172533024.0
2026-08-14 13:25:00+08:00,1.789,1.791,1.785,1.79,684272.0,122339728.0
2026-08-14 13:30:00+08:00,1.79,1.796,1.79,1.796,435186.0,78033752.0
2026-08-14 13:35:00+08:00,1.795,1.799,1.794,1.799,553024.0,99354464.0
2026-08-14 13:40:00+08:00,1.799,1.809,1.798,1.804,1068702.0,192850288.0
2026-08-14 13:45:00+08:00,1.804,1.806,1.798,1.803,438247.0,78997696.0
2026-08-14 13:50:00+08:00,1.802,1.805,1.798,1.801,288592.0,51971224.0
2026-08-14 13:55:00+08:00,1.8,1.81,1.8,1.806,617914.0,111657208.0
2026-08-14 14:00:00+08:00,1.808,1.814,1.807,1.814,625844.0,113342672.0
2026-08-14 14:05:00+08:00,1.814,1.816,1.806,1.806,488860.0,88543208.0
2026-08-14 14:10:00+08:00,1.807,1.811,1.805,1.808,263418.0,47615160.0
2026-08-14 14:15:00+08:00,1.808,1.814,1.808,1.813,273297.0,49485200.0
2026-08-14 14:20:00+08:00,1.812,1.814,1.809,1.812,331833.0,60118192.0
2026-08-14 14:25:00+08:00,1.812,1.812,1.806,1.809,265821.0,48092772.0
2026-08-14 14:30:00+08:00,1.81,1.814,1.808,1.814,307451.0,55690912.0
2026-08-14 14:35:00+08:00,1.814,1.814,1.806,1.808,380845.0,68895672.0
2026-08-14 14:40:00+08:00,1.808,1.808,1.803,1.805,386728.0,69799280.0
2026-08-14 14:45:00+08:00,1.805,1.808,1.804,1.806,596661.0,107748592.0
2026-08-14 14:50:00+08:00,1.806,1.809,1.805,1.809,373896.0,67582816.0
2026-08-14 14:55:00+08:00,1.809,1.813,1.807,1.812,1169300.0,211786576.0
2026-08-14 15:00:00+08:00,1.813,1.814,1.812,1.814,1200292.0,217679344.0
2026-08-17 09:35:00+08:00,1.812,1.825,1.811,1.824,2121144.0,385578496.0
2026-08-17 09:40:00+08:00,1.824,1.835,1.824,1.829,2311552.0,423088288.0
2026-08-17 09:45:00+08:00,1.829,1.836,1.825,1.833,1745976.0,319891008.0
2026-08-17 09:50:00+08:00,1.832,1.848,1.83,1.846,2087567.04,384264608.0
2026-08-17 09:55:00+08:00,1.845,1.849,1.834,1.838,1965913.92,362037312.0
2026-08-17 10:00:00+08:00,1.838,1.839,1.825,1.83,1608227.04,294726848.0
2026-08-17 10:05:00+08:00,1.829,1.832,1.823,1.828,563704.0,103010744.0
2026-08-17 10:10:00+08:00,1.828,1.842,1.828,1.842,1020516.0,187474816.0
2026-08-17 10:15:00+08:00,1.842,1.85,1.841,1.849,2051334.08,378787072.0
2026-08-17 10:20:00+08:00,1.849,1.854,1.846,1.846,1713076.0,316895296.0
2026-08-17 10:25:00+08:00,1.846,1.85,1.846,1.847,579445.0,107099080.0
2026-08-17 10:30:00+08:00,1.846,1.847,1.842,1.842,347497.0,64083736.0
2026-08-17 10:35:00+08:00,1.842,1.852,1.842,1.85,666899.0,123335184.0
2026-08-17 10:40:00+08:00,1.85,1.854,1.849,1.852,638270.0,118195216.0
2026-08-17 10:45:00+08:00,1.852,1.861,1.852,1.86,1274032.96,236504480.0
2026-08-17 10:50:00+08:00,1.862,1.866,1.86,1.861,756079.04,140837632.0
2026-08-17 10:55:00+08:00,1.862,1.869,1.862,1.866,955324.0,178305520.0
2026-08-17 11:00:00+08:00,1.866,1.868,1.863,1.867,721048.96,134518624.0
2026-08-17 11:05:00+08:00,1.867,1.869,1.865,1.866,793732.0,148232768.0
2026-08-17 11:10:00+08:00,1.866,1.867,1.86,1.864,646247.0,120451232.0
2026-08-17 11:15:00+08:00,1.864,1.864,1.856,1.856,389199.0,72436576.0
2026-08-17 11:20:00+08:00,1.856,1.864,1.856,1.864,624115.0,116078184.0
2026-08-17 11:25:00+08:00,1.863,1.865,1.858,1.864,544502.0,101394000.0
2026-08-17 11:30:00+08:00,1.865,1.868,1.864,1.864,805980.96,150504000.0
2026-08-17 13:05:00+08:00,1.865,1.873,1.864,1.868,1119080.96,209161168.0
2026-08-17 13:10:00+08:00,1.868,1.876,1.867,1.876,699246.0,130881944.0
2026-08-17 13:15:00+08:00,1.876,1.878,1.871,1.878,810324.0,151957136.0
2026-08-17 13:20:00+08:00,1.878,1.879,1.874,1.875,585127.0,109796216.0
2026-08-17 13:25:00+08:00,1.875,1.876,1.869,1.87,520419.0,97446304.0
2026-08-17 13:30:00+08:00,1.87,1.87,1.862,1.867,578715.0,107992096.0
2026-08-17 13:35:00+08:00,1.867,1.874,1.866,1.872,453104.0,84720288.0
2026-08-17 13:40:00+08:00,1.873,1.874,1.871,1.872,563066.0,105460208.0
2026-08-17 13:45:00+08:00,1.871,1.873,1.868,1.87,309267.0,57835448.0
2026-08-17 13:50:00+08:00,1.871,1.872,1.866,1.871,322928.0,60350160.0
2026-08-17 13:55:00+08:00,1.871,1.874,1.871,1.873,367931.0,68910856.0
2026-08-17 14:00:00+08:00,1.873,1.874,1.87,1.872,305571.0,57211656.0
2026-08-17 14:05:00+08:00,1.872,1.875,1.872,1.874,460181.0,86214344.0
2026-08-17 14:10:00+08:00,1.874,1.875,1.871,1.873,381761.0,71514144.0
2026-08-17 14:15:00+08:00,1.874,1.878,1.872,1.876,616681.0,115639216.0
2026-08-17 14:20:00+08:00,1.876,1.88,1.876,1.879,894892.0,168091328.0
2026-08-17 14:25:00+08:00,1.879,1.88,1.876,1.876,707120.96,132861328.0
2026-08-17 14:30:00+08:00,1.876,1.877,1.874,1.876,460610.0,86388792.0
2026-08-17 14:35:00+08:00,1.877,1.877,1.871,1.875,600548.0,112518672.0
2026-08-17 14:40:00+08:00,1.874,1.878,1.873,1.877,499093.0,93633232.0
2026-08-17 14:45:00+08:00,1.878,1.88,1.877,1.879,672492.0,126340160.0
2026-08-17 14:50:00+08:00,1.879,1.885,1.879,1.885,1266924.0,238484992.0
2026-08-17 14:55:00+08:00,1.885,1.887,1.884,1.887,1058564.96,199600400.0
2026-08-17 15:00:00+08:00,1.887,1.888,1.886,1.888,1084308.0,204650848.0
2026-08-18 09:35:00+08:00,1.886,1.89,1.878,1.881,1990288.96,375017376.0
2026-08-18 09:40:00+08:00,1.881,1.895,1.88,1.894,1410099.04,266197984.0
2026-08-18 09:45:00+08:00,1.894,1.899,1.888,1.892,1105048.0,209394240.0
2026-08-18 09:50:00+08:00,1.891,1.895,1.884,1.884,830743.04,156903600.0
2026-08-18 09:55:00+08:00,1.882,1.89,1.88,1.883,1054130.0,198606864.0
2026-08-18 10:00:00+08:00,1.884,1.887,1.872,1.878,1118062.0,209938336.0
2026-08-18 10:05:00+08:00,1.877,1.891,1.876,1.89,891935.04,168094512.0
2026-08-18 10:10:00+08:00,1.891,1.892,1.881,1.883,970699.04,183174096.0
2026-08-18 10:15:00+08:00,1.883,1.884,1.879,1.88,573094.0,107790688.0
2026-08-18 10:20:00+08:00,1.882,1.883,1.87,1.874,1133296.0,212401920.0
2026-08-18 10:25:00+08:00,1.874,1.874,1.864,1.865,1187190.0,221826144.0
2026-08-18 10:30:00+08:00,1.864,1.873,1.864,1.871,857440.96,160236896.0
2026-08-18 10:35:00+08:00,1.871,1.881,1.869,1.881,902140.0,169065056.0
2026-08-18 10:40:00+08:00,1.881,1.883,1.874,1.875,576190.0,108317408.0
2026-08-18 10:45:00+08:00,1.875,1.875,1.871,1.872,245047.0,45895436.0
2026-08-18 10:50:00+08:00,1.871,1.872,1.863,1.866,707546.0,132020704.0
2026-08-18 10:55:00+08:00,1.867,1.867,1.861,1.863,588556.0,109648912.0
2026-08-18 11:00:00+08:00,1.863,1.863,1.858,1.86,966668.96,179833552.0
2026-08-18 11:05:00+08:00,1.862,1.868,1.86,1.861,712016.0,132671200.0
2026-08-18 11:10:00+08:00,1.861,1.861,1.852,1.853,640753.0,118967456.0
2026-08-18 11:15:00+08:00,1.853,1.861,1.852,1.861,530347.0,98417432.0
2026-08-18 11:20:00+08:00,1.861,1.866,1.856,1.866,429985.0,80058544.0
2026-08-18 11:25:00+08:00,1.866,1.872,1.863,1.871,536263.0,100166768.0
2026-08-18 11:30:00+08:00,1.872,1.88,1.871,1.874,709712.96,133091904.0
2026-08-18 13:05:00+08:00,1.875,1.875,1.862,1.864,784907.04,146672400.0
2026-08-18 13:10:00+08:00,1.864,1.87,1.863,1.865,473063.0,88268240.0
2026-08-18 13:15:00+08:00,1.866,1.866,1.858,1.859,527559.0,98179296.0
2026-08-18 13:20:00+08:00,1.859,1.869,1.858,1.869,292381.0,54464600.0
2026-08-18 13:25:00+08:00,1.868,1.87,1.86,1.862,369557.0,68941760.0
2026-08-18 13:30:00+08:00,1.862,1.866,1.861,1.863,186899.0,34811812.0
2026-08-18 13:35:00+08:00,1.863,1.867,1.858,1.867,315675.0,58728736.0
2026-08-18 13:40:00+08:00,1.867,1.869,1.862,1.867,283048.0,52812364.0
2026-08-18 13:45:00+08:00,1.867,1.872,1.864,1.871,640277.0,119654208.0
2026-08-18 13:50:00+08:00,1.871,1.873,1.866,1.873,212166.0,39655024.0
2026-08-18 13:55:00+08:00,1.873,1.882,1.872,1.878,507799.0,95386992.0
2026-08-18 14:00:00+08:00,1.879,1.885,1.877,1.879,406210.0,76447000.0
2026-08-18 14:05:00+08:00,1.878,1.884,1.875,1.884,349230.0,65626204.0
2026-08-18 14:10:00+08:00,1.882,1.883,1.872,1.872,414592.0,77877352.0
2026-08-18 14:15:00+08:00,1.873,1.878,1.872,1.877,237617.0,44552880.0
2026-08-18 14:20:00+08:00,1.876,1.876,1.872,1.876,193407.0,36242528.0
2026-08-18 14:25:00+08:00,1.875,1.883,1.874,1.883,443195.0,83375072.0
2026-08-18 14:30:00+08:00,1.883,1.888,1.883,1.887,763516.96,143975824.0
2026-08-18 14:35:00+08:00,1.886,1.894,1.885,1.894,719604.96,135995712.0
2026-08-18 14:40:00+08:00,1.894,1.896,1.891,1.893,712652.0,134978848.0
2026-08-18 14:45:00+08:00,1.893,1.893,1.889,1.893,555143.0,105014520.0
2026-08-18 14:50:00+08:00,1.893,1.894,1.889,1.889,627438.0,118674112.0
2026-08-18 14:55:00+08:00,1.889,1.89,1.888,1.889,1101199.04,207942480.0
2026-08-18 15:00:00+08:00,1.89,1.89,1.888,1.888,512802.0,96860272.0
2026-08-19 09:35:00+08:00,1.845,1.846,1.831,1.834,4514151.04,830300288.0
2026-08-19 09:40:00+08:00,1.836,1.845,1.833,1.84,2613744.0,480540608.0
2026-08-19 09:45:00+08:00,1.84,1.843,1.835,1.835,1561016.0,286982400.0
2026-08-19 09:50:00+08:00,1.835,1.835,1.825,1.83,2049862.08,375171040.0
2026-08-19 09:55:00+08:00,1.831,1.831,1.824,1.827,1161800.0,212291968.0
2026-08-19 10:00:00+08:00,1.826,1.832,1.824,1.826,1032507.04,188668144.0
2026-08-19 10:05:00+08:00,1.825,1.827,1.82,1.821,854610.0,155832128.0
2026-08-19 10:10:00+08:00,1.82,1.822,1.812,1.817,1495838.08,271704704.0
2026-08-19 10:15:00+08:00,1.816,1.816,1.801,1.803,1767695.04,319537600.0
2026-08-19 10:20:00+08:00,1.803,1.803,1.798,1.799,2365838.08,426034368.0
2026-08-19 10:25:00+08:00,1.799,1.81,1.798,1.807,1756240.96,317001088.0
2026-08-19 10:30:00+08:00,1.806,1.808,1.793,1.794,1553099.04,279688224.0
2026-08-19 10:35:00+08:00,1.793,1.795,1.786,1.788,1926343.04,344789216.0
2026-08-19 10:40:00+08:00,1.79,1.791,1.78,1.782,2051872.96,366123744.0
2026-08-19 10:45:00+08:00,1.781,1.797,1.781,1.786,1171803.04,209681920.0
2026-08-19 10:50:00+08:00,1.786,1.801,1.785,1.801,1089956.96,195490816.0
2026-08-19 10:55:00+08:00,1.801,1.803,1.791,1.792,1007651.04,181313728.0
2026-08-19 11:00:00+08:00,1.794,1.8,1.793,1.793,564712.0,101404496.0
2026-08-19 11:05:00+08:00,1.793,1.797,1.789,1.789,702320.0,125851480.0
2026-08-19 11:10:00+08:00,1.789,1.789,1.784,1.786,724512.96,129406064.0
2026-08-19 11:15:00+08:00,1.786,1.787,1.783,1.785,498919.0,89028264.0
2026-08-19 11:20:00+08:00,1.785,1.789,1.781,1.781,971860.0,173290224.0
2026-08-19 11:25:00+08:00,1.781,1.781,1.776,1.778,1096179.04,195028032.0
2026-08-19 11:30:00+08:00,1.779,1.781,1.777,1.777,733572.0,130428384.0
2026-08-19 13:05:00+08:00,1.778,1.778,1.767,1.768,1651848.0,292687296.0
2026-08-19 13:10:00+08:00,1.768,1.768,1.765,1.767,1051174.0,185668704.0
2026-08-19 13:15:00+08:00,1.767,1.768,1.758,1.758,1138208.96,200554304.0
2026-08-19 13:20:00+08:00,1.759,1.762,1.756,1.757,991848.96,174435952.0
2026-08-19 13:25:00+08:00,1.76,1.781,1.76,1.776,1394886.08,247430464.0
2026-08-19 13:30:00+08:00,1.776,1.782,1.768,1.777,1270324.0,225526480.0
2026-08-19 13:35:00+08:00,1.775,1.787,1.773,1.78,1236156.96,220304112.0
2026-08-19 13:40:00+08:00,1.78,1.784,1.772,1.782,809740.96,143995168.0
2026-08-19 13:45:00+08:00,1.782,1.786,1.777,1.78,539998.0,96243104.0
2026-08-19 13:50:00+08:00,1.78,1.781,1.775,1.775,686860.0,122155424.0
2026-08-19 13:55:00+08:00,1.775,1.777,1.769,1.77,561623.0,99525872.0
2026-08-19 14:00:00+08:00,1.771,1.771,1.766,1.767,514135.0,90912200.0
2026-08-19 14:05:00+08:00,1.768,1.77,1.766,1.768,416941.0,73702136.0
2026-08-19 14:10:00+08:00,1.768,1.772,1.766,1.766,592785.0,104808800.0
2026-08-19 14:15:00+08:00,1.765,1.772,1.765,1.771,523265.0,92561552.0
2026-08-19 14:20:00+08:00,1.77,1.77,1.762,1.765,706496.96,124762144.0
2026-08-19 14:25:00+08:00,1.765,1.769,1.763,1.764,600462.0,105989104.0
2026-08-19 14:30:00+08:00,1.764,1.766,1.759,1.759,1184342.0,208595776.0
2026-08-19 14:35:00+08:00,1.759,1.761,1.755,1.758,1407803.04,247366688.0
2026-08-19 14:40:00+08:00,1.757,1.759,1.751,1.752,1329455.04,233209600.0
2026-08-19 14:45:00+08:00,1.753,1.754,1.746,1.748,2121927.04,371221568.0
2026-08-19 14:50:00+08:00,1.748,1.765,1.748,1.765,1802644.0,316550272.0
2026-08-19 14:55:00+08:00,1.764,1.769,1.76,1.76,1738444.96,306829440.0
2026-08-19 15:00:00+08:00,1.76,1.761,1.758,1.761,1241100.96,218395856.0
2026-08-20 09:35:00+08:00,1.779,1.781,1.76,1.767,3346056.96,592402560.0
2026-08-20 09:40:00+08:00,1.767,1.771,1.761,1.771,1516284.96,267851680.0
2026-08-20 09:45:00+08:00,1.772,1.788,1.771,1.783,1784950.08,317906880.0
2026-08-20 09:50:00+08:00,1.783,1.788,1.774,1.775,1130803.04,201611856.0
2026-08-20 09:55:00+08:00,1.777,1.783,1.772,1.775,893378.0,158764240.0
2026-08-20 10:00:00+08:00,1.775,1.784,1.774,1.783,842275.04,149856880.0
2026-08-20 10:05:00+08:00,1.784,1.785,1.778,1.779,1026764.0,183037488.0
2026-08-20 10:10:00+08:00,1.779,1.783,1.776,1.782,645635.0,114883088.0
2026-08-20 10:15:00+08:00,1.782,1.783,1.768,1.771,828796.0,147013392.0
2026-08-20 10:20:00+08:00,1.77,1.772,1.76,1.761,1056470.0,186588576.0
2026-08-20 10:25:00+08:00,1.761,1.763,1.752,1.761,1398121.92,245813456.0
2026-08-20 10:30:00+08:00,1.76,1.767,1.755,1.761,1015602.0,178756688.0
2026-08-20 10:35:00+08:00,1.761,1.763,1.757,1.757,705712.96,124128128.0
2026-08-20 10:40:00+08:00,1.757,1.763,1.754,1.758,629791.0,110639248.0
2026-08-20 10:45:00+08:00,1.758,1.763,1.754,1.762,426861.0,75042208.0
2026-08-20 10:50:00+08:00,1.762,1.768,1.762,1.766,537292.0,94846272.0
2026-08-20 10:55:00+08:00,1.765,1.769,1.764,1.768,375397.0,66332268.0
2026-08-20 11:00:00+08:00,1.767,1.769,1.761,1.762,379935.0,67087440.0
2026-08-20 11:05:00+08:00,1.762,1.765,1.756,1.757,417054.0,73438920.0
2026-08-20 11:10:00+08:00,1.757,1.759,1.756,1.757,433620.0,76185368.0
2026-08-20 11:15:00+08:00,1.757,1.758,1.755,1.755,355434.0,62424752.0
2026-08-20 11:20:00+08:00,1.755,1.755,1.752,1.755,417475.0,73195976.0
2026-08-20 11:25:00+08:00,1.754,1.762,1.754,1.756,331104.0,58203264.0
2026-08-20 11:30:00+08:00,1.756,1.76,1.756,1.76,139808.0,24571584.0
2026-08-20 13:05:00+08:00,1.762,1.764,1.757,1.758,542950.0,95593928.0
2026-08-20 13:10:00+08:00,1.758,1.759,1.753,1.754,466957.0,81976656.0
2026-08-20 13:15:00+08:00,1.754,1.755,1.75,1.751,666163.0,116693168.0
2026-08-20 13:20:00+08:00,1.75,1.753,1.748,1.752,497054.0,86999400.0
2026-08-20 13:25:00+08:00,1.752,1.759,1.751,1.754,551789.0,96897608.0
2026-08-20 13:30:00+08:00,1.754,1.755,1.75,1.751,281601.0,49335880.0
2026-08-20 13:35:00+08:00,1.751,1.751,1.746,1.746,568412.0,99349904.0
2026-08-20 13:40:00+08:00,1.746,1.747,1.738,1.741,1455593.92,253476000.0
2026-08-20 13:45:00+08:00,1.741,1.75,1.74,1.747,747582.0,130497488.0
2026-08-20 13:50:00+08:00,1.745,1.75,1.745,1.747,607249.0,106071112.0
2026-08-20 13:55:00+08:00,1.747,1.747,1.74,1.741,389058.0,67839032.0
2026-08-20 14:00:00+08:00,1.741,1.742,1.736,1.737,670754.0,116680352.0
2026-08-20 14:05:00+08:00,1.737,1.738,1.73,1.734,1178760.0,204328832.0
2026-08-20 14:10:00+08:00,1.734,1.739,1.733,1.735,547539.0,95052768.0
2026-08-20 14:15:00+08:00,1.734,1.743,1.734,1.737,787483.04,136918400.0
2026-08-20 14:20:00+08:00,1.736,1.738,1.732,1.734,838124.96,145417312.0
2026-08-20 14:25:00+08:00,1.734,1.734,1.73,1.732,604907.0,104764568.0
2026-08-20 14:30:00+08:00,1.732,1.733,1.73,1.732,619333.0,107213160.0
2026-08-20 14:35:00+08:00,1.732,1.738,1.732,1.737,877219.04,152231824.0
2026-08-20 14:40:00+08:00,1.736,1.739,1.732,1.737,648564.0,112548920.0
2026-08-20 14:45:00+08:00,1.739,1.744,1.738,1.741,752524.96,131053664.0
2026-08-20 14:50:00+08:00,1.741,1.746,1.74,1.746,698535.04,121791432.0
2026-08-20 14:55:00+08:00,1.745,1.746,1.743,1.743,639669.0,111595320.0
2026-08-20 15:00:00+08:00,1.743,1.745,1.743,1.744,796160.0,138872464.0
2026-08-21 09:35:00+08:00,1.739,1.744,1.734,1.739,2222310.08,386541728.0
2026-08-21 09:40:00+08:00,1.74,1.747,1.732,1.736,1234732.96,214646688.0
2026-08-21 09:45:00+08:00,1.736,1.752,1.731,1.75,1338794.0,233069840.0
2026-08-21 09:50:00+08:00,1.75,1.757,1.747,1.752,1266010.0,221778288.0
2026-08-21 09:55:00+08:00,1.752,1.759,1.75,1.757,1301046.0,228309648.0
2026-08-21 10:00:00+08:00,1.758,1.761,1.752,1.76,1090350.0,191510816.0
2026-08-21 10:05:00+08:00,1.761,1.765,1.756,1.765,1236516.96,217742544.0
2026-08-21 10:10:00+08:00,1.764,1.768,1.763,1.764,980476.96,173115376.0
2026-08-21 10:15:00+08:00,1.764,1.765,1.758,1.761,667937.0,117644640.0
2026-08-21 10:20:00+08:00,1.762,1.765,1.755,1.756,800320.96,140938832.0
2026-08-21 10:25:00+08:00,1.756,1.758,1.751,1.752,604582.0,106002728.0
2026-08-21 10:30:00+08:00,1.753,1.76,1.75,1.752,544906.0,95580752.0
2026-08-21 10:35:00+08:00,1.752,1.754,1.745,1.747,490230.0,85723112.0
2026-08-21 10:40:00+08:00,1.746,1.75,1.744,1.747,404651.0,70678144.0
2026-08-21 10:45:00+08:00,1.746,1.751,1.74,1.749,564839.0,98556688.0
2026-08-21 10:50:00+08:00,1.749,1.753,1.747,1.747,495167.0,86650672.0
2026-08-21 10:55:00+08:00,1.748,1.758,1.748,1.755,340906.0,59789064.0
2026-08-21 11:00:00+08:00,1.755,1.759,1.753,1.754,391177.0,68694632.0
2026-08-21 11:05:00+08:00,1.754,1.755,1.749,1.749,323842.0,56725304.0
2026-08-21 11:10:00+08:00,1.75,1.75,1.745,1.745,157493.0,27526188.0
2026-08-21 11:15:00+08:00,1.746,1.746,1.743,1.745,293170.0,51138832.0
2026-08-21 11:20:00+08:00,1.745,1.749,1.743,1.743,276279.0,48215436.0
2026-08-21 11:25:00+08:00,1.743,1.747,1.742,1.747,245733.0,42827556.0
2026-08-21 11:30:00+08:00,1.746,1.748,1.744,1.746,173875.0,30349270.0
2026-08-21 13:05:00+08:00,1.746,1.747,1.741,1.742,352365.0,61404360.0
2026-08-21 13:10:00+08:00,1.741,1.744,1.736,1.739,490874.0,85404400.0
2026-08-21 13:15:00+08:00,1.738,1.742,1.738,1.741,346445.0,60274120.0
2026-08-21 13:20:00+08:00,1.74,1.744,1.738,1.744,221623.0,38566904.0
2026-08-21 13:25:00+08:00,1.744,1.744,1.74,1.742,208440.0,36300468.0
2026-08-21 13:30:00+08:00,1.742,1.746,1.74,1.743,306405.0,53405352.0
2026-08-21 13:35:00+08:00,1.743,1.743,1.737,1.738,331927.0,57721680.0
2026-08-21 13:40:00+08:00,1.737,1.741,1.736,1.736,488902.0,84917600.0
2026-08-21 13:45:00+08:00,1.735,1.736,1.734,1.734,386382.0,67030360.0
2026-08-21 13:50:00+08:00,1.735,1.738,1.733,1.738,334062.0,57958680.0
2026-08-21 13:55:00+08:00,1.736,1.738,1.733,1.734,269570.0,46775968.0
2026-08-21 14:00:00+08:00,1.734,1.738,1.734,1.736,153995.0,26734152.0
2026-08-21 14:05:00+08:00,1.735,1.736,1.732,1.733,456871.0,79207920.0
2026-08-21 14:10:00+08:00,1.732,1.737,1.732,1.737,354890.0,61530936.0
2026-08-21 14:15:00+08:00,1.737,1.743,1.737,1.742,606878.0,105628112.0
2026-08-21 14:20:00+08:00,1.742,1.745,1.739,1.743,357998.0,62388448.0
2026-08-21 14:25:00+08:00,1.743,1.747,1.742,1.746,333909.0,58259560.0
2026-08-21 14:30:00+08:00,1.746,1.75,1.746,1.748,420413.0,73499296.0
2026-08-21 14:35:00+08:00,1.747,1.752,1.747,1.747,529036.0,92588952.0
2026-08-21 14:40:00+08:00,1.747,1.75,1.746,1.747,376814.0,65837808.0
2026-08-21 14:45:00+08:00,1.746,1.747,1.744,1.746,416914.0,72767912.0
2026-08-21 14:50:00+08:00,1.746,1.746,1.743,1.745,372111.0,64893716.0
2026-08-21 14:55:00+08:00,1.744,1.747,1.743,1.746,631512.0,110225792.0
2026-08-21 15:00:00+08:00,1.745,1.746,1.745,1.745,431118.0,75235328.0
2026-08-24 09:35:00+08:00,1.741,1.743,1.732,1.739,1644087.04,285747712.0
2026-08-24 09:40:00+08:00,1.739,1.742,1.721,1.722,1682392.0,291139008.0
2026-08-24 09:45:00+08:00,1.721,1.726,1.711,1.712,2069875.04,355684352.0
2026-08-24 09:50:00+08:00,1.711,1.725,1.71,1.717,1524975.04,262013424.0
2026-08-24 09:55:00+08:00,1.72,1.725,1.712,1.712,966459.04,165986448.0
2026-08-24 10:00:00+08:00,1.712,1.716,1.705,1.707,1371260.0,234644704.0
2026-08-24 10:05:00+08:00,1.707,1.714,1.704,1.711,1046890.0,178879648.0
2026-08-24 10:10:00+08:00,1.71,1.721,1.709,1.72,971116.96,166751280.0
2026-08-24 10:15:00+08:00,1.722,1.722,1.712,1.715,633346.0,108794288.0
2026-08-24 10:20:00+08:00,1.714,1.714,1.708,1.71,565318.0,96671512.0
2026-08-24 10:25:00+08:00,1.71,1.713,1.709,1.711,558592.0,95530832.0
2026-08-24 10:30:00+08:00,1.711,1.716,1.705,1.706,765559.04,130840784.0
2026-08-24 10:35:00+08:00,1.705,1.709,1.705,1.705,627173.0,107021472.0
2026-08-24 10:40:00+08:00,1.705,1.707,1.701,1.702,733195.04,124907072.0
2026-08-24 10:45:00+08:00,1.702,1.705,1.696,1.697,1404280.96,238717632.0
2026-08-24 10:50:00+08:00,1.697,1.7,1.694,1.697,938839.04,159258992.0
2026-08-24 10:55:00+08:00,1.697,1.697,1.691,1.692,886756.0,150241024.0
2026-08-24 11:00:00+08:00,1.692,1.692,1.687,1.688,1275811.04,215490784.0
2026-08-24 11:05:00+08:00,1.687,1.687,1.681,1.681,1096788.96,184716176.0
2026-08-24 11:10:00+08:00,1.682,1.688,1.68,1.686,1350025.92,227161728.0
2026-08-24 11:15:00+08:00,1.687,1.689,1.682,1.688,845160.0,142470464.0
2026-08-24 11:20:00+08:00,1.688,1.695,1.687,1.695,870684.96,147177824.0
2026-08-24 11:25:00+08:00,1.695,1.695,1.685,1.686,664853.0,112263776.0
2026-08-24 11:30:00+08:00,1.688,1.691,1.685,1.689,601077.0,101477160.0
2026-08-24 13:05:00+08:00,1.689,1.69,1.681,1.681,668863.0,112686312.0
2026-08-24 13:10:00+08:00,1.681,1.691,1.681,1.689,617175.0,104073296.0
2026-08-24 13:15:00+08:00,1.688,1.688,1.682,1.683,518418.0,87289216.0
2026-08-24 13:20:00+08:00,1.682,1.683,1.679,1.68,960732.0,161442192.0
2026-08-24 13:25:00+08:00,1.68,1.684,1.678,1.683,381225.0,64066064.0
2026-08-24 13:30:00+08:00,1.684,1.684,1.678,1.679,526480.0,88412464.0
2026-08-24 13:35:00+08:00,1.68,1.681,1.674,1.674,736627.04,123527104.0
2026-08-24 13:40:00+08:00,1.674,1.674,1.67,1.672,921812.0,154062336.0
2026-08-24 13:45:00+08:00,1.672,1.675,1.67,1.673,768102.0,128490832.0
2026-08-24 13:50:00+08:00,1.672,1.673,1.666,1.668,770290.0,128617104.0
2026-08-24 13:55:00+08:00,1.668,1.668,1.662,1.666,783892.0,130523120.0
2026-08-24 14:00:00+08:00,1.666,1.674,1.666,1.668,736562.0,122946888.0
2026-08-24 14:05:00+08:00,1.668,1.675,1.666,1.674,585108.0,97715280.0
2026-08-24 14:10:00+08:00,1.674,1.681,1.671,1.68,861167.04,144249744.0
2026-08-24 14:15:00+08:00,1.681,1.684,1.678,1.68,699888.0,117630904.0
2026-08-24 14:20:00+08:00,1.68,1.682,1.675,1.678,464123.0,77883856.0
2026-08-24 14:25:00+08:00,1.678,1.685,1.677,1.685,507761.0,85402096.0
2026-08-24 14:30:00+08:00,1.685,1.687,1.681,1.682,471164.0,79362680.0
2026-08-24 14:35:00+08:00,1.682,1.683,1.676,1.677,586636.0,98500752.0
2026-08-24 14:40:00+08:00,1.677,1.684,1.677,1.683,406215.0,68265504.0
2026-08-24 14:45:00+08:00,1.682,1.685,1.68,1.682,483587.0,81323720.0
2026-08-24 14:50:00+08:00,1.682,1.69,1.682,1.69,859660.96,145041504.0
2026-08-24 14:55:00+08:00,1.69,1.695,1.69,1.692,978848.0,165678464.0
2026-08-24 15:00:00+08:00,1.692,1.693,1.691,1.691,661923.0,111967024.0
2026-08-25 09:35:00+08:00,1.666,1.682,1.663,1.68,2459905.92,410941824.0
2026-08-25 09:40:00+08:00,1.679,1.679,1.666,1.67,1519531.04,254085088.0
2026-08-25 09:45:00+08:00,1.669,1.67,1.661,1.664,1381926.08,230110704.0
2026-08-25 09:50:00+08:00,1.664,1.664,1.651,1.658,2356054.08,390621536.0
2026-08-25 09:55:00+08:00,1.657,1.678,1.656,1.676,1711776.96,285262656.0
2026-08-25 10:00:00+08:00,1.676,1.688,1.676,1.68,1246583.04,209663216.0
2026-08-25 10:05:00+08:00,1.679,1.69,1.675,1.688,1015475.04,170774128.0
2026-08-25 10:10:00+08:00,1.688,1.692,1.688,1.69,972711.04,164405392.0
2026-08-25 10:15:00+08:00,1.691,1.691,1.685,1.688,544262.0,91859464.0
2026-08-25 10:20:00+08:00,1.688,1.701,1.688,1.694,1235532.96,209556128.0
2026-08-25 10:25:00+08:00,1.693,1.697,1.691,1.696,1019676.0,172821840.0
2026-08-25 10:30:00+08:00,1.696,1.696,1.683,1.685,566114.0,95543424.0
2026-08-25 10:35:00+08:00,1.683,1.686,1.679,1.68,616367.0,103689072.0
2026-08-25 10:40:00+08:00,1.68,1.682,1.676,1.68,681568.0,114402352.0
2026-08-25 10:45:00+08:00,1.681,1.682,1.674,1.675,398233.0,66776924.0
2026-08-25 10:50:00+08:00,1.676,1.679,1.674,1.675,245699.0,41182040.0
2026-08-25 10:55:00+08:00,1.677,1.68,1.675,1.676,256361.0,42995676.0
2026-08-25 11:00:00+08:00,1.678,1.679,1.672,1.672,254105.0,42567684.0
2026-08-25 11:05:00+08:00,1.672,1.677,1.671,1.675,400301.0,67003708.0
2026-08-25 11:10:00+08:00,1.676,1.676,1.67,1.674,318419.0,53271264.0
2026-08-25 11:15:00+08:00,1.673,1.68,1.673,1.678,271426.0,45508864.0
2026-08-25 11:20:00+08:00,1.678,1.678,1.672,1.672,411413.0,68912208.0
2026-08-25 11:25:00+08:00,1.672,1.679,1.67,1.678,311622.0,52137752.0
2026-08-25 11:30:00+08:00,1.679,1.682,1.676,1.681,280785.0,47133148.0
2026-08-25 13:05:00+08:00,1.685,1.699,1.683,1.698,1039168.96,175917440.0
2026-08-25 13:10:00+08:00,1.698,1.706,1.696,1.705,1236728.96,210398880.0
2026-08-25 13:15:00+08:00,1.705,1.71,1.701,1.71,859378.0,146582816.0
2026-08-25 13:20:00+08:00,1.71,1.714,1.702,1.705,1005835.04,171836240.0
2026-08-25 13:25:00+08:00,1.705,1.707,1.701,1.706,684351.04,116622744.0
2026-08-25 13:30:00+08:00,1.706,1.708,1.7,1.7,485128.0,82701192.0
2026-08-25 13:35:00+08:00,1.701,1.702,1.698,1.699,375370.0,63814900.0
2026-08-25 13:40:00+08:00,1.699,1.702,1.698,1.698,371873.0,63229232.0
2026-08-25 13:45:00+08:00,1.699,1.699,1.692,1.694,404115.0,68520792.0
2026-08-25 13:50:00+08:00,1.694,1.696,1.689,1.692,517412.0,87530864.0
2026-08-25 13:55:00+08:00,1.692,1.693,1.69,1.692,294532.0,49800952.0
2026-08-25 14:00:00+08:00,1.692,1.694,1.691,1.691,350819.0,59353072.0
2026-08-25 14:05:00+08:00,1.691,1.697,1.69,1.697,369626.0,62628652.0
2026-08-25 14:10:00+08:00,1.696,1.697,1.694,1.694,238223.0,40397652.0
2026-08-25 14:15:00+08:00,1.694,1.694,1.691,1.694,199395.0,33747716.0
2026-08-25 14:20:00+08:00,1.693,1.696,1.691,1.693,219077.0,37097224.0
2026-08-25 14:25:00+08:00,1.694,1.699,1.694,1.697,360485.0,61171912.0
2026-08-25 14:30:00+08:00,1.696,1.697,1.694,1.695,259578.0,44004636.0
2026-08-25 14:35:00+08:00,1.695,1.702,1.695,1.701,505172.0,85877192.0
2026-08-25 14:40:00+08:00,1.702,1.702,1.697,1.698,323407.0,54944204.0
2026-08-25 14:45:00+08:00,1.698,1.699,1.694,1.694,468415.0,79432304.0
2026-08-25 14:50:00+08:00,1.694,1.696,1.691,1.691,861596.96,145936736.0
2026-08-25 14:55:00+08:00,1.692,1.693,1.691,1.692,1424812.96,241036480.0
2026-08-25 15:00:00+08:00,1.692,1.694,1.692,1.693,632890.0,107131104.0
2026-08-26 09:35:00+08:00,1.694,1.704,1.69,1.703,1970552.96,334170688.0
2026-08-26 09:40:00+08:00,1.703,1.706,1.693,1.7,1426679.04,242569056.0
2026-08-26 09:45:00+08:00,1.7,1.7,1.69,1.695,914734.0,154989024.0
2026-08-26 09:50:00+08:00,1.696,1.707,1.696,1.705,1662766.08,283113760.0
2026-08-26 09:55:00+08:00,1.705,1.705,1.699,1.701,949838.0,161695648.0
2026-08-26 10:00:00+08:00,1.701,1.703,1.695,1.695,810920.0,137801088.0
2026-08-26 10:05:00+08:00,1.694,1.695,1.687,1.694,1074992.0,181796672.0
2026-08-26 10:10:00+08:00,1.694,1.697,1.692,1.692,670312.0,113582616.0
2026-08-26 10:15:00+08:00,1.692,1.7,1.69,1.7,742100.0,125809712.0
2026-08-26 10:20:00+08:00,1.699,1.702,1.698,1.7,567341.0,96469344.0
2026-08-26 10:25:00+08:00,1.7,1.703,1.699,1.7,577229.0,98177008.0
2026-08-26 10:30:00+08:00,1.7,1.701,1.696,1.701,578277.0,98280032.0
2026-08-26 10:35:00+08:00,1.701,1.712,1.7,1.71,1359227.04,232026368.0
2026-08-26 10:40:00+08:00,1.711,1.725,1.711,1.724,1856628.0,318779040.0
2026-08-26 10:45:00+08:00,1.724,1.732,1.724,1.726,2057640.96,355682816.0
2026-08-26 10:50:00+08:00,1.725,1.729,1.723,1.729,1082631.04,186944768.0
2026-08-26 10:55:00+08:00,1.729,1.731,1.722,1.722,950399.04,164231440.0
2026-08-26 11:00:00+08:00,1.722,1.725,1.718,1.722,984470.0,169412816.0
2026-08-26 11:05:00+08:00,1.722,1.722,1.717,1.72,457319.0,78608712.0
2026-08-26 11:10:00+08:00,1.72,1.725,1.72,1.723,353799.0,60952984.0
2026-08-26 11:15:00+08:00,1.723,1.729,1.723,1.726,436295.0,75329272.0
2026-08-26 11:20:00+08:00,1.727,1.731,1.722,1.731,669743.0,115731584.0
2026-08-26 11:25:00+08:00,1.731,1.734,1.728,1.732,858908.96,148727792.0
2026-08-26 11:30:00+08:00,1.732,1.736,1.73,1.731,820558.0,142238976.0
2026-08-26 13:05:00+08:00,1.731,1.734,1.727,1.728,714364.0,123632400.0
2026-08-26 13:10:00+08:00,1.729,1.73,1.723,1.726,334520.0,57749516.0
2026-08-26 13:15:00+08:00,1.727,1.727,1.72,1.723,446297.0,76858192.0
2026-08-26 13:20:00+08:00,1.724,1.725,1.72,1.721,479735.0,82618168.0
2026-08-26 13:25:00+08:00,1.722,1.724,1.718,1.72,367348.0,63193644.0
2026-08-26 13:30:00+08:00,1.72,1.722,1.72,1.722,234474.0,40363528.0
2026-08-26 13:35:00+08:00,1.721,1.727,1.721,1.721,411554.0,70936256.0
2026-08-26 13:40:00+08:00,1.722,1.722,1.718,1.719,365190.0,62783736.0
2026-08-26 13:45:00+08:00,1.718,1.721,1.718,1.721,302231.0,51960080.0
2026-08-26 13:50:00+08:00,1.721,1.724,1.72,1.723,405813.0,69896984.0
2026-08-26 13:55:00+08:00,1.723,1.726,1.721,1.722,352784.0,60806716.0
2026-08-26 14:00:00+08:00,1.722,1.726,1.72,1.72,382706.0,65958440.0
2026-08-26 14:05:00+08:00,1.721,1.721,1.718,1.72,255897.0,44008496.0
2026-08-26 14:10:00+08:00,1.719,1.719,1.715,1.715,443742.0,76193800.0
2026-08-26 14:15:00+08:00,1.715,1.722,1.715,1.722,345353.0,59347836.0
2026-08-26 14:20:00+08:00,1.722,1.723,1.719,1.719,333721.0,57436252.0
2026-08-26 14:25:00+08:00,1.719,1.722,1.718,1.72,174074.0,29950368.0
2026-08-26 14:30:00+08:00,1.72,1.725,1.719,1.724,519955.0,89582304.0
2026-08-26 14:35:00+08:00,1.723,1.727,1.723,1.725,620088.0,107013024.0
2026-08-26 14:40:00+08:00,1.725,1.725,1.721,1.723,357871.0,61680760.0
2026-08-26 14:45:00+08:00,1.724,1.725,1.722,1.723,644873.0,111166440.0
2026-08-26 14:50:00+08:00,1.723,1.724,1.721,1.722,657949.0,113328624.0
2026-08-26 14:55:00+08:00,1.723,1.724,1.722,1.723,718615.04,123811280.0
2026-08-26 15:00:00+08:00,1.723,1.723,1.721,1.721,646107.0,111256112.0
2026-08-27 09:35:00+08:00,1.73,1.75,1.73,1.743,2789415.04,486060192.0
2026-08-27 09:40:00+08:00,1.743,1.743,1.734,1.738,1422592.0,247327040.0
2026-08-27 09:45:00+08:00,1.738,1.738,1.727,1.737,1225935.04,212323840.0
2026-08-27 09:50:00+08:00,1.737,1.745,1.735,1.745,846418.0,147291696.0
2026-08-27 09:55:00+08:00,1.745,1.748,1.742,1.745,874559.04,152663216.0
2026-08-27 10:00:00+08:00,1.744,1.749,1.74,1.741,907143.04,158392448.0
2026-08-27 10:05:00+08:00,1.741,1.752,1.74,1.749,1368574.08,239315648.0
2026-08-27 10:10:00+08:00,1.749,1.752,1.746,1.75,603396.0,105566360.0
2026-08-27 10:15:00+08:00,1.751,1.758,1.75,1.757,958203.04,168135904.0
2026-08-27 10:20:00+08:00,1.757,1.76,1.754,1.755,875174.0,153814672.0
2026-08-27 10:25:00+08:00,1.753,1.757,1.749,1.751,608309.0,106587024.0
2026-08-27 10:30:00+08:00,1.751,1.756,1.751,1.753,393929.0,69056736.0
2026-08-27 10:35:00+08:00,1.753,1.757,1.75,1.756,452800.0,79343456.0
2026-08-27 10:40:00+08:00,1.756,1.764,1.756,1.762,1001679.04,176234176.0
2026-08-27 10:45:00+08:00,1.763,1.767,1.76,1.766,813060.0,143410816.0
2026-08-27 10:50:00+08:00,1.766,1.771,1.764,1.77,1005448.0,177770320.0
2026-08-27 10:55:00+08:00,1.77,1.775,1.77,1.771,865506.0,153397856.0
2026-08-27 11:00:00+08:00,1.771,1.775,1.77,1.772,824467.04,146116928.0
2026-08-27 11:05:00+08:00,1.772,1.772,1.768,1.77,728052.0,128855864.0
2026-08-27 11:10:00+08:00,1.771,1.774,1.767,1.768,631790.0,111949440.0
2026-08-27 11:15:00+08:00,1.768,1.775,1.767,1.774,512494.0,90726800.0
2026-08-27 11:20:00+08:00,1.775,1.778,1.773,1.777,830634.0,147482848.0
2026-08-27 11:25:00+08:00,1.778,1.781,1.777,1.78,780223.04,138812832.0
2026-08-27 11:30:00+08:00,1.78,1.784,1.78,1.78,680208.0,121200080.0
2026-08-27 13:05:00+08:00,1.78,1.78,1.775,1.775,779166.0,138589136.0
2026-08-27 13:10:00+08:00,1.776,1.78,1.773,1.775,464492.0,82534440.0
2026-08-27 13:15:00+08:00,1.774,1.777,1.77,1.776,413360.0,73310640.0
2026-08-27 13:20:00+08:00,1.776,1.777,1.767,1.767,460461.0,81515896.0
2026-08-27 13:25:00+08:00,1.768,1.771,1.765,1.771,558572.0,98737312.0
2026-08-27 13:30:00+08:00,1.77,1.772,1.765,1.766,463800.0,82017712.0
2026-08-27 13:35:00+08:00,1.767,1.767,1.763,1.766,476128.0,84049592.0
2026-08-27 13:40:00+08:00,1.766,1.769,1.763,1.765,355229.0,62746228.0
2026-08-27 13:45:00+08:00,1.766,1.77,1.764,1.77,372994.0,65912652.0
2026-08-27 13:50:00+08:00,1.771,1.775,1.77,1.774,312049.0,55325680.0
2026-08-27 13:55:00+08:00,1.774,1.774,1.767,1.769,232375.0,41160272.0
2026-08-27 14:00:00+08:00,1.769,1.77,1.767,1.769,175576.0,31043900.0
2026-08-27 14:05:00+08:00,1.77,1.773,1.769,1.773,265672.0,47032776.0
2026-08-27 14:10:00+08:00,1.773,1.774,1.771,1.771,230504.0,40866672.0
2026-08-27 14:15:00+08:00,1.772,1.773,1.77,1.772,191759.0,33966236.0
2026-08-27 14:20:00+08:00,1.772,1.776,1.772,1.775,348477.0,61829136.0
2026-08-27 14:25:00+08:00,1.775,1.777,1.774,1.777,353701.0,62798500.0
2026-08-27 14:30:00+08:00,1.777,1.781,1.776,1.781,693703.04,123444960.0
2026-08-27 14:35:00+08:00,1.781,1.783,1.78,1.783,735976.96,131131184.0
2026-08-27 14:40:00+08:00,1.784,1.786,1.781,1.785,1004291.04,179148096.0
2026-08-27 14:45:00+08:00,1.785,1.789,1.784,1.788,808723.04,144453904.0
2026-08-27 14:50:00+08:00,1.789,1.791,1.788,1.788,1218556.96,218033472.0
2026-08-27 14:55:00+08:00,1.788,1.788,1.786,1.787,1264416.96,225979472.0
2026-08-27 15:00:00+08:00,1.787,1.788,1.786,1.788,896928.96,160332928.0
2026-08-28 09:35:00+08:00,1.781,1.798,1.776,1.797,2014215.04,359832736.0
2026-08-28 09:40:00+08:00,1.797,1.803,1.796,1.796,1739136.96,312845024.0
2026-08-28 09:45:00+08:00,1.795,1.797,1.789,1.797,1215968.96,218034032.0
2026-08-28 09:50:00+08:00,1.798,1.804,1.796,1.803,1084342.0,195171552.0
2026-08-28 09:55:00+08:00,1.805,1.807,1.799,1.799,1009156.96,182016224.0
2026-08-28 10:00:00+08:00,1.798,1.807,1.798,1.804,783204.0,141283888.0
2026-08-28 10:05:00+08:00,1.804,1.806,1.799,1.8,1025259.04,184831792.0
2026-08-28 10:10:00+08:00,1.8,1.8,1.794,1.794,902743.04,162263904.0
2026-08-28 10:15:00+08:00,1.794,1.794,1.789,1.793,821374.0,147171296.0
2026-08-28 10:20:00+08:00,1.792,1.795,1.789,1.79,550211.0,98624952.0
2026-08-28 10:25:00+08:00,1.79,1.799,1.79,1.791,389384.0,69872576.0
2026-08-28 10:30:00+08:00,1.792,1.794,1.788,1.79,435035.0,77908856.0
2026-08-28 10:35:00+08:00,1.79,1.79,1.783,1.787,610520.0,109001304.0
2026-08-28 10:40:00+08:00,1.787,1.788,1.779,1.781,547733.0,97597112.0
2026-08-28 10:45:00+08:00,1.781,1.784,1.779,1.781,467893.0,83335608.0
2026-08-28 10:50:00+08:00,1.781,1.781,1.772,1.774,778352.96,138285968.0
2026-08-28 10:55:00+08:00,1.774,1.777,1.768,1.771,911999.04,161619136.0
2026-08-28 11:00:00+08:00,1.772,1.779,1.771,1.774,589513.0,104683512.0
2026-08-28 11:05:00+08:00,1.774,1.78,1.773,1.777,277341.0,49295828.0
2026-08-28 11:10:00+08:00,1.777,1.777,1.77,1.77,296103.0,52515680.0
2026-08-28 11:15:00+08:00,1.771,1.774,1.77,1.771,301028.0,53345384.0
2026-08-28 11:20:00+08:00,1.77,1.778,1.77,1.777,375554.0,66687576.0
2026-08-28 11:25:00+08:00,1.777,1.777,1.771,1.772,279838.0,49654888.0
2026-08-28 11:30:00+08:00,1.772,1.776,1.77,1.775,195551.0,34666136.0
2026-08-28 13:05:00+08:00,1.775,1.775,1.767,1.771,630980.0,111672040.0
2026-08-28 13:10:00+08:00,1.77,1.773,1.768,1.769,352291.0,62352440.0
2026-08-28 13:15:00+08:00,1.769,1.77,1.766,1.77,481192.0,85037536.0
2026-08-28 13:20:00+08:00,1.77,1.778,1.77,1.777,345298.0,61270812.0
2026-08-28 13:25:00+08:00,1.777,1.777,1.768,1.769,334610.0,59259280.0
2026-08-28 13:30:00+08:00,1.768,1.771,1.768,1.771,262322.0,46414812.0
2026-08-28 13:35:00+08:00,1.771,1.771,1.765,1.766,385184.0,68088000.0
2026-08-28 13:40:00+08:00,1.766,1.766,1.761,1.765,451793.0,79693464.0
2026-08-28 13:45:00+08:00,1.765,1.765,1.762,1.764,252224.0,44473752.0
2026-08-28 13:50:00+08:00,1.764,1.764,1.762,1.764,267476.0,47157528.0
2026-08-28 13:55:00+08:00,1.764,1.769,1.764,1.769,369809.0,65330752.0
2026-08-28 14:00:00+08:00,1.768,1.77,1.763,1.763,251495.0,44420284.0
2026-08-28 14:05:00+08:00,1.763,1.766,1.762,1.766,187994.0,33140662.0
2026-08-28 14:10:00+08:00,1.765,1.766,1.762,1.764,260556.0,45965992.0
2026-08-28 14:15:00+08:00,1.764,1.768,1.764,1.768,256071.0,45224904.0
2026-08-28 14:20:00+08:00,1.768,1.768,1.763,1.765,379985.0,67064992.0
2026-08-28 14:25:00+08:00,1.765,1.765,1.762,1.763,274595.0,48422808.0
2026-08-28 14:30:00+08:00,1.763,1.765,1.761,1.764,472164.0,83226728.0
2026-08-28 14:35:00+08:00,1.764,1.767,1.764,1.764,234029.0,41309640.0
2026-08-28 14:40:00+08:00,1.765,1.765,1.763,1.764,279308.0,49272420.0
2026-08-28 14:45:00+08:00,1.763,1.764,1.76,1.761,748420.0,131830056.0
2026-08-28 14:50:00+08:00,1.761,1.761,1.757,1.758,834696.96,146862912.0
2026-08-28 14:55:00+08:00,1.758,1.758,1.754,1.755,958100.0,168220320.0
2026-08-28 15:00:00+08:00,1.755,1.756,1.754,1.756,665375.0,116807488.0
